[13Sep2026 20:57:52.084] [main/INFO] [cpw.mods.modlauncher.Launcher/MODLAUNCHER]: ModLauncher running: args [--launchTarget, forgeserver, --fml.forgeVersion, 47.3.7, --fml.mcVersion, 1.20.1, --fml.forgeGroup, net.minecraftforge, --fml.mcpVersion, 20230612.114412, nogui]
[13Sep2026 20:57:52.089] [main/INFO] [cpw.mods.modlauncher.Launcher/MODLAUNCHER]: ModLauncher 10.0.9+10.0.9+main.dcd20f30 starting: java version 17.0.19 by Ubuntu; OS Linux arch amd64 version 6.8.0-1064-azure
[13Sep2026 20:57:52.121] [main/DEBUG] [cpw.mods.modlauncher.LaunchServiceHandler/MODLAUNCHER]: Found launch services [fmlclientdev,forgeclient,minecraft,forgegametestserverdev,fmlserveruserdev,fmlclient,fmldatauserdev,forgeserverdev,forgeserveruserdev,forgeclientdev,forgeclientuserdev,forgeserver,forgedatadev,fmlserver,fmlclientuserdev,fmlserverdev,forgedatauserdev,testharness,forgegametestserveruserdev]
[13Sep2026 20:57:52.139] [main/DEBUG] [cpw.mods.modlauncher.NameMappingServiceHandler/MODLAUNCHER]: Found naming services : [srgtomcp]
[13Sep2026 20:57:52.153] [main/DEBUG] [cpw.mods.modlauncher.LaunchPluginHandler/MODLAUNCHER]: Found launch plugins: [mixin,eventbus,slf4jfixer,object_holder_definalize,runtime_enum_extender,capability_token_subclass,accesstransformer,runtimedistcleaner]
[13Sep2026 20:57:52.166] [main/DEBUG] [cpw.mods.modlauncher.TransformationServicesHandler/MODLAUNCHER]: Discovering transformation services
[13Sep2026 20:57:52.172] [main/DEBUG] [net.minecraftforge.fml.loading.FMLPaths/CORE]: Path GAMEDIR is /workspaces/PatataServer/servidor_minecraft
[13Sep2026 20:57:52.172] [main/DEBUG] [net.minecraftforge.fml.loading.FMLPaths/CORE]: Path MODSDIR is /workspaces/PatataServer/servidor_minecraft/mods
[13Sep2026 20:57:52.173] [main/DEBUG] [net.minecraftforge.fml.loading.FMLPaths/CORE]: Path CONFIGDIR is /workspaces/PatataServer/servidor_minecraft/config
[13Sep2026 20:57:52.173] [main/DEBUG] [net.minecraftforge.fml.loading.FMLPaths/CORE]: Path FMLCONFIG is /workspaces/PatataServer/servidor_minecraft/config/fml.toml
[13Sep2026 20:57:53.005] [main/DEBUG] [cpw.mods.modlauncher.TransformationServicesHandler/MODLAUNCHER]: Found additional transformation services from discovery services: 
[13Sep2026 20:57:53.015] [main/INFO] [net.minecraftforge.fml.loading.ImmediateWindowHandler/]: ImmediateWindowProvider not loading because launch target is forgeserver
[13Sep2026 20:57:53.027] [main/DEBUG] [cpw.mods.modlauncher.TransformationServicesHandler/MODLAUNCHER]: Found transformer services : [mixin,fml]
[13Sep2026 20:57:53.027] [main/DEBUG] [cpw.mods.modlauncher.TransformationServicesHandler/MODLAUNCHER]: Transformation services loading
[13Sep2026 20:57:53.028] [main/DEBUG] [cpw.mods.modlauncher.TransformationServiceDecorator/MODLAUNCHER]: Loading service mixin
[13Sep2026 20:57:53.028] [main/DEBUG] [cpw.mods.modlauncher.TransformationServiceDecorator/MODLAUNCHER]: Loaded service mixin
[13Sep2026 20:57:53.028] [main/DEBUG] [cpw.mods.modlauncher.TransformationServiceDecorator/MODLAUNCHER]: Loading service fml
[13Sep2026 20:57:53.031] [main/DEBUG] [net.minecraftforge.fml.loading.LauncherVersion/CORE]: Found FMLLauncher version 1.0
[13Sep2026 20:57:53.031] [main/DEBUG] [net.minecraftforge.fml.loading.FMLLoader/CORE]: FML 1.0 loading
[13Sep2026 20:57:53.032] [main/DEBUG] [net.minecraftforge.fml.loading.FMLLoader/CORE]: FML found ModLauncher version : 10.0.9+10.0.9+main.dcd20f30
[13Sep2026 20:57:53.032] [main/DEBUG] [net.minecraftforge.fml.loading.FMLLoader/CORE]: FML found AccessTransformer version : 8.0.4+66+master.c09db6d7
[13Sep2026 20:57:53.032] [main/DEBUG] [net.minecraftforge.fml.loading.FMLLoader/CORE]: FML found EventBus version : 6.0.5+6.0.5+master.eb8e549b
[13Sep2026 20:57:53.033] [main/DEBUG] [net.minecraftforge.fml.loading.FMLLoader/CORE]: Found Runtime Dist Cleaner
[13Sep2026 20:57:53.036] [main/DEBUG] [net.minecraftforge.fml.loading.FMLLoader/CORE]: FML found CoreMod version : 5.1.6
[13Sep2026 20:57:53.036] [main/DEBUG] [net.minecraftforge.fml.loading.FMLLoader/CORE]: Found ForgeSPI package implementation version 7.0.1+7.0.1+master.d2b38bf6
[13Sep2026 20:57:53.036] [main/DEBUG] [net.minecraftforge.fml.loading.FMLLoader/CORE]: Found ForgeSPI package specification 5
[13Sep2026 20:57:53.036] [main/DEBUG] [cpw.mods.modlauncher.TransformationServiceDecorator/MODLAUNCHER]: Loaded service fml
[13Sep2026 20:57:53.037] [main/DEBUG] [cpw.mods.modlauncher.TransformationServicesHandler/MODLAUNCHER]: Configuring option handling for services
[13Sep2026 20:57:53.049] [main/DEBUG] [cpw.mods.modlauncher.TransformationServicesHandler/MODLAUNCHER]: Transformation services initializing
[13Sep2026 20:57:53.050] [main/DEBUG] [cpw.mods.modlauncher.TransformationServiceDecorator/MODLAUNCHER]: Initializing transformation service mixin
[13Sep2026 20:57:53.069] [main/DEBUG] [mixin/]: MixinService [ModLauncher] was successfully booted in cpw.mods.cl.ModuleClassLoader@77ec78b9
[13Sep2026 20:57:53.096] [main/INFO] [mixin/]: SpongePowered MIXIN Subsystem Version=0.8.5 Source=union:/workspaces/PatataServer/servidor_minecraft/libraries/org/spongepowered/mixin/0.8.5/mixin-0.8.5.jar%2365!/ Service=ModLauncher Env=SERVER
[13Sep2026 20:57:53.102] [main/DEBUG] [mixin/]: Initialising Mixin Platform Manager
[13Sep2026 20:57:53.104] [main/DEBUG] [mixin/]: Adding mixin platform agents for container ModLauncher Root Container(ModLauncher:4f56a0a2)
[13Sep2026 20:57:53.105] [main/DEBUG] [mixin/]: Instancing new MixinPlatformAgentMinecraftForge for ModLauncher Root Container(ModLauncher:4f56a0a2)
[13Sep2026 20:57:53.106] [main/DEBUG] [mixin/]: MixinPlatformAgentMinecraftForge rejected container ModLauncher Root Container(ModLauncher:4f56a0a2)
[13Sep2026 20:57:53.109] [main/DEBUG] [mixin/]: Instancing new MixinPlatformAgentDefault for ModLauncher Root Container(ModLauncher:4f56a0a2)
[13Sep2026 20:57:53.109] [main/DEBUG] [mixin/]: MixinPlatformAgentDefault accepted container ModLauncher Root Container(ModLauncher:4f56a0a2)
[13Sep2026 20:57:53.112] [main/DEBUG] [cpw.mods.modlauncher.TransformationServiceDecorator/MODLAUNCHER]: Initialized transformation service mixin
[13Sep2026 20:57:53.112] [main/DEBUG] [cpw.mods.modlauncher.TransformationServiceDecorator/MODLAUNCHER]: Initializing transformation service fml
[13Sep2026 20:57:53.112] [main/DEBUG] [net.minecraftforge.fml.loading.FMLServiceProvider/CORE]: Setting up basic FML game directories
[13Sep2026 20:57:53.113] [main/DEBUG] [net.minecraftforge.fml.loading.FMLPaths/CORE]: Path GAMEDIR is /workspaces/PatataServer/servidor_minecraft
[13Sep2026 20:57:53.114] [main/DEBUG] [net.minecraftforge.fml.loading.FMLPaths/CORE]: Path MODSDIR is /workspaces/PatataServer/servidor_minecraft/mods
[13Sep2026 20:57:53.114] [main/DEBUG] [net.minecraftforge.fml.loading.FMLPaths/CORE]: Path CONFIGDIR is /workspaces/PatataServer/servidor_minecraft/config
[13Sep2026 20:57:53.114] [main/DEBUG] [net.minecraftforge.fml.loading.FMLPaths/CORE]: Path FMLCONFIG is /workspaces/PatataServer/servidor_minecraft/config/fml.toml
[13Sep2026 20:57:53.115] [main/DEBUG] [net.minecraftforge.fml.loading.FMLServiceProvider/CORE]: Loading configuration
[13Sep2026 20:57:53.123] [main/DEBUG] [net.minecraftforge.fml.loading.FMLServiceProvider/CORE]: Preparing ModFile
[13Sep2026 20:57:53.131] [main/DEBUG] [net.minecraftforge.fml.loading.FMLServiceProvider/CORE]: Preparing launch handler
[13Sep2026 20:57:53.133] [main/DEBUG] [net.minecraftforge.fml.loading.FMLLoader/CORE]: Using forgeserver as launch service
[13Sep2026 20:57:53.159] [main/DEBUG] [net.minecraftforge.fml.loading.FMLLoader/CORE]: Received command line version data  : VersionInfo[forgeVersion=47.3.7, mcVersion=1.20.1, mcpVersion=20230612.114412, forgeGroup=net.minecraftforge]
[13Sep2026 20:57:53.161] [main/DEBUG] [cpw.mods.modlauncher.TransformationServiceDecorator/MODLAUNCHER]: Initialized transformation service fml
[13Sep2026 20:57:53.161] [main/DEBUG] [cpw.mods.modlauncher.NameMappingServiceHandler/MODLAUNCHER]: Current naming domain is 'srg'
[13Sep2026 20:57:53.162] [main/DEBUG] [cpw.mods.modlauncher.NameMappingServiceHandler/MODLAUNCHER]: Identified name mapping providers {}
[13Sep2026 20:57:53.162] [main/DEBUG] [cpw.mods.modlauncher.TransformationServicesHandler/MODLAUNCHER]: Transformation services begin scanning
[13Sep2026 20:57:53.165] [main/DEBUG] [cpw.mods.modlauncher.TransformationServiceDecorator/MODLAUNCHER]: Beginning scan trigger - transformation service mixin
[13Sep2026 20:57:53.165] [main/DEBUG] [cpw.mods.modlauncher.TransformationServiceDecorator/MODLAUNCHER]: End scan trigger - transformation service mixin
[13Sep2026 20:57:53.166] [main/DEBUG] [cpw.mods.modlauncher.TransformationServiceDecorator/MODLAUNCHER]: Beginning scan trigger - transformation service fml
[13Sep2026 20:57:53.166] [main/DEBUG] [net.minecraftforge.fml.loading.FMLServiceProvider/CORE]: Initiating mod scan
[13Sep2026 20:57:53.180] [main/DEBUG] [net.minecraftforge.fml.loading.moddiscovery.ModListHandler/CORE]: Found mod coordinates from lists: []
[13Sep2026 20:57:53.185] [main/DEBUG] [net.minecraftforge.fml.loading.moddiscovery.ModDiscoverer/CORE]: Found Mod Locators : (mods folder:null),(maven libs:null),(exploded directory:null),(minecraft:null),(userdev classpath:null)
[13Sep2026 20:57:53.186] [main/DEBUG] [net.minecraftforge.fml.loading.moddiscovery.ModDiscoverer/CORE]: Found Dependency Locators : (JarInJar:null)
[13Sep2026 20:57:53.200] [main/DEBUG] [net.minecraftforge.fml.loading.moddiscovery.ModFileParser/LOADING]: Considering mod file candidate /workspaces/PatataServer/servidor_minecraft/mods/aaa_particles-1.20.1-1.4.11-forge.jar
[13Sep2026 20:57:53.254] [main/DEBUG] [net.minecraftforge.fml.loading.moddiscovery.ModFileInfo/LOADING]: Found valid mod file aaa_particles-1.20.1-1.4.11-forge.jar with {aaa_particles} mods - versions {1.20.1-1.4.11}
[13Sep2026 20:57:53.255] [main/DEBUG] [net.minecraftforge.fml.loading.moddiscovery.ModFileParser/LOADING]: Considering mod file candidate /workspaces/PatataServer/servidor_minecraft/mods/AI-Improvements-1.20-0.5.2.jar
[13Sep2026 20:57:53.259] [main/DEBUG] [net.minecraftforge.fml.loading.moddiscovery.ModFileInfo/LOADING]: Found valid mod file AI-Improvements-1.20-0.5.2.jar with {aiimprovements} mods - versions {0.5.2}
[13Sep2026 20:57:53.259] [main/DEBUG] [net.minecraftforge.fml.loading.moddiscovery.ModFileParser/LOADING]: Considering mod file candidate /workspaces/PatataServer/servidor_minecraft/mods/almirion_utilities-1.0.1.jar
[13Sep2026 20:57:53.261] [main/DEBUG] [net.minecraftforge.fml.loading.moddiscovery.ModFileInfo/LOADING]: Found valid mod file almirion_utilities-1.0.1.jar with {almirion_utilities} mods - versions {1.0.1}
[13Sep2026 20:57:53.261] [main/DEBUG] [net.minecraftforge.fml.loading.moddiscovery.ModFileParser/LOADING]: Considering mod file candidate /workspaces/PatataServer/servidor_minecraft/mods/almirionapi-1.0.0.jar
[13Sep2026 20:57:53.265] [main/DEBUG] [net.minecraftforge.fml.loading.moddiscovery.ModFileInfo/LOADING]: Found valid mod file almirionapi-1.0.0.jar with {almirionapi} mods - versions {1.0.0}
[13Sep2026 20:57:53.265] [main/DEBUG] [net.minecraftforge.fml.loading.moddiscovery.ModFileParser/LOADING]: Considering mod file candidate /workspaces/PatataServer/servidor_minecraft/mods/almirioncore-1.0.0.jar
[13Sep2026 20:57:53.266] [main/DEBUG] [net.minecraftforge.fml.loading.moddiscovery.ModFileInfo/LOADING]: Found valid mod file almirioncore-1.0.0.jar with {almirioncore} mods - versions {1.0.0}
[13Sep2026 20:57:53.268] [main/DEBUG] [net.minecraftforge.fml.loading.moddiscovery.ModFileParser/LOADING]: Considering mod file candidate /workspaces/PatataServer/servidor_minecraft/mods/almplaceholderfix-1.0.1.jar
[13Sep2026 20:57:53.269] [main/DEBUG] [net.minecraftforge.fml.loading.moddiscovery.ModFileInfo/LOADING]: Found valid mod file almplaceholderfix-1.0.1.jar with {almplaceholderfix} mods - versions {1.0.0}
[13Sep2026 20:57:53.270] [main/DEBUG] [net.minecraftforge.fml.loading.moddiscovery.ModFileParser/LOADING]: Considering mod file candidate /workspaces/PatataServer/servidor_minecraft/mods/AmbientSounds_FORGE_v6.3.8_mc1.20.1.jar
[13Sep2026 20:57:53.274] [main/DEBUG] [net.minecraftforge.fml.loading.moddiscovery.ModFileInfo/LOADING]: Found valid mod file AmbientSounds_FORGE_v6.3.8_mc1.20.1.jar with {ambientsounds} mods - versions {6.3.8}
[13Sep2026 20:57:53.275] [main/DEBUG] [net.minecraftforge.fml.loading.moddiscovery.ModFileParser/LOADING]: Considering mod file candidate /workspaces/PatataServer/servidor_minecraft/mods/architectury-9.2.14-forge.jar
[13Sep2026 20:57:53.276] [main/DEBUG] [net.minecraftforge.fml.loading.moddiscovery.ModFileInfo/LOADING]: Found valid mod file architectury-9.2.14-forge.jar with {architectury} mods - versions {9.2.14}
[13Sep2026 20:57:53.281] [main/DEBUG] [net.minecraftforge.fml.loading.moddiscovery.ModFileParser/LOADING]: Considering mod file candidate /workspaces/PatataServer/servidor_minecraft/mods/AttributeFix-Forge-1.20.1-21.0.5.jar
[13Sep2026 20:57:53.282] [main/DEBUG] [net.minecraftforge.fml.loading.moddiscovery.ModFileInfo/LOADING]: Found valid mod file AttributeFix-Forge-1.20.1-21.0.5.jar with {attributefix} mods - versions {21.0.5}
[13Sep2026 20:57:53.282] [main/DEBUG] [net.minecraftforge.fml.loading.moddiscovery.ModFileParser/LOADING]: Considering mod file candidate /workspaces/PatataServer/servidor_minecraft/mods/BadMobs-1.20.1-19.0.4.jar
[13Sep2026 20:57:53.283] [main/DEBUG] [net.minecraftforge.fml.loading.moddiscovery.ModFileInfo/LOADING]: Found valid mod file BadMobs-1.20.1-19.0.4.jar with {badmobs} mods - versions {19.0.4}
[13Sep2026 20:57:53.284] [main/DEBUG] [net.minecraftforge.fml.loading.moddiscovery.ModFileParser/LOADING]: Considering mod file candidate /workspaces/PatataServer/servidor_minecraft/mods/balm-forge-1.20.1-7.3.42.jar
[13Sep2026 20:57:53.286] [main/DEBUG] [net.minecraftforge.fml.loading.moddiscovery.ModFileInfo/LOADING]: Found valid mod file balm-forge-1.20.1-7.3.42.jar with {balm} mods - versions {7.3.42}
[13Sep2026 20:57:53.286] [main/DEBUG] [net.minecraftforge.fml.loading.moddiscovery.ModFileParser/LOADING]: Considering mod file candidate /workspaces/PatataServer/servidor_minecraft/mods/BetterAdvancements-Forge-1.20.1-0.6.0.73.jar
[13Sep2026 20:57:53.288] [main/DEBUG] [net.minecraftforge.fml.loading.moddiscovery.ModFileInfo/LOADING]: Found valid mod file BetterAdvancements-Forge-1.20.1-0.6.0.73.jar with {betteradvancements} mods - versions {0.6.0.73}
[13Sep2026 20:57:53.289] [main/DEBUG] [net.minecraftforge.fml.loading.moddiscovery.ModFileParser/LOADING]: Considering mod file candidate /workspaces/PatataServer/servidor_minecraft/mods/BindingVowV14.jar
[13Sep2026 20:57:53.290] [main/DEBUG] [net.minecraftforge.fml.loading.moddiscovery.ModFileInfo/LOADING]: Found valid mod file BindingVowV14.jar with {bindingvow} mods - versions {14}
[13Sep2026 20:57:53.291] [main/DEBUG] [net.minecraftforge.fml.loading.moddiscovery.ModFileParser/LOADING]: Considering mod file candidate /workspaces/PatataServer/servidor_minecraft/mods/bobby-1.20.1_v5.0.1.jar
[13Sep2026 20:57:53.292] [main/DEBUG] [net.minecraftforge.fml.loading.moddiscovery.ModFileInfo/LOADING]: Found valid mod file bobby-1.20.1_v5.0.1.jar with {bobby} mods - versions {5.0.0}
[13Sep2026 20:57:53.293] [main/DEBUG] [net.minecraftforge.fml.loading.moddiscovery.ModFileParser/LOADING]: Considering mod file candidate /workspaces/PatataServer/servidor_minecraft/mods/chloride-FORGE-mc1.20.1-v1.8.1.jar
[13Sep2026 20:57:53.294] [main/DEBUG] [net.minecraftforge.fml.loading.moddiscovery.ModFileInfo/LOADING]: Found valid mod file chloride-FORGE-mc1.20.1-v1.8.1.jar with {chloride} mods - versions {1.8.1}
[13Sep2026 20:57:53.298] [main/DEBUG] [net.minecraftforge.fml.loading.moddiscovery.ModFileParser/LOADING]: Considering mod file candidate /workspaces/PatataServer/servidor_minecraft/mods/Chunky-1.3.146.jar
[13Sep2026 20:57:53.298] [main/DEBUG] [net.minecraftforge.fml.loading.moddiscovery.ModFileInfo/LOADING]: Found valid mod file Chunky-1.3.146.jar with {chunky} mods - versions {1.3.146}
[13Sep2026 20:57:53.299] [main/DEBUG] [net.minecraftforge.fml.loading.moddiscovery.ModFileParser/LOADING]: Considering mod file candidate /workspaces/PatataServer/servidor_minecraft/mods/clearlagplus-1.1.0.jar
[13Sep2026 20:57:53.301] [main/DEBUG] [net.minecraftforge.fml.loading.moddiscovery.ModFileInfo/LOADING]: Found valid mod file clearlagplus-1.1.0.jar with {clearlagplus} mods - versions {1.0.1}
[13Sep2026 20:57:53.302] [main/DEBUG] [net.minecraftforge.fml.loading.moddiscovery.ModFileParser/LOADING]: Considering mod file candidate /workspaces/PatataServer/servidor_minecraft/mods/cloth-config-11.1.136-forge.jar
[13Sep2026 20:57:53.303] [main/DEBUG] [net.minecraftforge.fml.loading.moddiscovery.ModFileInfo/LOADING]: Found valid mod file cloth-config-11.1.136-forge.jar with {cloth_config} mods - versions {11.1.136}
[13Sep2026 20:57:53.304] [main/DEBUG] [net.minecraftforge.fml.loading.moddiscovery.ModFileParser/LOADING]: Considering mod file candidate /workspaces/PatataServer/servidor_minecraft/mods/Clumps-forge-1.20.1-12.0.0.4.jar
[13Sep2026 20:57:53.305] [main/DEBUG] [net.minecraftforge.fml.loading.moddiscovery.ModFileInfo/LOADING]: Found valid mod file Clumps-forge-1.20.1-12.0.0.4.jar with {clumps} mods - versions {12.0.0.4}
[13Sep2026 20:57:53.305] [main/DEBUG] [net.minecraftforge.fml.loading.moddiscovery.ModFileParser/LOADING]: Considering mod file candidate /workspaces/PatataServer/servidor_minecraft/mods/connectivity-1.20.1-7.6.jar
[13Sep2026 20:57:53.307] [main/DEBUG] [net.minecraftforge.fml.loading.moddiscovery.ModFileInfo/LOADING]: Found valid mod file connectivity-1.20.1-7.6.jar with {connectivity} mods - versions {1.20.1-7.6}
[13Sep2026 20:57:53.307] [main/DEBUG] [net.minecraftforge.fml.loading.moddiscovery.ModFileParser/LOADING]: Considering mod file candidate /workspaces/PatataServer/servidor_minecraft/mods/Controlling-forge-1.20.1-12.0.2.jar
[13Sep2026 20:57:53.308] [main/DEBUG] [net.minecraftforge.fml.loading.moddiscovery.ModFileInfo/LOADING]: Found valid mod file Controlling-forge-1.20.1-12.0.2.jar with {controlling} mods - versions {12.0.2}
[13Sep2026 20:57:53.310] [main/DEBUG] [net.minecraftforge.fml.loading.moddiscovery.ModFileParser/LOADING]: Considering mod file candidate /workspaces/PatataServer/servidor_minecraft/mods/CreativeCore_FORGE_v2.12.39_mc1.20.1.jar
[13Sep2026 20:57:53.310] [main/DEBUG] [net.minecraftforge.fml.loading.moddiscovery.ModFileInfo/LOADING]: Found valid mod file CreativeCore_FORGE_v2.12.39_mc1.20.1.jar with {creativecore} mods - versions {2.12.39}
[13Sep2026 20:57:53.311] [main/DEBUG] [net.minecraftforge.fml.loading.moddiscovery.ModFileParser/LOADING]: Considering mod file candidate /workspaces/PatataServer/servidor_minecraft/mods/cupboard-1.20.1-4.1.jar
[13Sep2026 20:57:53.312] [main/DEBUG] [net.minecraftforge.fml.loading.moddiscovery.ModFileInfo/LOADING]: Found valid mod file cupboard-1.20.1-4.1.jar with {cupboard} mods - versions {1.20.1-4.1}
[13Sep2026 20:57:53.313] [main/DEBUG] [net.minecraftforge.fml.loading.moddiscovery.ModFileParser/LOADING]: Considering mod file candidate /workspaces/PatataServer/servidor_minecraft/mods/curios-forge-5.14.1+1.20.1.jar
[13Sep2026 20:57:53.314] [main/DEBUG] [net.minecraftforge.fml.loading.moddiscovery.ModFileInfo/LOADING]: Found valid mod file curios-forge-5.14.1+1.20.1.jar with {curios} mods - versions {5.14.1+1.20.1}
[13Sep2026 20:57:53.315] [main/DEBUG] [net.minecraftforge.fml.loading.moddiscovery.ModFileParser/LOADING]: Considering mod file candidate /workspaces/PatataServer/servidor_minecraft/mods/damageindicator-2.2.1-1.20.1.jar
[13Sep2026 20:57:53.316] [main/DEBUG] [net.minecraftforge.fml.loading.moddiscovery.ModFileInfo/LOADING]: Found valid mod file damageindicator-2.2.1-1.20.1.jar with {damageindicator} mods - versions {2.2.1-1.20.1}
[13Sep2026 20:57:53.316] [main/DEBUG] [net.minecraftforge.fml.loading.moddiscovery.ModFileParser/LOADING]: Considering mod file candidate /workspaces/PatataServer/servidor_minecraft/mods/dummmmmmy-1.20-2.0.12-forge.jar
[13Sep2026 20:57:53.317] [main/DEBUG] [net.minecraftforge.fml.loading.moddiscovery.ModFileInfo/LOADING]: Found valid mod file dummmmmmy-1.20-2.0.12-forge.jar with {dummmmmmy} mods - versions {1.20-2.0.11}
[13Sep2026 20:57:53.318] [main/DEBUG] [net.minecraftforge.fml.loading.moddiscovery.ModFileParser/LOADING]: Considering mod file candidate /workspaces/PatataServer/servidor_minecraft/mods/embeddium-0.3.31+mc1.20.1.jar
[13Sep2026 20:57:53.319] [main/DEBUG] [net.minecraftforge.fml.loading.moddiscovery.ModFileInfo/LOADING]: Found valid mod file embeddium-0.3.31+mc1.20.1.jar with {embeddium,rubidium} mods - versions {0.3.31+mc1.20.1,0.7.1}
[13Sep2026 20:57:53.320] [main/DEBUG] [net.minecraftforge.fml.loading.moddiscovery.ModFileParser/LOADING]: Considering mod file candidate /workspaces/PatataServer/servidor_minecraft/mods/entity_model_features-3.3.5-1.20.1-forge.jar
[13Sep2026 20:57:53.321] [main/DEBUG] [net.minecraftforge.fml.loading.moddiscovery.ModFileInfo/LOADING]: Found valid mod file entity_model_features-3.3.5-1.20.1-forge.jar with {entity_model_features} mods - versions {3.3.5}
[13Sep2026 20:57:53.322] [main/DEBUG] [net.minecraftforge.fml.loading.moddiscovery.ModFileParser/LOADING]: Considering mod file candidate /workspaces/PatataServer/servidor_minecraft/mods/entity_texture_features-7.2.1-1.20.1-forge.jar
[13Sep2026 20:57:53.322] [main/DEBUG] [net.minecraftforge.fml.loading.moddiscovery.ModFileInfo/LOADING]: Found valid mod file entity_texture_features-7.2.1-1.20.1-forge.jar with {entity_texture_features} mods - versions {7.2.1}
[13Sep2026 20:57:53.323] [main/DEBUG] [net.minecraftforge.fml.loading.moddiscovery.ModFileParser/LOADING]: Considering mod file candidate /workspaces/PatataServer/servidor_minecraft/mods/entityculling-forge-1.10.5-mc1.20.1.jar
[13Sep2026 20:57:53.323] [main/DEBUG] [net.minecraftforge.fml.loading.moddiscovery.ModFileInfo/LOADING]: Found valid mod file entityculling-forge-1.10.5-mc1.20.1.jar with {entityculling} mods - versions {1.10.5}
[13Sep2026 20:57:53.333] [main/DEBUG] [net.minecraftforge.fml.loading.moddiscovery.ModFileParser/LOADING]: Considering mod file candidate /workspaces/PatataServer/servidor_minecraft/mods/ExtraLib-3.1.0-1.20.1-Forge.jar
[13Sep2026 20:57:53.334] [main/DEBUG] [net.minecraftforge.fml.loading.moddiscovery.ModFileInfo/LOADING]: Found valid mod file ExtraLib-3.1.0-1.20.1-Forge.jar with {extralib} mods - versions {3.1.0}
[13Sep2026 20:57:53.335] [main/DEBUG] [net.minecraftforge.fml.loading.moddiscovery.ModFileParser/LOADING]: Considering mod file candidate /workspaces/PatataServer/servidor_minecraft/mods/ExtraQuests-1.7.0-1.20.1-Forge.jar
[13Sep2026 20:57:53.336] [main/DEBUG] [net.minecraftforge.fml.loading.moddiscovery.ModFileInfo/LOADING]: Found valid mod file ExtraQuests-1.7.0-1.20.1-Forge.jar with {extraquests} mods - versions {1.7.0}
[13Sep2026 20:57:53.337] [main/DEBUG] [net.minecraftforge.fml.loading.moddiscovery.ModFileParser/LOADING]: Considering mod file candidate /workspaces/PatataServer/servidor_minecraft/mods/fastasyncworldsave-1.20.1-2.6.jar
[13Sep2026 20:57:53.338] [main/DEBUG] [net.minecraftforge.fml.loading.moddiscovery.ModFileInfo/LOADING]: Found valid mod file fastasyncworldsave-1.20.1-2.6.jar with {fastasyncworldsave} mods - versions {1.20.1-2.6}
[13Sep2026 20:57:53.339] [main/DEBUG] [net.minecraftforge.fml.loading.moddiscovery.ModFileParser/LOADING]: Considering mod file candidate /workspaces/PatataServer/servidor_minecraft/mods/FastSuite-1.20.1-5.1.2.jar
[13Sep2026 20:57:53.339] [main/DEBUG] [net.minecraftforge.fml.loading.moddiscovery.ModFileInfo/LOADING]: Found valid mod file FastSuite-1.20.1-5.1.2.jar with {fastsuite} mods - versions {5.1.2}
[13Sep2026 20:57:53.347] [main/DEBUG] [net.minecraftforge.fml.loading.moddiscovery.ModFileParser/LOADING]: Considering mod file candidate /workspaces/PatataServer/servidor_minecraft/mods/ferritecore-6.0.1-forge.jar
[13Sep2026 20:57:53.348] [main/DEBUG] [net.minecraftforge.fml.loading.moddiscovery.ModFileInfo/LOADING]: Found valid mod file ferritecore-6.0.1-forge.jar with {ferritecore} mods - versions {6.0.1}
[13Sep2026 20:57:53.349] [main/DEBUG] [net.minecraftforge.fml.loading.moddiscovery.ModFileParser/LOADING]: Considering mod file candidate /workspaces/PatataServer/servidor_minecraft/mods/ftb-chunks-forge-2001.3.8.jar
[13Sep2026 20:57:53.351] [main/DEBUG] [net.minecraftforge.fml.loading.moddiscovery.ModFileInfo/LOADING]: Found valid mod file ftb-chunks-forge-2001.3.8.jar with {ftbchunks} mods - versions {2001.3.8}
[13Sep2026 20:57:53.352] [main/DEBUG] [net.minecraftforge.fml.loading.moddiscovery.ModFileParser/LOADING]: Considering mod file candidate /workspaces/PatataServer/servidor_minecraft/mods/ftb-library-forge-2001.2.13.jar
[13Sep2026 20:57:53.353] [main/DEBUG] [net.minecraftforge.fml.loading.moddiscovery.ModFileInfo/LOADING]: Found valid mod file ftb-library-forge-2001.2.13.jar with {ftblibrary} mods - versions {2001.2.13}
[13Sep2026 20:57:53.354] [main/DEBUG] [net.minecraftforge.fml.loading.moddiscovery.ModFileParser/LOADING]: Considering mod file candidate /workspaces/PatataServer/servidor_minecraft/mods/ftb-quests-forge-2001.4.22.jar
[13Sep2026 20:57:53.355] [main/DEBUG] [net.minecraftforge.fml.loading.moddiscovery.ModFileInfo/LOADING]: Found valid mod file ftb-quests-forge-2001.4.22.jar with {ftbquests} mods - versions {2001.4.22}
[13Sep2026 20:57:53.356] [main/DEBUG] [net.minecraftforge.fml.loading.moddiscovery.ModFileParser/LOADING]: Considering mod file candidate /workspaces/PatataServer/servidor_minecraft/mods/ftb-teams-forge-2001.3.2 (1).jar
[13Sep2026 20:57:53.358] [main/DEBUG] [net.minecraftforge.fml.loading.moddiscovery.ModFileInfo/LOADING]: Found valid mod file ftb-teams-forge-2001.3.2 (1).jar with {ftbteams} mods - versions {2001.3.2}
[13Sep2026 20:57:53.358] [main/DEBUG] [net.minecraftforge.fml.loading.moddiscovery.ModFileParser/LOADING]: Considering mod file candidate /workspaces/PatataServer/servidor_minecraft/mods/ftb-xmod-compat-forge-2.1.3.jar
[13Sep2026 20:57:53.361] [main/DEBUG] [net.minecraftforge.fml.loading.moddiscovery.ModFileInfo/LOADING]: Found valid mod file ftb-xmod-compat-forge-2.1.3.jar with {ftbxmodcompat} mods - versions {2.1.3}
[13Sep2026 20:57:53.362] [main/DEBUG] [net.minecraftforge.fml.loading.moddiscovery.ModFileParser/LOADING]: Considering mod file candidate /workspaces/PatataServer/servidor_minecraft/mods/ftbxaerocompat-forge-1.1.3.jar
[13Sep2026 20:57:53.363] [main/DEBUG] [net.minecraftforge.fml.loading.moddiscovery.ModFileInfo/LOADING]: Found valid mod file ftbxaerocompat-forge-1.1.3.jar with {ftbxaerocompat} mods - versions {1.1.3}
[13Sep2026 20:57:53.364] [main/DEBUG] [net.minecraftforge.fml.loading.moddiscovery.ModFileParser/LOADING]: Considering mod file candidate /workspaces/PatataServer/servidor_minecraft/mods/gbf-1.0.1.jar
[13Sep2026 20:57:53.365] [main/DEBUG] [net.minecraftforge.fml.loading.moddiscovery.ModFileInfo/LOADING]: Found valid mod file gbf-1.0.1.jar with {gbf} mods - versions {1.0.1}
[13Sep2026 20:57:53.366] [main/DEBUG] [net.minecraftforge.fml.loading.moddiscovery.ModFileParser/LOADING]: Considering mod file candidate /workspaces/PatataServer/servidor_minecraft/mods/geckolib-forge-1.20.1-4.8.2.jar
[13Sep2026 20:57:53.367] [main/DEBUG] [net.minecraftforge.fml.loading.moddiscovery.ModFileInfo/LOADING]: Found valid mod file geckolib-forge-1.20.1-4.8.2.jar with {geckolib} mods - versions {4.8.2}
[13Sep2026 20:57:53.367] [main/DEBUG] [net.minecraftforge.fml.loading.moddiscovery.ModFileParser/LOADING]: Considering mod file candidate /workspaces/PatataServer/servidor_minecraft/mods/geto_storage_fix-2.1.0.jar
[13Sep2026 20:57:53.369] [main/DEBUG] [net.minecraftforge.fml.loading.moddiscovery.ModFileInfo/LOADING]: Found valid mod file geto_storage_fix-2.1.0.jar with {geto_storage_fix} mods - versions {2.1.0}
[13Sep2026 20:57:53.370] [main/DEBUG] [net.minecraftforge.fml.loading.moddiscovery.ModFileParser/LOADING]: Considering mod file candidate /workspaces/PatataServer/servidor_minecraft/mods/golden_age_jujutsu_3.0.0-beta.jar
[13Sep2026 20:57:53.371] [main/DEBUG] [net.minecraftforge.fml.loading.moddiscovery.ModFileInfo/LOADING]: Found valid mod file golden_age_jujutsu_3.0.0-beta.jar with {golden_age_jujutsu} mods - versions {3.0.0}
[13Sep2026 20:57:53.372] [main/DEBUG] [net.minecraftforge.fml.loading.moddiscovery.ModFileParser/LOADING]: Considering mod file candidate /workspaces/PatataServer/servidor_minecraft/mods/huge-structure-blocks-forge-1.1.10.jar
[13Sep2026 20:57:53.373] [main/DEBUG] [net.minecraftforge.fml.loading.moddiscovery.ModFileInfo/LOADING]: Found valid mod file huge-structure-blocks-forge-1.1.10.jar with {hugestructureblocks} mods - versions {1.1.10}
[13Sep2026 20:57:53.380] [main/DEBUG] [net.minecraftforge.fml.loading.moddiscovery.ModFileParser/LOADING]: Considering mod file candidate /workspaces/PatataServer/servidor_minecraft/mods/ImmediatelyFast-Forge-1.5.5+1.20.4.jar
[13Sep2026 20:57:53.381] [main/DEBUG] [net.minecraftforge.fml.loading.moddiscovery.ModFileInfo/LOADING]: Found valid mod file ImmediatelyFast-Forge-1.5.5+1.20.4.jar with {immediatelyfast} mods - versions {1.5.5+1.20.4}
[13Sep2026 20:57:53.382] [main/DEBUG] [net.minecraftforge.fml.loading.moddiscovery.ModFileParser/LOADING]: Considering mod file candidate /workspaces/PatataServer/servidor_minecraft/mods/immersivemessages-forge-1.0.18-1.20.1.jar
[13Sep2026 20:57:53.384] [main/DEBUG] [net.minecraftforge.fml.loading.moddiscovery.ModFileInfo/LOADING]: Found valid mod file immersivemessages-forge-1.0.18-1.20.1.jar with {immersivemessages} mods - versions {1.0.18}
[13Sep2026 20:57:53.385] [main/DEBUG] [net.minecraftforge.fml.loading.moddiscovery.ModFileParser/LOADING]: Considering mod file candidate /workspaces/PatataServer/servidor_minecraft/mods/Jade-1.20.1-Forge-11.13.3.jar
[13Sep2026 20:57:53.387] [main/DEBUG] [net.minecraftforge.fml.loading.moddiscovery.ModFileInfo/LOADING]: Found valid mod file Jade-1.20.1-Forge-11.13.3.jar with {jade} mods - versions {11.13.3+forge}
[13Sep2026 20:57:53.389] [main/DEBUG] [net.minecraftforge.fml.loading.moddiscovery.ModFileParser/LOADING]: Considering mod file candidate /workspaces/PatataServer/servidor_minecraft/mods/jei-1.20.1-forge-15.56.0.205.jar
[13Sep2026 20:57:53.391] [main/DEBUG] [net.minecraftforge.fml.loading.moddiscovery.ModFileInfo/LOADING]: Found valid mod file jei-1.20.1-forge-15.56.0.205.jar with {jei} mods - versions {15.56.0.205}
[13Sep2026 20:57:53.391] [main/DEBUG] [net.minecraftforge.fml.loading.moddiscovery.ModFileParser/LOADING]: Considering mod file candidate /workspaces/PatataServer/servidor_minecraft/mods/jjcnbtfix-1.0.5.jar
[13Sep2026 20:57:53.394] [main/DEBUG] [net.minecraftforge.fml.loading.moddiscovery.ModFileInfo/LOADING]: Found valid mod file jjcnbtfix-1.0.5.jar with {jjcnbtfix} mods - versions {1.0.5}
[13Sep2026 20:57:53.395] [main/DEBUG] [net.minecraftforge.fml.loading.moddiscovery.ModFileParser/LOADING]: Considering mod file candidate /workspaces/PatataServer/servidor_minecraft/mods/jjsh-2.8.jar
[13Sep2026 20:57:53.396] [main/DEBUG] [net.minecraftforge.fml.loading.moddiscovery.ModFileInfo/LOADING]: Found valid mod file jjsh-2.8.jar with {jjsh} mods - versions {1.0-SNAPSHOT}
[13Sep2026 20:57:53.405] [main/DEBUG] [net.minecraftforge.fml.loading.moddiscovery.ModFileParser/LOADING]: Considering mod file candidate /workspaces/PatataServer/servidor_minecraft/mods/JJSK4.3.jar
[13Sep2026 20:57:53.406] [main/DEBUG] [net.minecraftforge.fml.loading.moddiscovery.ModFileInfo/LOADING]: Found valid mod file JJSK4.3.jar with {jujutsucrafts} mods - versions {4.3}
[13Sep2026 20:57:53.415] [main/DEBUG] [net.minecraftforge.fml.loading.moddiscovery.ModFileParser/LOADING]: Considering mod file candidate /workspaces/PatataServer/servidor_minecraft/mods/JujutsuCraft-ver50.1-forge-1.20.1.jar
[13Sep2026 20:57:53.418] [main/DEBUG] [net.minecraftforge.fml.loading.moddiscovery.ModFileInfo/LOADING]: Found valid mod file JujutsuCraft-ver50.1-forge-1.20.1.jar with {jujutsucraft} mods - versions {50}
[13Sep2026 20:57:53.421] [main/DEBUG] [net.minecraftforge.fml.loading.moddiscovery.ModFileParser/LOADING]: Considering mod file candidate /workspaces/PatataServer/servidor_minecraft/mods/jujutsucraftfix-1.0.2.jar
[13Sep2026 20:57:53.424] [main/DEBUG] [net.minecraftforge.fml.loading.moddiscovery.ModFileInfo/LOADING]: Found valid mod file jujutsucraftfix-1.0.2.jar with {jujutsucraftfix} mods - versions {1.0.3}
[13Sep2026 20:57:53.425] [main/DEBUG] [net.minecraftforge.fml.loading.moddiscovery.ModFileParser/LOADING]: Considering mod file candidate /workspaces/PatataServer/servidor_minecraft/mods/jujutsucraftutility-1.4.4.2.jar
[13Sep2026 20:57:53.426] [main/DEBUG] [net.minecraftforge.fml.loading.moddiscovery.ModFileInfo/LOADING]: Found valid mod file jujutsucraftutility-1.4.4.2.jar with {jujutsucraftutility} mods - versions {1.4.4.2}
[13Sep2026 20:57:53.426] [main/DEBUG] [net.minecraftforge.fml.loading.moddiscovery.ModFileParser/LOADING]: Considering mod file candidate /workspaces/PatataServer/servidor_minecraft/mods/jujutsuslop-0.9.6.jar
[13Sep2026 20:57:53.427] [main/DEBUG] [net.minecraftforge.fml.loading.moddiscovery.ModFileInfo/LOADING]: Found valid mod file jujutsuslop-0.9.6.jar with {jujutsuslop} mods - versions {0.9.6}
[13Sep2026 20:57:53.429] [main/DEBUG] [net.minecraftforge.fml.loading.moddiscovery.ModFileParser/LOADING]: Considering mod file candidate /workspaces/PatataServer/servidor_minecraft/mods/kubejs-forge-2001.6.5-build.26.jar
[13Sep2026 20:57:53.430] [main/DEBUG] [net.minecraftforge.fml.loading.moddiscovery.ModFileInfo/LOADING]: Found valid mod file kubejs-forge-2001.6.5-build.26.jar with {kubejs} mods - versions {2001.6.5-build.26}
[13Sep2026 20:57:53.431] [main/DEBUG] [net.minecraftforge.fml.loading.moddiscovery.ModFileParser/LOADING]: Considering mod file candidate /workspaces/PatataServer/servidor_minecraft/mods/limitedchunks-1.20.1-4.1.jar
[13Sep2026 20:57:53.432] [main/DEBUG] [net.minecraftforge.fml.loading.moddiscovery.ModFileInfo/LOADING]: Found valid mod file limitedchunks-1.20.1-4.1.jar with {limitedchunks} mods - versions {1.8}
[13Sep2026 20:57:53.433] [main/DEBUG] [net.minecraftforge.fml.loading.moddiscovery.ModFileParser/LOADING]: Considering mod file candidate /workspaces/PatataServer/servidor_minecraft/mods/lootr-forge-1.20-0.7.35.94.jar
[13Sep2026 20:57:53.434] [main/DEBUG] [net.minecraftforge.fml.loading.moddiscovery.ModFileInfo/LOADING]: Found valid mod file lootr-forge-1.20-0.7.35.94.jar with {lootr} mods - versions {0.7.35.94}
[13Sep2026 20:57:53.436] [main/DEBUG] [net.minecraftforge.fml.loading.moddiscovery.ModFileParser/LOADING]: Considering mod file candidate /workspaces/PatataServer/servidor_minecraft/mods/memoryleakfix-forge-1.17+-1.1.5.jar
[13Sep2026 20:57:53.438] [main/DEBUG] [net.minecraftforge.fml.loading.moddiscovery.ModFileInfo/LOADING]: Found valid mod file memoryleakfix-forge-1.17+-1.1.5.jar with {memoryleakfix} mods - versions {1.1.5}
[13Sep2026 20:57:53.439] [main/DEBUG] [net.minecraftforge.fml.loading.moddiscovery.ModFileParser/LOADING]: Considering mod file candidate /workspaces/PatataServer/servidor_minecraft/mods/modern_jujutsu-1.0.jar
[13Sep2026 20:57:53.440] [main/DEBUG] [net.minecraftforge.fml.loading.moddiscovery.ModFileInfo/LOADING]: Found valid mod file modern_jujutsu-1.0.jar with {slyrienmodern} mods - versions {1.0.0}
[13Sep2026 20:57:53.442] [main/DEBUG] [net.minecraftforge.fml.loading.moddiscovery.ModFileParser/LOADING]: Considering mod file candidate /workspaces/PatataServer/servidor_minecraft/mods/modernfix-forge-5.27.83+mc1.20.1.jar
[13Sep2026 20:57:53.444] [main/DEBUG] [net.minecraftforge.fml.loading.moddiscovery.ModFileInfo/LOADING]: Found valid mod file modernfix-forge-5.27.83+mc1.20.1.jar with {modernfix} mods - versions {5.27.83+mc1.20.1}
[13Sep2026 20:57:53.446] [main/DEBUG] [net.minecraftforge.fml.loading.moddiscovery.ModFileParser/LOADING]: Considering mod file candidate /workspaces/PatataServer/servidor_minecraft/mods/moonlight-1.20-2.16.34-forge.jar
[13Sep2026 20:57:53.448] [main/DEBUG] [net.minecraftforge.fml.loading.moddiscovery.ModFileInfo/LOADING]: Found valid mod file moonlight-1.20-2.16.34-forge.jar with {moonlight} mods - versions {1.20-2.16.34}
[13Sep2026 20:57:53.449] [main/DEBUG] [net.minecraftforge.fml.loading.moddiscovery.ModFileParser/LOADING]: Considering mod file candidate /workspaces/PatataServer/servidor_minecraft/mods/MouseTweaks-forge-mc1.20.1-2.25.1.jar
[13Sep2026 20:57:53.450] [main/DEBUG] [net.minecraftforge.fml.loading.moddiscovery.ModFileInfo/LOADING]: Found valid mod file MouseTweaks-forge-mc1.20.1-2.25.1.jar with {mousetweaks} mods - versions {2.25.1}
[13Sep2026 20:57:53.451] [main/DEBUG] [net.minecraftforge.fml.loading.moddiscovery.ModFileParser/LOADING]: Considering mod file candidate /workspaces/PatataServer/servidor_minecraft/mods/Not Enough Recipe Book-FORGE-0.4.1+1.20.1.jar
[13Sep2026 20:57:53.452] [main/DEBUG] [net.minecraftforge.fml.loading.moddiscovery.ModFileInfo/LOADING]: Found valid mod file Not Enough Recipe Book-FORGE-0.4.1+1.20.1.jar with {nerb} mods - versions {0.4.1}
[13Sep2026 20:57:53.453] [main/DEBUG] [net.minecraftforge.fml.loading.moddiscovery.ModFileParser/LOADING]: Considering mod file candidate /workspaces/PatataServer/servidor_minecraft/mods/OctoLib-FORGE-0.5.0.1+1.20.1.jar
[13Sep2026 20:57:53.454] [main/DEBUG] [net.minecraftforge.fml.loading.moddiscovery.ModFileInfo/LOADING]: Found valid mod file OctoLib-FORGE-0.5.0.1+1.20.1.jar with {octolib} mods - versions {0.5.0.1}
[13Sep2026 20:57:53.455] [main/DEBUG] [net.minecraftforge.fml.loading.moddiscovery.ModFileParser/LOADING]: Considering mod file candidate /workspaces/PatataServer/servidor_minecraft/mods/packetfixer-3.3.2-1.18-1.20.4-merged.jar
[13Sep2026 20:57:53.456] [main/DEBUG] [net.minecraftforge.fml.loading.moddiscovery.ModFileInfo/LOADING]: Found valid mod file packetfixer-3.3.2-1.18-1.20.4-merged.jar with {packetfixer} mods - versions {3.3.2}
[13Sep2026 20:57:53.458] [main/DEBUG] [net.minecraftforge.fml.loading.moddiscovery.ModFileParser/LOADING]: Considering mod file candidate /workspaces/PatataServer/servidor_minecraft/mods/Patchouli-1.20.1-85-FORGE.jar
[13Sep2026 20:57:53.459] [main/DEBUG] [net.minecraftforge.fml.loading.moddiscovery.ModFileInfo/LOADING]: Found valid mod file Patchouli-1.20.1-85-FORGE.jar with {patchouli} mods - versions {1.20.1-85-FORGE}
[13Sep2026 20:57:53.460] [main/DEBUG] [net.minecraftforge.fml.loading.moddiscovery.ModFileParser/LOADING]: Considering mod file candidate /workspaces/PatataServer/servidor_minecraft/mods/Pehkui-3.8.2+1.20.1-forge.jar
[13Sep2026 20:57:53.460] [main/DEBUG] [net.minecraftforge.fml.loading.moddiscovery.ModFileInfo/LOADING]: Found valid mod file Pehkui-3.8.2+1.20.1-forge.jar with {pehkui} mods - versions {3.8.2+1.20.1-forge}
[13Sep2026 20:57:53.461] [main/DEBUG] [net.minecraftforge.fml.loading.moddiscovery.ModFileParser/LOADING]: Considering mod file candidate /workspaces/PatataServer/servidor_minecraft/mods/Placebo-1.20.1-8.6.3.jar
[13Sep2026 20:57:53.465] [main/DEBUG] [net.minecraftforge.fml.loading.moddiscovery.ModFileInfo/LOADING]: Found valid mod file Placebo-1.20.1-8.6.3.jar with {placebo} mods - versions {8.6.3}
[13Sep2026 20:57:53.466] [main/DEBUG] [net.minecraftforge.fml.loading.moddiscovery.ModFileParser/LOADING]: Considering mod file candidate /workspaces/PatataServer/servidor_minecraft/mods/player-animation-lib-forge-1.0.2-rc1+1.20.jar
[13Sep2026 20:57:53.467] [main/DEBUG] [net.minecraftforge.fml.loading.moddiscovery.ModFileInfo/LOADING]: Found valid mod file player-animation-lib-forge-1.0.2-rc1+1.20.jar with {playeranimator} mods - versions {1.0.2-rc1+1.20}
[13Sep2026 20:57:53.468] [main/DEBUG] [net.minecraftforge.fml.loading.moddiscovery.ModFileParser/LOADING]: Considering mod file candidate /workspaces/PatataServer/servidor_minecraft/mods/Quick Skin - Forge - 1.20.1-2.6.2.4.jar
[13Sep2026 20:57:53.473] [main/DEBUG] [net.minecraftforge.fml.loading.moddiscovery.ModFileInfo/LOADING]: Found valid mod file Quick Skin - Forge - 1.20.1-2.6.2.4.jar with {quickskin} mods - versions {2.6.2.4}
[13Sep2026 20:57:53.476] [main/DEBUG] [net.minecraftforge.fml.loading.moddiscovery.ModFileParser/LOADING]: Considering mod file candidate /workspaces/PatataServer/servidor_minecraft/mods/retrodamageindicators-1.0.1.jar
[13Sep2026 20:57:53.479] [main/DEBUG] [net.minecraftforge.fml.loading.moddiscovery.ModFileInfo/LOADING]: Found valid mod file retrodamageindicators-1.0.1.jar with {retrodamageindicators} mods - versions {1.0.1}
[13Sep2026 20:57:53.481] [main/DEBUG] [net.minecraftforge.fml.loading.moddiscovery.ModFileParser/LOADING]: Considering mod file candidate /workspaces/PatataServer/servidor_minecraft/mods/rhino-forge-2001.2.3-build.10.jar
[13Sep2026 20:57:53.485] [main/DEBUG] [net.minecraftforge.fml.loading.moddiscovery.ModFileInfo/LOADING]: Found valid mod file rhino-forge-2001.2.3-build.10.jar with {rhino} mods - versions {2001.2.3-build.10}
[13Sep2026 20:57:53.486] [main/DEBUG] [net.minecraftforge.fml.loading.moddiscovery.ModFileParser/LOADING]: Considering mod file candidate /workspaces/PatataServer/servidor_minecraft/mods/rubidium-extra-0.5.4.4+mc1.20.1-build.131.jar
[13Sep2026 20:57:53.487] [main/DEBUG] [net.minecraftforge.fml.loading.moddiscovery.ModFileInfo/LOADING]: Found valid mod file rubidium-extra-0.5.4.4+mc1.20.1-build.131.jar with {embeddium_extra} mods - versions {0.5.4.4+mc1.20.1-build.131}
[13Sep2026 20:57:53.489] [main/DEBUG] [net.minecraftforge.fml.loading.moddiscovery.ModFileParser/LOADING]: Considering mod file candidate /workspaces/PatataServer/servidor_minecraft/mods/Searchables-forge-1.20.1-1.0.3.jar
[13Sep2026 20:57:53.490] [main/DEBUG] [net.minecraftforge.fml.loading.moddiscovery.ModFileInfo/LOADING]: Found valid mod file Searchables-forge-1.20.1-1.0.3.jar with {searchables} mods - versions {1.0.3}
[13Sep2026 20:57:53.492] [main/DEBUG] [net.minecraftforge.fml.loading.moddiscovery.ModFileParser/LOADING]: Considering mod file candidate /workspaces/PatataServer/servidor_minecraft/mods/slyrienjujutsu-1.0.jar
[13Sep2026 20:57:53.495] [main/DEBUG] [net.minecraftforge.fml.loading.moddiscovery.ModFileInfo/LOADING]: Found valid mod file slyrienjujutsu-1.0.jar with {slyrienjujutsu} mods - versions {1.0.0}
[13Sep2026 20:57:53.496] [main/DEBUG] [net.minecraftforge.fml.loading.moddiscovery.ModFileParser/LOADING]: Considering mod file candidate /workspaces/PatataServer/servidor_minecraft/mods/smoothchunk-1.20.1-4.1.jar
[13Sep2026 20:57:53.498] [main/DEBUG] [net.minecraftforge.fml.loading.moddiscovery.ModFileInfo/LOADING]: Found valid mod file smoothchunk-1.20.1-4.1.jar with {smoothchunk} mods - versions {1.20.1-4.1}
[13Sep2026 20:57:53.500] [main/DEBUG] [net.minecraftforge.fml.loading.moddiscovery.ModFileParser/LOADING]: Considering mod file candidate /workspaces/PatataServer/servidor_minecraft/mods/sodiumdynamiclights-forge-1.0.10-1.20.1.jar
[13Sep2026 20:57:53.503] [main/DEBUG] [net.minecraftforge.fml.loading.moddiscovery.ModFileInfo/LOADING]: Found valid mod file sodiumdynamiclights-forge-1.0.10-1.20.1.jar with {sodiumdynamiclights} mods - versions {1.0.9}
[13Sep2026 20:57:53.504] [main/DEBUG] [net.minecraftforge.fml.loading.moddiscovery.ModFileParser/LOADING]: Considering mod file candidate /workspaces/PatataServer/servidor_minecraft/mods/sodiumoptionsapi-forge-1.0.10-1.20.1.jar
[13Sep2026 20:57:53.504] [main/DEBUG] [net.minecraftforge.fml.loading.moddiscovery.ModFileInfo/LOADING]: Found valid mod file sodiumoptionsapi-forge-1.0.10-1.20.1.jar with {sodiumoptionsapi} mods - versions {1.0.10}
[13Sep2026 20:57:53.509] [main/DEBUG] [net.minecraftforge.fml.loading.moddiscovery.ModFileParser/LOADING]: Considering mod file candidate /workspaces/PatataServer/servidor_minecraft/mods/sophisticatedbackpacks-1.20.1-3.24.67.2109.jar
[13Sep2026 20:57:53.510] [main/DEBUG] [net.minecraftforge.fml.loading.moddiscovery.ModFileInfo/LOADING]: Found valid mod file sophisticatedbackpacks-1.20.1-3.24.67.2109.jar with {sophisticatedbackpacks} mods - versions {3.24.67.2109}
[13Sep2026 20:57:53.512] [main/DEBUG] [net.minecraftforge.fml.loading.moddiscovery.ModFileParser/LOADING]: Considering mod file candidate /workspaces/PatataServer/servidor_minecraft/mods/sophisticatedcore-1.20.1-1.5.0.2316.jar
[13Sep2026 20:57:53.513] [main/DEBUG] [net.minecraftforge.fml.loading.moddiscovery.ModFileInfo/LOADING]: Found valid mod file sophisticatedcore-1.20.1-1.5.0.2316.jar with {sophisticatedcore} mods - versions {1.5.0.2316}
[13Sep2026 20:57:53.513] [main/DEBUG] [net.minecraftforge.fml.loading.moddiscovery.ModFileParser/LOADING]: Considering mod file candidate /workspaces/PatataServer/servidor_minecraft/mods/sound-physics-remastered-forge-1.20.1-1.5.1.jar
[13Sep2026 20:57:53.514] [main/DEBUG] [net.minecraftforge.fml.loading.moddiscovery.ModFileInfo/LOADING]: Found valid mod file sound-physics-remastered-forge-1.20.1-1.5.1.jar with {sound_physics_remastered} mods - versions {1.20.1-1.5.1}
[13Sep2026 20:57:53.516] [main/DEBUG] [net.minecraftforge.fml.loading.moddiscovery.ModFileParser/LOADING]: Considering mod file candidate /workspaces/PatataServer/servidor_minecraft/mods/spark-1.10.53-forge.jar
[13Sep2026 20:57:53.517] [main/DEBUG] [net.minecraftforge.fml.loading.moddiscovery.ModFileInfo/LOADING]: Found valid mod file spark-1.10.53-forge.jar with {spark} mods - versions {1.10.53}
[13Sep2026 20:57:53.517] [main/DEBUG] [net.minecraftforge.fml.loading.moddiscovery.ModFileParser/LOADING]: Considering mod file candidate /workspaces/PatataServer/servidor_minecraft/mods/txnilib-forge-1.0.24-1.20.1.jar
[13Sep2026 20:57:53.518] [main/DEBUG] [net.minecraftforge.fml.loading.moddiscovery.ModFileInfo/LOADING]: Found valid mod file txnilib-forge-1.0.24-1.20.1.jar with {txnilib} mods - versions {1.0.24}
[13Sep2026 20:57:53.519] [main/DEBUG] [net.minecraftforge.fml.loading.moddiscovery.ModFileParser/LOADING]: Considering mod file candidate /workspaces/PatataServer/servidor_minecraft/mods/waystones-forge-1.20.1-14.1.20.jar
[13Sep2026 20:57:53.520] [main/DEBUG] [net.minecraftforge.fml.loading.moddiscovery.ModFileInfo/LOADING]: Found valid mod file waystones-forge-1.20.1-14.1.20.jar with {waystones} mods - versions {14.1.20}
[13Sep2026 20:57:53.522] [main/DEBUG] [net.minecraftforge.fml.loading.moddiscovery.ModFileParser/LOADING]: Considering mod file candidate /workspaces/PatataServer/servidor_minecraft/mods/worldedit-mod-7.2.15.jar
[13Sep2026 20:57:53.524] [main/DEBUG] [net.minecraftforge.fml.loading.moddiscovery.ModFileInfo/LOADING]: Found valid mod file worldedit-mod-7.2.15.jar with {worldedit} mods - versions {7.2.15+6463-5ca4dff}
[13Sep2026 20:57:53.526] [main/DEBUG] [net.minecraftforge.fml.loading.moddiscovery.ModFileParser/LOADING]: Considering mod file candidate /workspaces/PatataServer/servidor_minecraft/mods/xaerominimap-forge-1.20.1-26.4.2.jar
[13Sep2026 20:57:53.529] [main/DEBUG] [net.minecraftforge.fml.loading.moddiscovery.ModFileInfo/LOADING]: Found valid mod file xaerominimap-forge-1.20.1-26.4.2.jar with {xaerominimap} mods - versions {26.4.2}
[13Sep2026 20:57:53.532] [main/DEBUG] [net.minecraftforge.fml.loading.moddiscovery.ModFileParser/LOADING]: Considering mod file candidate /workspaces/PatataServer/servidor_minecraft/mods/xaeroworldmap-forge-1.20.1-1.45.0.jar
[13Sep2026 20:57:53.533] [main/DEBUG] [net.minecraftforge.fml.loading.moddiscovery.ModFileInfo/LOADING]: Found valid mod file xaeroworldmap-forge-1.20.1-1.45.0.jar with {xaeroworldmap} mods - versions {1.45.0}
[13Sep2026 20:57:53.740] [main/DEBUG] [net.minecraftforge.fml.loading.moddiscovery.ModFileInfo/LOADING]: Found valid mod file server-1.20.1-20230612.114412-srg.jar with {minecraft} mods - versions {1.20.1}
[13Sep2026 20:57:53.743] [main/DEBUG] [net.minecraftforge.fml.loading.moddiscovery.ModFileParser/LOADING]: Considering mod file candidate /workspaces/PatataServer/servidor_minecraft/libraries/net/minecraftforge/fmlcore/1.20.1-47.3.7/fmlcore-1.20.1-47.3.7.jar
[13Sep2026 20:57:53.743] [main/WARN] [net.minecraftforge.fml.loading.moddiscovery.ModFileParser/LOADING]: Mod file /workspaces/PatataServer/servidor_minecraft/libraries/net/minecraftforge/fmlcore/1.20.1-47.3.7/fmlcore-1.20.1-47.3.7.jar is missing mods.toml file
[13Sep2026 20:57:53.744] [main/DEBUG] [net.minecraftforge.fml.loading.moddiscovery.ModFileParser/LOADING]: Considering mod file candidate /workspaces/PatataServer/servidor_minecraft/libraries/net/minecraftforge/javafmllanguage/1.20.1-47.3.7/javafmllanguage-1.20.1-47.3.7.jar
[13Sep2026 20:57:53.744] [main/WARN] [net.minecraftforge.fml.loading.moddiscovery.ModFileParser/LOADING]: Mod file /workspaces/PatataServer/servidor_minecraft/libraries/net/minecraftforge/javafmllanguage/1.20.1-47.3.7/javafmllanguage-1.20.1-47.3.7.jar is missing mods.toml file
[13Sep2026 20:57:53.746] [main/DEBUG] [net.minecraftforge.fml.loading.moddiscovery.ModFileParser/LOADING]: Considering mod file candidate /workspaces/PatataServer/servidor_minecraft/libraries/net/minecraftforge/lowcodelanguage/1.20.1-47.3.7/lowcodelanguage-1.20.1-47.3.7.jar
[13Sep2026 20:57:53.746] [main/WARN] [net.minecraftforge.fml.loading.moddiscovery.ModFileParser/LOADING]: Mod file /workspaces/PatataServer/servidor_minecraft/libraries/net/minecraftforge/lowcodelanguage/1.20.1-47.3.7/lowcodelanguage-1.20.1-47.3.7.jar is missing mods.toml file
[13Sep2026 20:57:53.747] [main/DEBUG] [net.minecraftforge.fml.loading.moddiscovery.ModFileParser/LOADING]: Considering mod file candidate /workspaces/PatataServer/servidor_minecraft/libraries/net/minecraftforge/mclanguage/1.20.1-47.3.7/mclanguage-1.20.1-47.3.7.jar
[13Sep2026 20:57:53.748] [main/WARN] [net.minecraftforge.fml.loading.moddiscovery.ModFileParser/LOADING]: Mod file /workspaces/PatataServer/servidor_minecraft/libraries/net/minecraftforge/mclanguage/1.20.1-47.3.7/mclanguage-1.20.1-47.3.7.jar is missing mods.toml file
[13Sep2026 20:57:53.793] [main/DEBUG] [net.minecraftforge.fml.loading.moddiscovery.ModFileParser/LOADING]: Considering mod file candidate /workspaces/PatataServer/servidor_minecraft/libraries/net/minecraftforge/forge/1.20.1-47.3.7/forge-1.20.1-47.3.7-universal.jar
[13Sep2026 20:57:53.794] [main/DEBUG] [net.minecraftforge.fml.loading.moddiscovery.ModFileInfo/LOADING]: Found valid mod file forge-1.20.1-47.3.7-universal.jar with {forge} mods - versions {47.3.7}
[13Sep2026 20:57:53.807] [main/DEBUG] [net.minecraftforge.fml.loading.moddiscovery.AbstractJarFileDependencyLocator/]: Failed to load resource META-INF/jarjar/metadata.json from almirioncore-1.0.0.jar, it does not contain dependency information.
[13Sep2026 20:57:53.808] [main/DEBUG] [net.minecraftforge.fml.loading.moddiscovery.AbstractJarFileDependencyLocator/]: Failed to load resource META-INF/jarjar/metadata.json from rhino-forge-2001.2.3-build.10.jar, it does not contain dependency information.
[13Sep2026 20:57:53.808] [main/DEBUG] [net.minecraftforge.fml.loading.moddiscovery.AbstractJarFileDependencyLocator/]: Failed to load resource META-INF/jarjar/metadata.json from jujutsuslop-0.9.6.jar, it does not contain dependency information.
[13Sep2026 20:57:53.808] [main/DEBUG] [net.minecraftforge.fml.loading.moddiscovery.AbstractJarFileDependencyLocator/]: Failed to load resource META-INF/jarjar/metadata.json from retrodamageindicators-1.0.1.jar, it does not contain dependency information.
[13Sep2026 20:57:53.808] [main/DEBUG] [net.minecraftforge.fml.loading.moddiscovery.AbstractJarFileDependencyLocator/]: Failed to load resource META-INF/jarjar/metadata.json from ftb-library-forge-2001.2.13.jar, it does not contain dependency information.
[13Sep2026 20:57:53.808] [main/DEBUG] [net.minecraftforge.fml.loading.moddiscovery.AbstractJarFileDependencyLocator/]: Failed to load resource META-INF/jarjar/metadata.json from limitedchunks-1.20.1-4.1.jar, it does not contain dependency information.
[13Sep2026 20:57:53.809] [main/DEBUG] [net.minecraftforge.fml.loading.moddiscovery.AbstractJarFileDependencyLocator/]: Failed to load resource META-INF/jarjar/metadata.json from player-animation-lib-forge-1.0.2-rc1+1.20.jar, it does not contain dependency information.
[13Sep2026 20:57:53.809] [main/DEBUG] [net.minecraftforge.fml.loading.moddiscovery.AbstractJarFileDependencyLocator/]: Failed to load resource META-INF/jarjar/metadata.json from jei-1.20.1-forge-15.56.0.205.jar, it does not contain dependency information.
[13Sep2026 20:57:53.809] [main/DEBUG] [net.minecraftforge.fml.loading.moddiscovery.AbstractJarFileDependencyLocator/]: Failed to load resource META-INF/jarjar/metadata.json from AttributeFix-Forge-1.20.1-21.0.5.jar, it does not contain dependency information.
[13Sep2026 20:57:53.809] [main/DEBUG] [net.minecraftforge.fml.loading.moddiscovery.AbstractJarFileDependencyLocator/]: Failed to load resource META-INF/jarjar/metadata.json from Not Enough Recipe Book-FORGE-0.4.1+1.20.1.jar, it does not contain dependency information.
[13Sep2026 20:57:53.809] [main/DEBUG] [net.minecraftforge.fml.loading.moddiscovery.AbstractJarFileDependencyLocator/]: Failed to load resource META-INF/jarjar/metadata.json from connectivity-1.20.1-7.6.jar, it does not contain dependency information.
[13Sep2026 20:57:53.809] [main/DEBUG] [net.minecraftforge.fml.loading.moddiscovery.AbstractJarFileDependencyLocator/]: Failed to load resource META-INF/jarjar/metadata.json from sophisticatedcore-1.20.1-1.5.0.2316.jar, it does not contain dependency information.
[13Sep2026 20:57:53.809] [main/DEBUG] [net.minecraftforge.fml.loading.moddiscovery.AbstractJarFileDependencyLocator/]: Failed to load resource META-INF/jarjar/metadata.json from sound-physics-remastered-forge-1.20.1-1.5.1.jar, it does not contain dependency information.
[13Sep2026 20:57:53.809] [main/DEBUG] [net.minecraftforge.fml.loading.moddiscovery.AbstractJarFileDependencyLocator/]: Failed to load resource META-INF/jarjar/metadata.json from waystones-forge-1.20.1-14.1.20.jar, it does not contain dependency information.
[13Sep2026 20:57:53.810] [main/DEBUG] [net.minecraftforge.fml.loading.moddiscovery.AbstractJarFileDependencyLocator/]: Failed to load resource META-INF/jarjar/metadata.json from FastSuite-1.20.1-5.1.2.jar, it does not contain dependency information.
[13Sep2026 20:57:53.810] [main/DEBUG] [net.minecraftforge.fml.loading.moddiscovery.AbstractJarFileDependencyLocator/]: Failed to load resource META-INF/jarjar/metadata.json from Clumps-forge-1.20.1-12.0.0.4.jar, it does not contain dependency information.
[13Sep2026 20:57:53.810] [main/DEBUG] [net.minecraftforge.fml.loading.moddiscovery.AbstractJarFileDependencyLocator/]: Failed to load resource META-INF/jarjar/metadata.json from fastasyncworldsave-1.20.1-2.6.jar, it does not contain dependency information.
[13Sep2026 20:57:53.810] [main/DEBUG] [net.minecraftforge.fml.loading.moddiscovery.AbstractJarFileDependencyLocator/]: Failed to load resource META-INF/jarjar/metadata.json from Controlling-forge-1.20.1-12.0.2.jar, it does not contain dependency information.
[13Sep2026 20:57:53.810] [main/DEBUG] [net.minecraftforge.fml.loading.moddiscovery.AbstractJarFileDependencyLocator/]: Failed to load resource META-INF/jarjar/metadata.json from Placebo-1.20.1-8.6.3.jar, it does not contain dependency information.
[13Sep2026 20:57:53.810] [main/DEBUG] [net.minecraftforge.fml.loading.moddiscovery.AbstractJarFileDependencyLocator/]: Failed to load resource META-INF/jarjar/metadata.json from jjsh-2.8.jar, it does not contain dependency information.
[13Sep2026 20:57:53.810] [main/DEBUG] [net.minecraftforge.fml.loading.moddiscovery.AbstractJarFileDependencyLocator/]: Failed to load resource META-INF/jarjar/metadata.json from BadMobs-1.20.1-19.0.4.jar, it does not contain dependency information.
[13Sep2026 20:57:53.811] [main/DEBUG] [net.minecraftforge.fml.loading.moddiscovery.AbstractJarFileDependencyLocator/]: Failed to load resource META-INF/jarjar/metadata.json from sophisticatedbackpacks-1.20.1-3.24.67.2109.jar, it does not contain dependency information.
[13Sep2026 20:57:53.811] [main/DEBUG] [net.minecraftforge.fml.loading.moddiscovery.AbstractJarFileDependencyLocator/]: Failed to load resource META-INF/jarjar/metadata.json from memoryleakfix-forge-1.17+-1.1.5.jar, it does not contain dependency information.
[13Sep2026 20:57:53.811] [main/DEBUG] [net.minecraftforge.fml.loading.moddiscovery.AbstractJarFileDependencyLocator/]: Failed to load resource META-INF/jarjar/metadata.json from almplaceholderfix-1.0.1.jar, it does not contain dependency information.
[13Sep2026 20:57:53.811] [main/DEBUG] [net.minecraftforge.fml.loading.moddiscovery.AbstractJarFileDependencyLocator/]: Failed to load resource META-INF/jarjar/metadata.json from ftb-teams-forge-2001.3.2 (1).jar, it does not contain dependency information.
[13Sep2026 20:57:53.811] [main/DEBUG] [net.minecraftforge.fml.loading.moddiscovery.AbstractJarFileDependencyLocator/]: Failed to load resource META-INF/jarjar/metadata.json from cloth-config-11.1.136-forge.jar, it does not contain dependency information.
[13Sep2026 20:57:53.811] [main/DEBUG] [net.minecraftforge.fml.loading.moddiscovery.AbstractJarFileDependencyLocator/]: Failed to load resource META-INF/jarjar/metadata.json from forge-1.20.1-47.3.7-universal.jar, it does not contain dependency information.
[13Sep2026 20:57:53.812] [main/DEBUG] [net.minecraftforge.fml.loading.moddiscovery.AbstractJarFileDependencyLocator/]: Failed to load resource META-INF/jarjar/metadata.json from jujutsucraftfix-1.0.2.jar, it does not contain dependency information.
[13Sep2026 20:57:53.812] [main/DEBUG] [net.minecraftforge.fml.loading.moddiscovery.AbstractJarFileDependencyLocator/]: Failed to load resource META-INF/jarjar/metadata.json from almirion_utilities-1.0.1.jar, it does not contain dependency information.
[13Sep2026 20:57:53.812] [main/DEBUG] [net.minecraftforge.fml.loading.moddiscovery.AbstractJarFileDependencyLocator/]: Failed to load resource META-INF/jarjar/metadata.json from almirionapi-1.0.0.jar, it does not contain dependency information.
[13Sep2026 20:57:53.812] [main/DEBUG] [net.minecraftforge.fml.loading.moddiscovery.AbstractJarFileDependencyLocator/]: Failed to load resource META-INF/jarjar/metadata.json from server-1.20.1-20230612.114412-srg.jar, it does not contain dependency information.
[13Sep2026 20:57:53.813] [main/DEBUG] [net.minecraftforge.fml.loading.moddiscovery.AbstractJarFileDependencyLocator/]: Failed to load resource META-INF/jarjar/metadata.json from smoothchunk-1.20.1-4.1.jar, it does not contain dependency information.
[13Sep2026 20:57:53.813] [main/DEBUG] [net.minecraftforge.fml.loading.moddiscovery.AbstractJarFileDependencyLocator/]: Failed to load resource META-INF/jarjar/metadata.json from ftb-xmod-compat-forge-2.1.3.jar, it does not contain dependency information.
[13Sep2026 20:57:53.813] [main/DEBUG] [net.minecraftforge.fml.loading.moddiscovery.AbstractJarFileDependencyLocator/]: Failed to load resource META-INF/jarjar/metadata.json from ExtraQuests-1.7.0-1.20.1-Forge.jar, it does not contain dependency information.
[13Sep2026 20:57:53.813] [main/DEBUG] [net.minecraftforge.fml.loading.moddiscovery.AbstractJarFileDependencyLocator/]: Failed to load resource META-INF/jarjar/metadata.json from modern_jujutsu-1.0.jar, it does not contain dependency information.
[13Sep2026 20:57:53.813] [main/DEBUG] [net.minecraftforge.fml.loading.moddiscovery.AbstractJarFileDependencyLocator/]: Failed to load resource META-INF/jarjar/metadata.json from AmbientSounds_FORGE_v6.3.8_mc1.20.1.jar, it does not contain dependency information.
[13Sep2026 20:57:53.813] [main/DEBUG] [net.minecraftforge.fml.loading.moddiscovery.AbstractJarFileDependencyLocator/]: Failed to load resource META-INF/jarjar/metadata.json from MouseTweaks-forge-mc1.20.1-2.25.1.jar, it does not contain dependency information.
[13Sep2026 20:57:53.813] [main/DEBUG] [net.minecraftforge.fml.loading.moddiscovery.AbstractJarFileDependencyLocator/]: Failed to load resource META-INF/jarjar/metadata.json from geto_storage_fix-2.1.0.jar, it does not contain dependency information.
[13Sep2026 20:57:53.814] [main/DEBUG] [net.minecraftforge.fml.loading.moddiscovery.AbstractJarFileDependencyLocator/]: Failed to load resource META-INF/jarjar/metadata.json from ftb-quests-forge-2001.4.22.jar, it does not contain dependency information.
[13Sep2026 20:57:53.814] [main/DEBUG] [net.minecraftforge.fml.loading.moddiscovery.AbstractJarFileDependencyLocator/]: Failed to load resource META-INF/jarjar/metadata.json from Jade-1.20.1-Forge-11.13.3.jar, it does not contain dependency information.
[13Sep2026 20:57:53.814] [main/DEBUG] [net.minecraftforge.fml.loading.moddiscovery.AbstractJarFileDependencyLocator/]: Failed to load resource META-INF/jarjar/metadata.json from CreativeCore_FORGE_v2.12.39_mc1.20.1.jar, it does not contain dependency information.
[13Sep2026 20:57:53.814] [main/DEBUG] [net.minecraftforge.fml.loading.moddiscovery.AbstractJarFileDependencyLocator/]: Failed to load resource META-INF/jarjar/metadata.json from Chunky-1.3.146.jar, it does not contain dependency information.
[13Sep2026 20:57:53.814] [main/DEBUG] [net.minecraftforge.fml.loading.moddiscovery.AbstractJarFileDependencyLocator/]: Failed to load resource META-INF/jarjar/metadata.json from jjcnbtfix-1.0.5.jar, it does not contain dependency information.
[13Sep2026 20:57:53.814] [main/DEBUG] [net.minecraftforge.fml.loading.moddiscovery.AbstractJarFileDependencyLocator/]: Failed to load resource META-INF/jarjar/metadata.json from bobby-1.20.1_v5.0.1.jar, it does not contain dependency information.
[13Sep2026 20:57:53.814] [main/DEBUG] [net.minecraftforge.fml.loading.moddiscovery.AbstractJarFileDependencyLocator/]: Failed to load resource META-INF/jarjar/metadata.json from spark-1.10.53-forge.jar, it does not contain dependency information.
[13Sep2026 20:57:53.814] [main/DEBUG] [net.minecraftforge.fml.loading.moddiscovery.AbstractJarFileDependencyLocator/]: Failed to load resource META-INF/jarjar/metadata.json from golden_age_jujutsu_3.0.0-beta.jar, it does not contain dependency information.
[13Sep2026 20:57:53.815] [main/DEBUG] [net.minecraftforge.fml.loading.moddiscovery.AbstractJarFileDependencyLocator/]: Failed to load resource META-INF/jarjar/metadata.json from curios-forge-5.14.1+1.20.1.jar, it does not contain dependency information.
[13Sep2026 20:57:53.815] [main/DEBUG] [net.minecraftforge.fml.loading.moddiscovery.AbstractJarFileDependencyLocator/]: Failed to load resource META-INF/jarjar/metadata.json from Patchouli-1.20.1-85-FORGE.jar, it does not contain dependency information.
[13Sep2026 20:57:53.815] [main/DEBUG] [net.minecraftforge.fml.loading.moddiscovery.AbstractJarFileDependencyLocator/]: Failed to load resource META-INF/jarjar/metadata.json from clearlagplus-1.1.0.jar, it does not contain dependency information.
[13Sep2026 20:57:53.815] [main/DEBUG] [net.minecraftforge.fml.loading.moddiscovery.AbstractJarFileDependencyLocator/]: Failed to load resource META-INF/jarjar/metadata.json from ExtraLib-3.1.0-1.20.1-Forge.jar, it does not contain dependency information.
[13Sep2026 20:57:53.815] [main/DEBUG] [net.minecraftforge.fml.loading.moddiscovery.AbstractJarFileDependencyLocator/]: Failed to load resource META-INF/jarjar/metadata.json from Searchables-forge-1.20.1-1.0.3.jar, it does not contain dependency information.
[13Sep2026 20:57:53.815] [main/DEBUG] [net.minecraftforge.fml.loading.moddiscovery.AbstractJarFileDependencyLocator/]: Failed to load resource META-INF/jarjar/metadata.json from damageindicator-2.2.1-1.20.1.jar, it does not contain dependency information.
[13Sep2026 20:57:53.815] [main/DEBUG] [net.minecraftforge.fml.loading.moddiscovery.AbstractJarFileDependencyLocator/]: Failed to load resource META-INF/jarjar/metadata.json from worldedit-mod-7.2.15.jar, it does not contain dependency information.
[13Sep2026 20:57:53.815] [main/DEBUG] [net.minecraftforge.fml.loading.moddiscovery.AbstractJarFileDependencyLocator/]: Failed to load resource META-INF/jarjar/metadata.json from JujutsuCraft-ver50.1-forge-1.20.1.jar, it does not contain dependency information.
[13Sep2026 20:57:53.816] [main/DEBUG] [net.minecraftforge.fml.loading.moddiscovery.AbstractJarFileDependencyLocator/]: Failed to load resource META-INF/jarjar/metadata.json from JJSK4.3.jar, it does not contain dependency information.
[13Sep2026 20:57:53.816] [main/DEBUG] [net.minecraftforge.fml.loading.moddiscovery.AbstractJarFileDependencyLocator/]: Failed to load resource META-INF/jarjar/metadata.json from gbf-1.0.1.jar, it does not contain dependency information.
[13Sep2026 20:57:53.816] [main/DEBUG] [net.minecraftforge.fml.loading.moddiscovery.AbstractJarFileDependencyLocator/]: Failed to load resource META-INF/jarjar/metadata.json from architectury-9.2.14-forge.jar, it does not contain dependency information.
[13Sep2026 20:57:53.816] [main/DEBUG] [net.minecraftforge.fml.loading.moddiscovery.AbstractJarFileDependencyLocator/]: Failed to load resource META-INF/jarjar/metadata.json from lootr-forge-1.20-0.7.35.94.jar, it does not contain dependency information.
[13Sep2026 20:57:53.816] [main/DEBUG] [net.minecraftforge.fml.loading.moddiscovery.AbstractJarFileDependencyLocator/]: Failed to load resource META-INF/jarjar/metadata.json from ferritecore-6.0.1-forge.jar, it does not contain dependency information.
[13Sep2026 20:57:53.816] [main/DEBUG] [net.minecraftforge.fml.loading.moddiscovery.AbstractJarFileDependencyLocator/]: Failed to load resource META-INF/jarjar/metadata.json from AI-Improvements-1.20-0.5.2.jar, it does not contain dependency information.
[13Sep2026 20:57:53.817] [main/DEBUG] [net.minecraftforge.fml.loading.moddiscovery.AbstractJarFileDependencyLocator/]: Failed to load resource META-INF/jarjar/metadata.json from cupboard-1.20.1-4.1.jar, it does not contain dependency information.
[13Sep2026 20:57:53.817] [main/DEBUG] [net.minecraftforge.fml.loading.moddiscovery.AbstractJarFileDependencyLocator/]: Failed to load resource META-INF/jarjar/metadata.json from huge-structure-blocks-forge-1.1.10.jar, it does not contain dependency information.
[13Sep2026 20:57:53.817] [main/DEBUG] [net.minecraftforge.fml.loading.moddiscovery.AbstractJarFileDependencyLocator/]: Failed to load resource META-INF/jarjar/metadata.json from BindingVowV14.jar, it does not contain dependency information.
[13Sep2026 20:57:53.817] [main/DEBUG] [net.minecraftforge.fml.loading.moddiscovery.AbstractJarFileDependencyLocator/]: Failed to load resource META-INF/jarjar/metadata.json from jujutsucraftutility-1.4.4.2.jar, it does not contain dependency information.
[13Sep2026 20:57:53.817] [main/DEBUG] [net.minecraftforge.fml.loading.moddiscovery.AbstractJarFileDependencyLocator/]: Failed to load resource META-INF/jarjar/metadata.json from packetfixer-3.3.2-1.18-1.20.4-merged.jar, it does not contain dependency information.
[13Sep2026 20:57:53.818] [main/DEBUG] [net.minecraftforge.fml.loading.moddiscovery.AbstractJarFileDependencyLocator/]: Failed to load resource META-INF/jarjar/metadata.json from Quick Skin - Forge - 1.20.1-2.6.2.4.jar, it does not contain dependency information.
[13Sep2026 20:57:53.818] [main/DEBUG] [net.minecraftforge.fml.loading.moddiscovery.AbstractJarFileDependencyLocator/]: Failed to load resource META-INF/jarjar/metadata.json from slyrienjujutsu-1.0.jar, it does not contain dependency information.
[13Sep2026 20:57:53.818] [main/DEBUG] [net.minecraftforge.fml.loading.moddiscovery.AbstractJarFileDependencyLocator/]: Failed to load resource META-INF/jarjar/metadata.json from BetterAdvancements-Forge-1.20.1-0.6.0.73.jar, it does not contain dependency information.
[13Sep2026 20:57:53.818] [main/DEBUG] [net.minecraftforge.fml.loading.moddiscovery.AbstractJarFileDependencyLocator/]: Failed to load resource META-INF/jarjar/metadata.json from mclanguage-1.20.1-47.3.7.jar, it does not contain dependency information.
[13Sep2026 20:57:53.818] [main/DEBUG] [net.minecraftforge.fml.loading.moddiscovery.AbstractJarFileDependencyLocator/]: Failed to load resource META-INF/jarjar/metadata.json from javafmllanguage-1.20.1-47.3.7.jar, it does not contain dependency information.
[13Sep2026 20:57:53.819] [main/DEBUG] [net.minecraftforge.fml.loading.moddiscovery.AbstractJarFileDependencyLocator/]: Failed to load resource META-INF/jarjar/metadata.json from fmlcore-1.20.1-47.3.7.jar, it does not contain dependency information.
[13Sep2026 20:57:53.819] [main/DEBUG] [net.minecraftforge.fml.loading.moddiscovery.AbstractJarFileDependencyLocator/]: Failed to load resource META-INF/jarjar/metadata.json from lowcodelanguage-1.20.1-47.3.7.jar, it does not contain dependency information.
[13Sep2026 20:57:53.905] [main/DEBUG] [net.minecraftforge.fml.loading.moddiscovery.ModFileParser/LOADING]: Considering mod file candidate 
[13Sep2026 20:57:53.906] [main/DEBUG] [net.minecraftforge.fml.loading.moddiscovery.ModFileInfo/LOADING]: Found valid mod file mixinextras-forge-0.3.6.jar with {mixinextras} mods - versions {0.3.6}
[13Sep2026 20:57:53.909] [main/DEBUG] [net.minecraftforge.fml.loading.moddiscovery.ModFileParser/LOADING]: Considering mod file candidate 
[13Sep2026 20:57:53.910] [main/DEBUG] [net.minecraftforge.fml.loading.moddiscovery.ModFileInfo/LOADING]: Found valid mod file fabric-api-base-0.4.31+ef105b4977.jar with {fabric_api_base} mods - versions {0.4.31+ef105b4977}
[13Sep2026 20:57:53.912] [main/DEBUG] [net.minecraftforge.fml.loading.moddiscovery.ModFileParser/LOADING]: Considering mod file candidate 
[13Sep2026 20:57:53.913] [main/DEBUG] [net.minecraftforge.fml.loading.moddiscovery.ModFileInfo/LOADING]: Found valid mod file mixinextras-forge-0.4.1.jar with {mixinextras} mods - versions {0.4.1}
[13Sep2026 20:57:53.917] [main/DEBUG] [net.minecraftforge.fml.loading.moddiscovery.ModFileParser/LOADING]: Considering mod file candidate 
[13Sep2026 20:57:53.918] [main/DEBUG] [net.minecraftforge.fml.loading.moddiscovery.ModFileInfo/LOADING]: Found valid mod file mixinextras-forge-0.4.1.jar with {mixinextras} mods - versions {0.4.1}
[13Sep2026 20:57:53.920] [main/DEBUG] [net.minecraftforge.fml.loading.moddiscovery.ModFileParser/LOADING]: Considering mod file candidate 
[13Sep2026 20:57:53.921] [main/DEBUG] [net.minecraftforge.fml.loading.moddiscovery.ModFileInfo/LOADING]: Found valid mod file kuma-api-forge-20.1.12+1.20.1.jar with {kuma_api} mods - versions {20.1.12}
[13Sep2026 20:57:53.923] [main/DEBUG] [net.minecraftforge.fml.loading.moddiscovery.ModFileParser/LOADING]: Considering mod file candidate 
[13Sep2026 20:57:53.924] [main/DEBUG] [net.minecraftforge.fml.loading.moddiscovery.ModFileInfo/LOADING]: Found valid mod file mixinextras-forge-0.3.5.jar with {mixinextras} mods - versions {0.3.5}
[13Sep2026 20:57:53.938] [main/DEBUG] [net.minecraftforge.fml.loading.moddiscovery.ModFileParser/LOADING]: Considering mod file candidate 
[13Sep2026 20:57:53.940] [main/DEBUG] [net.minecraftforge.fml.loading.moddiscovery.ModFileInfo/LOADING]: Found valid mod file xaerolib-forge-1.20.1-1.7.1.jar with {xaerolib} mods - versions {1.7.1}
[13Sep2026 20:57:53.961] [main/DEBUG] [net.minecraftforge.fml.loading.moddiscovery.ModFileParser/LOADING]: Considering mod file candidate 
[13Sep2026 20:57:53.962] [main/DEBUG] [net.minecraftforge.fml.loading.moddiscovery.ModFileInfo/LOADING]: Found valid mod file fabric-api-0.92.2+1.11.12+1.20.1.jar with {fabric_api} mods - versions {0.92.2+1.11.12+1.20.1}
[13Sep2026 20:57:53.989] [main/DEBUG] [net.minecraftforge.fml.loading.moddiscovery.ModFileParser/LOADING]: Considering mod file candidate 
[13Sep2026 20:57:53.990] [main/DEBUG] [net.minecraftforge.fml.loading.moddiscovery.ModFileInfo/LOADING]: Found valid mod file TRansition-1.0.21-1.20.1-forge-SNAPSHOT.jar with {transition} mods - versions {1.0.21}
[13Sep2026 20:57:54.000] [main/DEBUG] [net.minecraftforge.fml.loading.moddiscovery.ModFileParser/LOADING]: Considering mod file candidate 
[13Sep2026 20:57:54.001] [main/DEBUG] [net.minecraftforge.fml.loading.moddiscovery.ModFileInfo/LOADING]: Found valid mod file TRender-1.0.15-1.20.1-forge-SNAPSHOT.jar with {trender} mods - versions {1.0.15}
[13Sep2026 20:57:54.004] [main/DEBUG] [net.minecraftforge.fml.loading.moddiscovery.ModFileParser/LOADING]: Considering mod file candidate 
[13Sep2026 20:57:54.004] [main/DEBUG] [net.minecraftforge.fml.loading.moddiscovery.ModFileInfo/LOADING]: Found valid mod file mixinextras-forge-0.4.1.jar with {mixinextras} mods - versions {0.4.1}
[13Sep2026 20:57:54.008] [main/DEBUG] [net.minecraftforge.fml.loading.moddiscovery.ModFileParser/LOADING]: Considering mod file candidate 
[13Sep2026 20:57:54.009] [main/DEBUG] [net.minecraftforge.fml.loading.moddiscovery.ModFileInfo/LOADING]: Found valid mod file mixinextras-forge-0.4.1.jar with {mixinextras} mods - versions {0.4.1}
[13Sep2026 20:57:54.012] [main/DEBUG] [net.minecraftforge.fml.loading.moddiscovery.ModFileParser/LOADING]: Considering mod file candidate 
[13Sep2026 20:57:54.012] [main/DEBUG] [net.minecraftforge.fml.loading.moddiscovery.ModFileInfo/LOADING]: Found valid mod file mixinextras-forge-0.3.6.jar with {mixinextras} mods - versions {0.3.6}
[13Sep2026 20:57:54.024] [main/DEBUG] [net.minecraftforge.fml.loading.moddiscovery.ModFileParser/LOADING]: Considering mod file candidate 
[13Sep2026 20:57:54.025] [main/DEBUG] [net.minecraftforge.fml.loading.moddiscovery.ModFileInfo/LOADING]: Found valid mod file mixinextras-forge-0.4.1.jar with {mixinextras} mods - versions {0.4.1}
[13Sep2026 20:57:54.028] [main/DEBUG] [net.minecraftforge.fml.loading.moddiscovery.ModFileParser/LOADING]: Considering mod file candidate 
[13Sep2026 20:57:54.028] [main/DEBUG] [net.minecraftforge.fml.loading.moddiscovery.ModFileInfo/LOADING]: Found valid mod file mixinextras-forge-0.2.0-rc.2.jar with {mixinextras} mods - versions {0.2.0-rc.2}
[13Sep2026 20:57:54.031] [main/DEBUG] [net.minecraftforge.fml.loading.moddiscovery.ModFileParser/LOADING]: Considering mod file candidate 
[13Sep2026 20:57:54.032] [main/DEBUG] [net.minecraftforge.fml.loading.moddiscovery.ModFileInfo/LOADING]: Found valid mod file mixinextras-forge-0.4.1.jar with {mixinextras} mods - versions {0.4.1}
[13Sep2026 20:57:54.044] [main/DEBUG] [net.minecraftforge.fml.loading.moddiscovery.ModFileParser/LOADING]: Considering mod file candidate 
[13Sep2026 20:57:54.046] [main/DEBUG] [net.minecraftforge.fml.loading.moddiscovery.ModFileInfo/LOADING]: Found valid mod file xaerolib-forge-1.20.1-1.7.1.jar with {xaerolib} mods - versions {1.7.1}
[13Sep2026 20:57:54.048] [main/DEBUG] [net.minecraftforge.fml.loading.moddiscovery.ModFileParser/LOADING]: Considering mod file candidate 
[13Sep2026 20:57:54.049] [main/DEBUG] [net.minecraftforge.fml.loading.moddiscovery.ModFileInfo/LOADING]: Found valid mod file mixinextras-forge-0.4.1.jar with {mixinextras} mods - versions {0.4.1}
[13Sep2026 20:57:54.072] [main/DEBUG] [net.minecraftforge.fml.loading.moddiscovery.ModFileParser/LOADING]: Considering mod file candidate 
[13Sep2026 20:57:54.074] [main/DEBUG] [net.minecraftforge.fml.loading.moddiscovery.ModFileInfo/LOADING]: Found valid mod file mixinextras-forge-0.3.6.jar with {mixinextras} mods - versions {0.3.6}
[13Sep2026 20:57:54.076] [main/DEBUG] [net.minecraftforge.fml.loading.moddiscovery.ModFileParser/LOADING]: Considering mod file candidate 
[13Sep2026 20:57:54.076] [main/DEBUG] [net.minecraftforge.fml.loading.moddiscovery.ModFileInfo/LOADING]: Found valid mod file mixinsquared-forge-0.1.1.jar with {mixinsquared} mods - versions {0.1.1}
[13Sep2026 20:57:54.083] [main/DEBUG] [net.minecraftforge.fml.loading.moddiscovery.ModFileParser/LOADING]: Considering mod file candidate 
[13Sep2026 20:57:54.084] [main/DEBUG] [net.minecraftforge.fml.loading.moddiscovery.ModFileInfo/LOADING]: Found valid mod file fabric-api-base-0.4.31+ef105b4977.jar with {fabric_api_base} mods - versions {0.4.31+ef105b4977}
[13Sep2026 20:57:54.087] [main/DEBUG] [net.minecraftforge.fml.loading.moddiscovery.ModFileParser/LOADING]: Considering mod file candidate 
[13Sep2026 20:57:54.088] [main/DEBUG] [net.minecraftforge.fml.loading.moddiscovery.ModFileInfo/LOADING]: Found valid mod file mixinextras-forge-0.4.1.jar with {mixinextras} mods - versions {0.4.1}
[13Sep2026 20:57:54.097] [main/DEBUG] [net.minecraftforge.fml.loading.moddiscovery.ModFileParser/LOADING]: Considering mod file candidate 
[13Sep2026 20:57:54.098] [main/DEBUG] [net.minecraftforge.fml.loading.moddiscovery.ModFileInfo/LOADING]: Found valid mod file architectury-forge-9.2.14.jar with {architectury} mods - versions {9.2.14}
[13Sep2026 20:57:54.100] [main/DEBUG] [net.minecraftforge.fml.loading.moddiscovery.ModFileParser/LOADING]: Considering mod file candidate 
[13Sep2026 20:57:54.100] [main/DEBUG] [net.minecraftforge.fml.loading.moddiscovery.ModFileInfo/LOADING]: Found valid mod file mixinextras-forge-0.4.1.jar with {mixinextras} mods - versions {0.4.1}
[13Sep2026 20:57:54.122] [main/DEBUG] [net.minecraftforge.fml.loading.moddiscovery.AbstractJarFileDependencyLocator/]: Failed to load resource META-INF/jarjar/metadata.json from mclib-20.jar, it does not contain dependency information.
[13Sep2026 20:57:54.122] [main/DEBUG] [net.minecraftforge.fml.loading.moddiscovery.AbstractJarFileDependencyLocator/]: Failed to load resource META-INF/jarjar/metadata.json from waterconfig-gamelib-1.0.0.2.jar, it does not contain dependency information.
[13Sep2026 20:57:54.128] [main/DEBUG] [net.minecraftforge.fml.loading.moddiscovery.AbstractJarFileDependencyLocator/]: Failed to load resource META-INF/jarjar/metadata.json from fabric-api-base-0.4.31+ef105b4977.jar, it does not contain dependency information.
[13Sep2026 20:57:54.141] [main/DEBUG] [net.minecraftforge.fml.loading.moddiscovery.AbstractJarFileDependencyLocator/]: Failed to load resource META-INF/jarjar/metadata.json from kuma-api-forge-20.1.12+1.20.1.jar, it does not contain dependency information.
[13Sep2026 20:57:54.147] [main/DEBUG] [net.minecraftforge.fml.loading.moddiscovery.AbstractJarFileDependencyLocator/]: Failed to load resource META-INF/jarjar/metadata.json from xaerolib-forge-1.20.1-1.7.1.jar, it does not contain dependency information.
[13Sep2026 20:57:54.170] [main/DEBUG] [net.minecraftforge.fml.loading.moddiscovery.ModFileParser/LOADING]: Considering mod file candidate 
[13Sep2026 20:57:54.171] [main/DEBUG] [net.minecraftforge.fml.loading.moddiscovery.ModFileInfo/LOADING]: Found valid mod file mixinextras-forge-0.3.5.jar with {mixinextras} mods - versions {0.3.5}
[13Sep2026 20:57:54.173] [main/DEBUG] [net.minecraftforge.fml.loading.moddiscovery.ModFileParser/LOADING]: Considering mod file candidate 
[13Sep2026 20:57:54.174] [main/DEBUG] [net.minecraftforge.fml.loading.moddiscovery.ModFileInfo/LOADING]: Found valid mod file fabric-api-base-0.4.31+ef105b4977.jar with {fabric_api_base} mods - versions {0.4.31+ef105b4977}
[13Sep2026 20:57:54.176] [main/DEBUG] [net.minecraftforge.fml.loading.moddiscovery.ModFileParser/LOADING]: Considering mod file candidate 
[13Sep2026 20:57:54.177] [main/DEBUG] [net.minecraftforge.fml.loading.moddiscovery.ModFileInfo/LOADING]: Found valid mod file fabric-api-lookup-api-v1-1.6.36+67f9824077.jar with {fabric_api_lookup_api_v1} mods - versions {1.6.36+67f9824077}
[13Sep2026 20:57:54.181] [main/DEBUG] [net.minecraftforge.fml.loading.moddiscovery.ModFileParser/LOADING]: Considering mod file candidate 
[13Sep2026 20:57:54.182] [main/DEBUG] [net.minecraftforge.fml.loading.moddiscovery.ModFileInfo/LOADING]: Found valid mod file fabric-biome-api-v1-13.0.13+dc36698e77.jar with {fabric_biome_api_v1} mods - versions {13.0.13+dc36698e77}
[13Sep2026 20:57:54.183] [main/DEBUG] [net.minecraftforge.fml.loading.moddiscovery.ModFileParser/LOADING]: Considering mod file candidate 
[13Sep2026 20:57:54.184] [main/DEBUG] [net.minecraftforge.fml.loading.moddiscovery.ModFileInfo/LOADING]: Found valid mod file fabric-block-api-v1-1.0.11+0e6cb7f777.jar with {fabric_block_api_v1} mods - versions {1.0.11+0e6cb7f777}
[13Sep2026 20:57:54.185] [main/DEBUG] [net.minecraftforge.fml.loading.moddiscovery.ModFileParser/LOADING]: Considering mod file candidate 
[13Sep2026 20:57:54.186] [main/DEBUG] [net.minecraftforge.fml.loading.moddiscovery.ModFileInfo/LOADING]: Found valid mod file fabric-block-view-api-v2-1.0.1+0767707077.jar with {fabric_block_view_api_v2} mods - versions {1.0.1+0767707077}
[13Sep2026 20:57:54.187] [main/DEBUG] [net.minecraftforge.fml.loading.moddiscovery.ModFileParser/LOADING]: Considering mod file candidate 
[13Sep2026 20:57:54.188] [main/DEBUG] [net.minecraftforge.fml.loading.moddiscovery.ModFileInfo/LOADING]: Found valid mod file fabric-blockrenderlayer-v1-1.1.41+1d0da21e77.jar with {fabric_blockrenderlayer_v1} mods - versions {1.1.41+1d0da21e77}
[13Sep2026 20:57:54.189] [main/DEBUG] [net.minecraftforge.fml.loading.moddiscovery.ModFileParser/LOADING]: Considering mod file candidate 
[13Sep2026 20:57:54.190] [main/DEBUG] [net.minecraftforge.fml.loading.moddiscovery.ModFileInfo/LOADING]: Found valid mod file fabric-client-tags-api-v1-1.1.2+5d6761b877.jar with {fabric_client_tags_api_v1} mods - versions {1.1.2+5d6761b877}
[13Sep2026 20:57:54.192] [main/DEBUG] [net.minecraftforge.fml.loading.moddiscovery.ModFileParser/LOADING]: Considering mod file candidate 
[13Sep2026 20:57:54.192] [main/DEBUG] [net.minecraftforge.fml.loading.moddiscovery.ModFileInfo/LOADING]: Found valid mod file fabric-command-api-v2-2.2.13+561530ec77.jar with {fabric_command_api_v2} mods - versions {2.2.13+561530ec77}
[13Sep2026 20:57:54.194] [main/DEBUG] [net.minecraftforge.fml.loading.moddiscovery.ModFileParser/LOADING]: Considering mod file candidate 
[13Sep2026 20:57:54.195] [main/DEBUG] [net.minecraftforge.fml.loading.moddiscovery.ModFileInfo/LOADING]: Found valid mod file fabric-content-registries-v0-4.0.11+a670df1e77.jar with {fabric_content_registries_v0} mods - versions {4.0.11+a670df1e77}
[13Sep2026 20:57:54.198] [main/DEBUG] [net.minecraftforge.fml.loading.moddiscovery.ModFileParser/LOADING]: Considering mod file candidate 
[13Sep2026 20:57:54.202] [main/DEBUG] [net.minecraftforge.fml.loading.moddiscovery.ModFileInfo/LOADING]: Found valid mod file fabric-convention-tags-v1-1.5.5+fa3d1c0177.jar with {fabric_convention_tags_v1} mods - versions {1.5.5+fa3d1c0177}
[13Sep2026 20:57:54.207] [main/DEBUG] [net.minecraftforge.fml.loading.moddiscovery.ModFileParser/LOADING]: Considering mod file candidate 
[13Sep2026 20:57:54.208] [main/DEBUG] [net.minecraftforge.fml.loading.moddiscovery.ModFileInfo/LOADING]: Found valid mod file fabric-data-attachment-api-v1-1.0.0+30ef839e77.jar with {fabric_data_attachment_api_v1} mods - versions {1.0.0+30ef839e77}
[13Sep2026 20:57:54.211] [main/DEBUG] [net.minecraftforge.fml.loading.moddiscovery.ModFileParser/LOADING]: Considering mod file candidate 
[13Sep2026 20:57:54.212] [main/DEBUG] [net.minecraftforge.fml.loading.moddiscovery.ModFileInfo/LOADING]: Found valid mod file fabric-data-generation-api-v1-12.3.4+369cb3a477.jar with {fabric_data_generation_api_v1} mods - versions {12.3.4+369cb3a477}
[13Sep2026 20:57:54.213] [main/DEBUG] [net.minecraftforge.fml.loading.moddiscovery.ModFileParser/LOADING]: Considering mod file candidate 
[13Sep2026 20:57:54.213] [main/DEBUG] [net.minecraftforge.fml.loading.moddiscovery.ModFileInfo/LOADING]: Found valid mod file fabric-dimensions-v1-2.1.54+8005d10d77.jar with {fabric_dimensions_v1} mods - versions {2.1.54+8005d10d77}
[13Sep2026 20:57:54.215] [main/DEBUG] [net.minecraftforge.fml.loading.moddiscovery.ModFileParser/LOADING]: Considering mod file candidate 
[13Sep2026 20:57:54.215] [main/DEBUG] [net.minecraftforge.fml.loading.moddiscovery.ModFileInfo/LOADING]: Found valid mod file fabric-entity-events-v1-1.6.0+4ca7515277.jar with {fabric_entity_events_v1} mods - versions {1.6.0+4ca7515277}
[13Sep2026 20:57:54.217] [main/DEBUG] [net.minecraftforge.fml.loading.moddiscovery.ModFileParser/LOADING]: Considering mod file candidate 
[13Sep2026 20:57:54.217] [main/DEBUG] [net.minecraftforge.fml.loading.moddiscovery.ModFileInfo/LOADING]: Found valid mod file fabric-events-interaction-v0-0.6.2+0d0bd5a777.jar with {fabric_events_interaction_v0} mods - versions {0.6.2+0d0bd5a777}
[13Sep2026 20:57:54.219] [main/DEBUG] [net.minecraftforge.fml.loading.moddiscovery.ModFileParser/LOADING]: Considering mod file candidate 
[13Sep2026 20:57:54.220] [main/DEBUG] [net.minecraftforge.fml.loading.moddiscovery.ModFileInfo/LOADING]: Found valid mod file fabric-game-rule-api-v1-1.0.40+683d4da877.jar with {fabric_game_rule_api_v1} mods - versions {1.0.40+683d4da877}
[13Sep2026 20:57:54.221] [main/DEBUG] [net.minecraftforge.fml.loading.moddiscovery.ModFileParser/LOADING]: Considering mod file candidate 
[13Sep2026 20:57:54.222] [main/DEBUG] [net.minecraftforge.fml.loading.moddiscovery.ModFileInfo/LOADING]: Found valid mod file fabric-item-api-v1-2.1.28+4d0bbcfa77.jar with {fabric_item_api_v1} mods - versions {2.1.28+4d0bbcfa77}
[13Sep2026 20:57:54.223] [main/DEBUG] [net.minecraftforge.fml.loading.moddiscovery.ModFileParser/LOADING]: Considering mod file candidate 
[13Sep2026 20:57:54.224] [main/DEBUG] [net.minecraftforge.fml.loading.moddiscovery.ModFileInfo/LOADING]: Found valid mod file fabric-item-group-api-v1-4.0.12+c9161c2d77.jar with {fabric_item_group_api_v1} mods - versions {4.0.12+c9161c2d77}
[13Sep2026 20:57:54.225] [main/DEBUG] [net.minecraftforge.fml.loading.moddiscovery.ModFileParser/LOADING]: Considering mod file candidate 
[13Sep2026 20:57:54.225] [main/DEBUG] [net.minecraftforge.fml.loading.moddiscovery.ModFileInfo/LOADING]: Found valid mod file fabric-key-binding-api-v1-1.0.37+561530ec77.jar with {fabric_key_binding_api_v1} mods - versions {1.0.37+561530ec77}
[13Sep2026 20:57:54.230] [main/DEBUG] [net.minecraftforge.fml.loading.moddiscovery.ModFileParser/LOADING]: Considering mod file candidate 
[13Sep2026 20:57:54.231] [main/DEBUG] [net.minecraftforge.fml.loading.moddiscovery.ModFileInfo/LOADING]: Found valid mod file fabric-lifecycle-events-v1-2.2.22+afab492177.jar with {fabric_lifecycle_events_v1} mods - versions {2.2.22+afab492177}
[13Sep2026 20:57:54.232] [main/DEBUG] [net.minecraftforge.fml.loading.moddiscovery.ModFileParser/LOADING]: Considering mod file candidate 
[13Sep2026 20:57:54.233] [main/DEBUG] [net.minecraftforge.fml.loading.moddiscovery.ModFileInfo/LOADING]: Found valid mod file fabric-loot-api-v2-1.2.1+eb28f93e77.jar with {fabric_loot_api_v2} mods - versions {1.2.1+eb28f93e77}
[13Sep2026 20:57:54.235] [main/DEBUG] [net.minecraftforge.fml.loading.moddiscovery.ModFileParser/LOADING]: Considering mod file candidate 
[13Sep2026 20:57:54.235] [main/DEBUG] [net.minecraftforge.fml.loading.moddiscovery.ModFileInfo/LOADING]: Found valid mod file fabric-message-api-v1-5.1.9+52cc178c77.jar with {fabric_message_api_v1} mods - versions {5.1.9+52cc178c77}
[13Sep2026 20:57:54.236] [main/DEBUG] [net.minecraftforge.fml.loading.moddiscovery.ModFileParser/LOADING]: Considering mod file candidate 
[13Sep2026 20:57:54.237] [main/DEBUG] [net.minecraftforge.fml.loading.moddiscovery.ModFileInfo/LOADING]: Found valid mod file fabric-mining-level-api-v1-2.1.50+561530ec77.jar with {fabric_mining_level_api_v1} mods - versions {2.1.50+561530ec77}
[13Sep2026 20:57:54.239] [main/DEBUG] [net.minecraftforge.fml.loading.moddiscovery.ModFileParser/LOADING]: Considering mod file candidate 
[13Sep2026 20:57:54.240] [main/DEBUG] [net.minecraftforge.fml.loading.moddiscovery.ModFileInfo/LOADING]: Found valid mod file fabric-model-loading-api-v1-1.0.3+6274ab9d77.jar with {fabric_model_loading_api_v1} mods - versions {1.0.3+6274ab9d77}
[13Sep2026 20:57:54.243] [main/DEBUG] [net.minecraftforge.fml.loading.moddiscovery.ModFileParser/LOADING]: Considering mod file candidate 
[13Sep2026 20:57:54.243] [main/DEBUG] [net.minecraftforge.fml.loading.moddiscovery.ModFileInfo/LOADING]: Found valid mod file fabric-networking-api-v1-1.3.11+503a202477.jar with {fabric_networking_api_v1} mods - versions {1.3.11+503a202477}
[13Sep2026 20:57:54.245] [main/DEBUG] [net.minecraftforge.fml.loading.moddiscovery.ModFileParser/LOADING]: Considering mod file candidate 
[13Sep2026 20:57:54.246] [main/DEBUG] [net.minecraftforge.fml.loading.moddiscovery.ModFileInfo/LOADING]: Found valid mod file fabric-object-builder-api-v1-11.1.3+4bd998fa77.jar with {fabric_object_builder_api_v1} mods - versions {11.1.3+4bd998fa77}
[13Sep2026 20:57:54.248] [main/DEBUG] [net.minecraftforge.fml.loading.moddiscovery.ModFileParser/LOADING]: Considering mod file candidate 
[13Sep2026 20:57:54.248] [main/DEBUG] [net.minecraftforge.fml.loading.moddiscovery.ModFileInfo/LOADING]: Found valid mod file fabric-particles-v1-1.1.2+78e1ecb877.jar with {fabric_particles_v1} mods - versions {1.1.2+78e1ecb877}
[13Sep2026 20:57:54.250] [main/DEBUG] [net.minecraftforge.fml.loading.moddiscovery.ModFileParser/LOADING]: Considering mod file candidate 
[13Sep2026 20:57:54.253] [main/DEBUG] [net.minecraftforge.fml.loading.moddiscovery.ModFileInfo/LOADING]: Found valid mod file fabric-recipe-api-v1-1.0.21+514a076577.jar with {fabric_recipe_api_v1} mods - versions {1.0.21+514a076577}
[13Sep2026 20:57:54.256] [main/DEBUG] [net.minecraftforge.fml.loading.moddiscovery.ModFileParser/LOADING]: Considering mod file candidate 
[13Sep2026 20:57:54.256] [main/DEBUG] [net.minecraftforge.fml.loading.moddiscovery.ModFileInfo/LOADING]: Found valid mod file fabric-registry-sync-v0-2.3.3+1c0ea72177.jar with {fabric_registry_sync_v0} mods - versions {2.3.3+1c0ea72177}
[13Sep2026 20:57:54.258] [main/DEBUG] [net.minecraftforge.fml.loading.moddiscovery.ModFileParser/LOADING]: Considering mod file candidate 
[13Sep2026 20:57:54.259] [main/DEBUG] [net.minecraftforge.fml.loading.moddiscovery.ModFileInfo/LOADING]: Found valid mod file fabric-renderer-api-v1-3.2.1+cf68abbe77.jar with {fabric_renderer_api_v1} mods - versions {3.2.1+cf68abbe77}
[13Sep2026 20:57:54.262] [main/DEBUG] [net.minecraftforge.fml.loading.moddiscovery.ModFileParser/LOADING]: Considering mod file candidate 
[13Sep2026 20:57:54.263] [main/DEBUG] [net.minecraftforge.fml.loading.moddiscovery.ModFileInfo/LOADING]: Found valid mod file fabric-renderer-indigo-1.5.2+b5b2da4177.jar with {fabric_renderer_indigo} mods - versions {1.5.2+b5b2da4177}
[13Sep2026 20:57:54.264] [main/DEBUG] [net.minecraftforge.fml.loading.moddiscovery.ModFileParser/LOADING]: Considering mod file candidate 
[13Sep2026 20:57:54.266] [main/DEBUG] [net.minecraftforge.fml.loading.moddiscovery.ModFileInfo/LOADING]: Found valid mod file fabric-rendering-fluids-v1-3.0.28+4ac5e37a77.jar with {fabric_rendering_fluids_v1} mods - versions {3.0.28+4ac5e37a77}
[13Sep2026 20:57:54.269] [main/DEBUG] [net.minecraftforge.fml.loading.moddiscovery.ModFileParser/LOADING]: Considering mod file candidate 
[13Sep2026 20:57:54.270] [main/DEBUG] [net.minecraftforge.fml.loading.moddiscovery.ModFileInfo/LOADING]: Found valid mod file fabric-rendering-v1-3.0.8+66e9a48f77.jar with {fabric_rendering_v1} mods - versions {3.0.8+66e9a48f77}
[13Sep2026 20:57:54.271] [main/DEBUG] [net.minecraftforge.fml.loading.moddiscovery.ModFileParser/LOADING]: Considering mod file candidate 
[13Sep2026 20:57:54.272] [main/DEBUG] [net.minecraftforge.fml.loading.moddiscovery.ModFileInfo/LOADING]: Found valid mod file fabric-resource-conditions-api-v1-2.3.8+9e342fc177.jar with {fabric_resource_conditions_api_v1} mods - versions {2.3.8+9e342fc177}
[13Sep2026 20:57:54.273] [main/DEBUG] [net.minecraftforge.fml.loading.moddiscovery.ModFileParser/LOADING]: Considering mod file candidate 
[13Sep2026 20:57:54.274] [main/DEBUG] [net.minecraftforge.fml.loading.moddiscovery.ModFileInfo/LOADING]: Found valid mod file fabric-resource-loader-v0-0.11.10+bcd08ed377.jar with {fabric_resource_loader_v0} mods - versions {0.11.10+bcd08ed377}
[13Sep2026 20:57:54.279] [main/DEBUG] [net.minecraftforge.fml.loading.moddiscovery.ModFileParser/LOADING]: Considering mod file candidate 
[13Sep2026 20:57:54.280] [main/DEBUG] [net.minecraftforge.fml.loading.moddiscovery.ModFileInfo/LOADING]: Found valid mod file fabric-screen-api-v1-2.0.8+45a670a577.jar with {fabric_screen_api_v1} mods - versions {2.0.8+45a670a577}
[13Sep2026 20:57:54.281] [main/DEBUG] [net.minecraftforge.fml.loading.moddiscovery.ModFileParser/LOADING]: Considering mod file candidate 
[13Sep2026 20:57:54.282] [main/DEBUG] [net.minecraftforge.fml.loading.moddiscovery.ModFileInfo/LOADING]: Found valid mod file fabric-screen-handler-api-v1-1.3.30+561530ec77.jar with {fabric_screen_handler_api_v1} mods - versions {1.3.30+561530ec77}
[13Sep2026 20:57:54.284] [main/DEBUG] [net.minecraftforge.fml.loading.moddiscovery.ModFileParser/LOADING]: Considering mod file candidate 
[13Sep2026 20:57:54.285] [main/DEBUG] [net.minecraftforge.fml.loading.moddiscovery.ModFileInfo/LOADING]: Found valid mod file fabric-sound-api-v1-1.0.13+4f23bd8477.jar with {fabric_sound_api_v1} mods - versions {1.0.13+4f23bd8477}
[13Sep2026 20:57:54.294] [main/DEBUG] [net.minecraftforge.fml.loading.moddiscovery.ModFileParser/LOADING]: Considering mod file candidate 
[13Sep2026 20:57:54.295] [main/DEBUG] [net.minecraftforge.fml.loading.moddiscovery.ModFileInfo/LOADING]: Found valid mod file fabric-transfer-api-v1-3.3.5+631c9cd677.jar with {fabric_transfer_api_v1} mods - versions {3.3.5+631c9cd677}
[13Sep2026 20:57:54.296] [main/DEBUG] [net.minecraftforge.fml.loading.moddiscovery.ModFileParser/LOADING]: Considering mod file candidate 
[13Sep2026 20:57:54.296] [main/DEBUG] [net.minecraftforge.fml.loading.moddiscovery.ModFileInfo/LOADING]: Found valid mod file fabric-transitive-access-wideners-v1-4.3.1+1880499877.jar with {fabric_transitive_access_wideners_v1} mods - versions {4.3.1+1880499877}
[13Sep2026 20:57:54.298] [main/DEBUG] [net.minecraftforge.fml.loading.moddiscovery.ModFileParser/LOADING]: Considering mod file candidate 
[13Sep2026 20:57:54.300] [main/DEBUG] [net.minecraftforge.fml.loading.moddiscovery.ModFileInfo/LOADING]: Found valid mod file fabric-command-api-v1-1.2.34+f71b366f77.jar with {fabric_command_api_v1} mods - versions {1.2.34+f71b366f77}
[13Sep2026 20:57:54.303] [main/DEBUG] [net.minecraftforge.fml.loading.moddiscovery.ModFileParser/LOADING]: Considering mod file candidate 
[13Sep2026 20:57:54.305] [main/DEBUG] [net.minecraftforge.fml.loading.moddiscovery.ModFileInfo/LOADING]: Found valid mod file fabric-models-v0-0.4.2+7c3892a477.jar with {fabric_models_v0} mods - versions {0.4.2+7c3892a477}
[13Sep2026 20:57:54.306] [main/DEBUG] [net.minecraftforge.fml.loading.moddiscovery.ModFileParser/LOADING]: Considering mod file candidate 
[13Sep2026 20:57:54.307] [main/DEBUG] [net.minecraftforge.fml.loading.moddiscovery.ModFileInfo/LOADING]: Found valid mod file fabric-rendering-data-attachment-v1-0.3.37+a6081afc77.jar with {fabric_rendering_data_attachment_v1} mods - versions {0.3.37+a6081afc77}
[13Sep2026 20:57:54.307] [main/DEBUG] [net.minecraftforge.fml.loading.moddiscovery.AbstractJarFileDependencyLocator/]: Failed to load resource META-INF/jarjar/metadata.json from TRansition-1.0.21-1.20.1-forge-SNAPSHOT.jar, it does not contain dependency information.
[13Sep2026 20:57:54.307] [main/DEBUG] [net.minecraftforge.fml.loading.moddiscovery.AbstractJarFileDependencyLocator/]: Failed to load resource META-INF/jarjar/metadata.json from TRender-1.0.15-1.20.1-forge-SNAPSHOT.jar, it does not contain dependency information.
[13Sep2026 20:57:54.315] [main/DEBUG] [net.minecraftforge.fml.loading.moddiscovery.AbstractJarFileDependencyLocator/]: Failed to load resource META-INF/jarjar/metadata.json from NanoLiveConfig-1.2.1.jar, it does not contain dependency information.
[13Sep2026 20:57:54.328] [main/DEBUG] [net.minecraftforge.fml.loading.moddiscovery.AbstractJarFileDependencyLocator/]: Failed to load resource META-INF/jarjar/metadata.json from Reflect-1.6.2.jar, it does not contain dependency information.
[13Sep2026 20:57:54.349] [main/DEBUG] [net.minecraftforge.fml.loading.moddiscovery.AbstractJarFileDependencyLocator/]: Failed to load resource META-INF/jarjar/metadata.json from xaerolib-forge-1.20.1-1.7.1.jar, it does not contain dependency information.
[13Sep2026 20:57:54.355] [main/DEBUG] [net.minecraftforge.fml.loading.moddiscovery.AbstractJarFileDependencyLocator/]: Failed to load resource META-INF/jarjar/metadata.json from snakeyaml-2.2.jar, it does not contain dependency information.
[13Sep2026 20:57:54.388] [main/DEBUG] [net.minecraftforge.fml.loading.moddiscovery.AbstractJarFileDependencyLocator/]: Failed to load resource META-INF/jarjar/metadata.json from fabric-api-base-0.4.31+ef105b4977.jar, it does not contain dependency information.
[13Sep2026 20:57:54.396] [main/DEBUG] [net.minecraftforge.fml.loading.moddiscovery.AbstractJarFileDependencyLocator/]: Failed to load resource META-INF/jarjar/metadata.json from architectury-forge-9.2.14.jar, it does not contain dependency information.
[13Sep2026 20:57:54.402] [main/DEBUG] [net.minecraftforge.fml.loading.moddiscovery.AbstractJarFileDependencyLocator/]: Failed to load resource META-INF/jarjar/metadata.json from MixinExtras-0.5.0.jar, it does not contain dependency information.
[13Sep2026 20:57:54.402] [main/DEBUG] [net.minecraftforge.fml.loading.moddiscovery.AbstractJarFileDependencyLocator/]: Failed to load resource META-INF/jarjar/metadata.json from MixinExtras-0.3.6.jar, it does not contain dependency information.
[13Sep2026 20:57:54.402] [main/DEBUG] [net.minecraftforge.fml.loading.moddiscovery.AbstractJarFileDependencyLocator/]: Failed to load resource META-INF/jarjar/metadata.json from MixinExtras-0.4.1.jar, it does not contain dependency information.
[13Sep2026 20:57:54.402] [main/DEBUG] [net.minecraftforge.fml.loading.moddiscovery.AbstractJarFileDependencyLocator/]: Failed to load resource META-INF/jarjar/metadata.json from MixinExtras-0.4.1.jar, it does not contain dependency information.
[13Sep2026 20:57:54.402] [main/DEBUG] [net.minecraftforge.fml.loading.moddiscovery.AbstractJarFileDependencyLocator/]: Failed to load resource META-INF/jarjar/metadata.json from MixinExtras-0.3.5.jar, it does not contain dependency information.
[13Sep2026 20:57:54.402] [main/DEBUG] [net.minecraftforge.fml.loading.moddiscovery.AbstractJarFileDependencyLocator/]: Failed to load resource META-INF/jarjar/metadata.json from fabric-loader-2.6.0+0.15.0+1.20.1-full.jar, it does not contain dependency information.
[13Sep2026 20:57:54.408] [main/DEBUG] [net.minecraftforge.fml.loading.moddiscovery.AbstractJarFileDependencyLocator/]: Failed to load resource META-INF/jarjar/metadata.json from fabric-api-base-0.4.31+ef105b4977.jar, it does not contain dependency information.
[13Sep2026 20:57:54.408] [main/DEBUG] [net.minecraftforge.fml.loading.moddiscovery.AbstractJarFileDependencyLocator/]: Failed to load resource META-INF/jarjar/metadata.json from fabric-api-lookup-api-v1-1.6.36+67f9824077.jar, it does not contain dependency information.
[13Sep2026 20:57:54.408] [main/DEBUG] [net.minecraftforge.fml.loading.moddiscovery.AbstractJarFileDependencyLocator/]: Failed to load resource META-INF/jarjar/metadata.json from fabric-biome-api-v1-13.0.13+dc36698e77.jar, it does not contain dependency information.
[13Sep2026 20:57:54.408] [main/DEBUG] [net.minecraftforge.fml.loading.moddiscovery.AbstractJarFileDependencyLocator/]: Failed to load resource META-INF/jarjar/metadata.json from fabric-block-api-v1-1.0.11+0e6cb7f777.jar, it does not contain dependency information.
[13Sep2026 20:57:54.408] [main/DEBUG] [net.minecraftforge.fml.loading.moddiscovery.AbstractJarFileDependencyLocator/]: Failed to load resource META-INF/jarjar/metadata.json from fabric-block-view-api-v2-1.0.1+0767707077.jar, it does not contain dependency information.
[13Sep2026 20:57:54.408] [main/DEBUG] [net.minecraftforge.fml.loading.moddiscovery.AbstractJarFileDependencyLocator/]: Failed to load resource META-INF/jarjar/metadata.json from fabric-blockrenderlayer-v1-1.1.41+1d0da21e77.jar, it does not contain dependency information.
[13Sep2026 20:57:54.409] [main/DEBUG] [net.minecraftforge.fml.loading.moddiscovery.AbstractJarFileDependencyLocator/]: Failed to load resource META-INF/jarjar/metadata.json from fabric-client-tags-api-v1-1.1.2+5d6761b877.jar, it does not contain dependency information.
[13Sep2026 20:57:54.409] [main/DEBUG] [net.minecraftforge.fml.loading.moddiscovery.AbstractJarFileDependencyLocator/]: Failed to load resource META-INF/jarjar/metadata.json from fabric-command-api-v2-2.2.13+561530ec77.jar, it does not contain dependency information.
[13Sep2026 20:57:54.409] [main/DEBUG] [net.minecraftforge.fml.loading.moddiscovery.AbstractJarFileDependencyLocator/]: Failed to load resource META-INF/jarjar/metadata.json from fabric-content-registries-v0-4.0.11+a670df1e77.jar, it does not contain dependency information.
[13Sep2026 20:57:54.409] [main/DEBUG] [net.minecraftforge.fml.loading.moddiscovery.AbstractJarFileDependencyLocator/]: Failed to load resource META-INF/jarjar/metadata.json from fabric-convention-tags-v1-1.5.5+fa3d1c0177.jar, it does not contain dependency information.
[13Sep2026 20:57:54.409] [main/DEBUG] [net.minecraftforge.fml.loading.moddiscovery.AbstractJarFileDependencyLocator/]: Failed to load resource META-INF/jarjar/metadata.json from fabric-data-attachment-api-v1-1.0.0+30ef839e77.jar, it does not contain dependency information.
[13Sep2026 20:57:54.409] [main/DEBUG] [net.minecraftforge.fml.loading.moddiscovery.AbstractJarFileDependencyLocator/]: Failed to load resource META-INF/jarjar/metadata.json from fabric-data-generation-api-v1-12.3.4+369cb3a477.jar, it does not contain dependency information.
[13Sep2026 20:57:54.409] [main/DEBUG] [net.minecraftforge.fml.loading.moddiscovery.AbstractJarFileDependencyLocator/]: Failed to load resource META-INF/jarjar/metadata.json from fabric-dimensions-v1-2.1.54+8005d10d77.jar, it does not contain dependency information.
[13Sep2026 20:57:54.409] [main/DEBUG] [net.minecraftforge.fml.loading.moddiscovery.AbstractJarFileDependencyLocator/]: Failed to load resource META-INF/jarjar/metadata.json from fabric-entity-events-v1-1.6.0+4ca7515277.jar, it does not contain dependency information.
[13Sep2026 20:57:54.409] [main/DEBUG] [net.minecraftforge.fml.loading.moddiscovery.AbstractJarFileDependencyLocator/]: Failed to load resource META-INF/jarjar/metadata.json from fabric-events-interaction-v0-0.6.2+0d0bd5a777.jar, it does not contain dependency information.
[13Sep2026 20:57:54.409] [main/DEBUG] [net.minecraftforge.fml.loading.moddiscovery.AbstractJarFileDependencyLocator/]: Failed to load resource META-INF/jarjar/metadata.json from fabric-game-rule-api-v1-1.0.40+683d4da877.jar, it does not contain dependency information.
[13Sep2026 20:57:54.410] [main/DEBUG] [net.minecraftforge.fml.loading.moddiscovery.AbstractJarFileDependencyLocator/]: Failed to load resource META-INF/jarjar/metadata.json from fabric-item-api-v1-2.1.28+4d0bbcfa77.jar, it does not contain dependency information.
[13Sep2026 20:57:54.410] [main/DEBUG] [net.minecraftforge.fml.loading.moddiscovery.AbstractJarFileDependencyLocator/]: Failed to load resource META-INF/jarjar/metadata.json from fabric-item-group-api-v1-4.0.12+c9161c2d77.jar, it does not contain dependency information.
[13Sep2026 20:57:54.410] [main/DEBUG] [net.minecraftforge.fml.loading.moddiscovery.AbstractJarFileDependencyLocator/]: Failed to load resource META-INF/jarjar/metadata.json from fabric-key-binding-api-v1-1.0.37+561530ec77.jar, it does not contain dependency information.
[13Sep2026 20:57:54.410] [main/DEBUG] [net.minecraftforge.fml.loading.moddiscovery.AbstractJarFileDependencyLocator/]: Failed to load resource META-INF/jarjar/metadata.json from fabric-lifecycle-events-v1-2.2.22+afab492177.jar, it does not contain dependency information.
[13Sep2026 20:57:54.410] [main/DEBUG] [net.minecraftforge.fml.loading.moddiscovery.AbstractJarFileDependencyLocator/]: Failed to load resource META-INF/jarjar/metadata.json from fabric-loot-api-v2-1.2.1+eb28f93e77.jar, it does not contain dependency information.
[13Sep2026 20:57:54.410] [main/DEBUG] [net.minecraftforge.fml.loading.moddiscovery.AbstractJarFileDependencyLocator/]: Failed to load resource META-INF/jarjar/metadata.json from fabric-message-api-v1-5.1.9+52cc178c77.jar, it does not contain dependency information.
[13Sep2026 20:57:54.410] [main/DEBUG] [net.minecraftforge.fml.loading.moddiscovery.AbstractJarFileDependencyLocator/]: Failed to load resource META-INF/jarjar/metadata.json from fabric-mining-level-api-v1-2.1.50+561530ec77.jar, it does not contain dependency information.
[13Sep2026 20:57:54.410] [main/DEBUG] [net.minecraftforge.fml.loading.moddiscovery.AbstractJarFileDependencyLocator/]: Failed to load resource META-INF/jarjar/metadata.json from fabric-model-loading-api-v1-1.0.3+6274ab9d77.jar, it does not contain dependency information.
[13Sep2026 20:57:54.410] [main/DEBUG] [net.minecraftforge.fml.loading.moddiscovery.AbstractJarFileDependencyLocator/]: Failed to load resource META-INF/jarjar/metadata.json from fabric-networking-api-v1-1.3.11+503a202477.jar, it does not contain dependency information.
[13Sep2026 20:57:54.410] [main/DEBUG] [net.minecraftforge.fml.loading.moddiscovery.AbstractJarFileDependencyLocator/]: Failed to load resource META-INF/jarjar/metadata.json from fabric-object-builder-api-v1-11.1.3+4bd998fa77.jar, it does not contain dependency information.
[13Sep2026 20:57:54.410] [main/DEBUG] [net.minecraftforge.fml.loading.moddiscovery.AbstractJarFileDependencyLocator/]: Failed to load resource META-INF/jarjar/metadata.json from fabric-particles-v1-1.1.2+78e1ecb877.jar, it does not contain dependency information.
[13Sep2026 20:57:54.411] [main/DEBUG] [net.minecraftforge.fml.loading.moddiscovery.AbstractJarFileDependencyLocator/]: Failed to load resource META-INF/jarjar/metadata.json from fabric-recipe-api-v1-1.0.21+514a076577.jar, it does not contain dependency information.
[13Sep2026 20:57:54.411] [main/DEBUG] [net.minecraftforge.fml.loading.moddiscovery.AbstractJarFileDependencyLocator/]: Failed to load resource META-INF/jarjar/metadata.json from fabric-registry-sync-v0-2.3.3+1c0ea72177.jar, it does not contain dependency information.
[13Sep2026 20:57:54.411] [main/DEBUG] [net.minecraftforge.fml.loading.moddiscovery.AbstractJarFileDependencyLocator/]: Failed to load resource META-INF/jarjar/metadata.json from fabric-renderer-api-v1-3.2.1+cf68abbe77.jar, it does not contain dependency information.
[13Sep2026 20:57:54.411] [main/DEBUG] [net.minecraftforge.fml.loading.moddiscovery.AbstractJarFileDependencyLocator/]: Failed to load resource META-INF/jarjar/metadata.json from fabric-renderer-indigo-1.5.2+b5b2da4177.jar, it does not contain dependency information.
[13Sep2026 20:57:54.411] [main/DEBUG] [net.minecraftforge.fml.loading.moddiscovery.AbstractJarFileDependencyLocator/]: Failed to load resource META-INF/jarjar/metadata.json from fabric-rendering-fluids-v1-3.0.28+4ac5e37a77.jar, it does not contain dependency information.
[13Sep2026 20:57:54.411] [main/DEBUG] [net.minecraftforge.fml.loading.moddiscovery.AbstractJarFileDependencyLocator/]: Failed to load resource META-INF/jarjar/metadata.json from fabric-rendering-v1-3.0.8+66e9a48f77.jar, it does not contain dependency information.
[13Sep2026 20:57:54.411] [main/DEBUG] [net.minecraftforge.fml.loading.moddiscovery.AbstractJarFileDependencyLocator/]: Failed to load resource META-INF/jarjar/metadata.json from fabric-resource-conditions-api-v1-2.3.8+9e342fc177.jar, it does not contain dependency information.
[13Sep2026 20:57:54.411] [main/DEBUG] [net.minecraftforge.fml.loading.moddiscovery.AbstractJarFileDependencyLocator/]: Failed to load resource META-INF/jarjar/metadata.json from fabric-resource-loader-v0-0.11.10+bcd08ed377.jar, it does not contain dependency information.
[13Sep2026 20:57:54.411] [main/DEBUG] [net.minecraftforge.fml.loading.moddiscovery.AbstractJarFileDependencyLocator/]: Failed to load resource META-INF/jarjar/metadata.json from fabric-screen-api-v1-2.0.8+45a670a577.jar, it does not contain dependency information.
[13Sep2026 20:57:54.411] [main/DEBUG] [net.minecraftforge.fml.loading.moddiscovery.AbstractJarFileDependencyLocator/]: Failed to load resource META-INF/jarjar/metadata.json from fabric-screen-handler-api-v1-1.3.30+561530ec77.jar, it does not contain dependency information.
[13Sep2026 20:57:54.411] [main/DEBUG] [net.minecraftforge.fml.loading.moddiscovery.AbstractJarFileDependencyLocator/]: Failed to load resource META-INF/jarjar/metadata.json from fabric-sound-api-v1-1.0.13+4f23bd8477.jar, it does not contain dependency information.
[13Sep2026 20:57:54.411] [main/DEBUG] [net.minecraftforge.fml.loading.moddiscovery.AbstractJarFileDependencyLocator/]: Failed to load resource META-INF/jarjar/metadata.json from fabric-transfer-api-v1-3.3.5+631c9cd677.jar, it does not contain dependency information.
[13Sep2026 20:57:54.412] [main/DEBUG] [net.minecraftforge.fml.loading.moddiscovery.AbstractJarFileDependencyLocator/]: Failed to load resource META-INF/jarjar/metadata.json from fabric-transitive-access-wideners-v1-4.3.1+1880499877.jar, it does not contain dependency information.
[13Sep2026 20:57:54.412] [main/DEBUG] [net.minecraftforge.fml.loading.moddiscovery.AbstractJarFileDependencyLocator/]: Failed to load resource META-INF/jarjar/metadata.json from fabric-command-api-v1-1.2.34+f71b366f77.jar, it does not contain dependency information.
[13Sep2026 20:57:54.412] [main/DEBUG] [net.minecraftforge.fml.loading.moddiscovery.AbstractJarFileDependencyLocator/]: Failed to load resource META-INF/jarjar/metadata.json from fabric-models-v0-0.4.2+7c3892a477.jar, it does not contain dependency information.
[13Sep2026 20:57:54.412] [main/DEBUG] [net.minecraftforge.fml.loading.moddiscovery.AbstractJarFileDependencyLocator/]: Failed to load resource META-INF/jarjar/metadata.json from fabric-rendering-data-attachment-v1-0.3.37+a6081afc77.jar, it does not contain dependency information.
[13Sep2026 20:57:54.412] [main/DEBUG] [net.minecraftforge.fml.loading.moddiscovery.AbstractJarFileDependencyLocator/]: Failed to load resource META-INF/jarjar/metadata.json from MixinExtras-0.4.1.jar, it does not contain dependency information.
[13Sep2026 20:57:54.412] [main/DEBUG] [net.minecraftforge.fml.loading.moddiscovery.AbstractJarFileDependencyLocator/]: Failed to load resource META-INF/jarjar/metadata.json from MixinExtras-0.4.1.jar, it does not contain dependency information.
[13Sep2026 20:57:54.412] [main/DEBUG] [net.minecraftforge.fml.loading.moddiscovery.AbstractJarFileDependencyLocator/]: Failed to load resource META-INF/jarjar/metadata.json from MixinExtras-0.3.6.jar, it does not contain dependency information.
[13Sep2026 20:57:54.412] [main/DEBUG] [net.minecraftforge.fml.loading.moddiscovery.AbstractJarFileDependencyLocator/]: Failed to load resource META-INF/jarjar/metadata.json from MixinExtras-0.4.1.jar, it does not contain dependency information.
[13Sep2026 20:57:54.412] [main/DEBUG] [net.minecraftforge.fml.loading.moddiscovery.AbstractJarFileDependencyLocator/]: Failed to load resource META-INF/jarjar/metadata.json from MixinExtras-0.2.0-rc.2.jar, it does not contain dependency information.
[13Sep2026 20:57:54.412] [main/DEBUG] [net.minecraftforge.fml.loading.moddiscovery.AbstractJarFileDependencyLocator/]: Failed to load resource META-INF/jarjar/metadata.json from MixinExtras-0.4.1.jar, it does not contain dependency information.
[13Sep2026 20:57:54.412] [main/DEBUG] [net.minecraftforge.fml.loading.moddiscovery.AbstractJarFileDependencyLocator/]: Failed to load resource META-INF/jarjar/metadata.json from MixinExtras-0.4.1.jar, it does not contain dependency information.
[13Sep2026 20:57:54.412] [main/DEBUG] [net.minecraftforge.fml.loading.moddiscovery.AbstractJarFileDependencyLocator/]: Failed to load resource META-INF/jarjar/metadata.json from MixinExtras-0.3.6.jar, it does not contain dependency information.
[13Sep2026 20:57:54.413] [main/DEBUG] [net.minecraftforge.fml.loading.moddiscovery.AbstractJarFileDependencyLocator/]: Failed to load resource META-INF/jarjar/metadata.json from MixinSquared-0.1.1.jar, it does not contain dependency information.
[13Sep2026 20:57:54.413] [main/DEBUG] [net.minecraftforge.fml.loading.moddiscovery.AbstractJarFileDependencyLocator/]: Failed to load resource META-INF/jarjar/metadata.json from MixinExtras-0.5.0.jar, it does not contain dependency information.
[13Sep2026 20:57:54.413] [main/DEBUG] [net.minecraftforge.fml.loading.moddiscovery.AbstractJarFileDependencyLocator/]: Failed to load resource META-INF/jarjar/metadata.json from MixinExtras-0.4.1.jar, it does not contain dependency information.
[13Sep2026 20:57:54.413] [main/DEBUG] [net.minecraftforge.fml.loading.moddiscovery.AbstractJarFileDependencyLocator/]: Failed to load resource META-INF/jarjar/metadata.json from MixinExtras-0.4.1.jar, it does not contain dependency information.
[13Sep2026 20:57:54.413] [main/DEBUG] [net.minecraftforge.fml.loading.moddiscovery.AbstractJarFileDependencyLocator/]: Failed to load resource META-INF/jarjar/metadata.json from MixinExtras-0.3.5.jar, it does not contain dependency information.
[13Sep2026 20:57:54.448] [main/DEBUG] [net.minecraftforge.fml.loading.moddiscovery.ModFileParser/LOADING]: Considering mod file candidate 
[13Sep2026 20:57:54.449] [main/DEBUG] [net.minecraftforge.fml.loading.moddiscovery.ModFileInfo/LOADING]: Found valid mod file architectury-forge-9.2.14.jar with {architectury} mods - versions {9.2.14}
[13Sep2026 20:57:54.450] [main/DEBUG] [net.minecraftforge.fml.loading.moddiscovery.ModFileParser/LOADING]: Considering mod file candidate 
[13Sep2026 20:57:54.451] [main/DEBUG] [net.minecraftforge.fml.loading.moddiscovery.ModFileInfo/LOADING]: Found valid mod file fabric-api-lookup-api-v1-1.6.36+67f9824077.jar with {fabric_api_lookup_api_v1} mods - versions {1.6.36+67f9824077}
[13Sep2026 20:57:54.452] [main/DEBUG] [net.minecraftforge.fml.loading.moddiscovery.ModFileParser/LOADING]: Considering mod file candidate 
[13Sep2026 20:57:54.453] [main/DEBUG] [net.minecraftforge.fml.loading.moddiscovery.ModFileInfo/LOADING]: Found valid mod file fabric-command-api-v2-2.2.13+561530ec77.jar with {fabric_command_api_v2} mods - versions {2.2.13+561530ec77}
[13Sep2026 20:57:54.453] [main/DEBUG] [net.minecraftforge.fml.loading.moddiscovery.ModFileParser/LOADING]: Considering mod file candidate 
[13Sep2026 20:57:54.454] [main/DEBUG] [net.minecraftforge.fml.loading.moddiscovery.ModFileInfo/LOADING]: Found valid mod file fabric-rendering-data-attachment-v1-0.3.37+a6081afc77.jar with {fabric_rendering_data_attachment_v1} mods - versions {0.3.37+a6081afc77}
[13Sep2026 20:57:54.455] [main/DEBUG] [net.minecraftforge.fml.loading.moddiscovery.ModFileParser/LOADING]: Considering mod file candidate 
[13Sep2026 20:57:54.455] [main/DEBUG] [net.minecraftforge.fml.loading.moddiscovery.ModFileInfo/LOADING]: Found valid mod file fabric-recipe-api-v1-1.0.21+514a076577.jar with {fabric_recipe_api_v1} mods - versions {1.0.21+514a076577}
[13Sep2026 20:57:54.456] [main/DEBUG] [net.minecraftforge.fml.loading.moddiscovery.ModFileParser/LOADING]: Considering mod file candidate 
[13Sep2026 20:57:54.456] [main/DEBUG] [net.minecraftforge.fml.loading.moddiscovery.ModFileInfo/LOADING]: Found valid mod file fabric-resource-conditions-api-v1-2.3.8+9e342fc177.jar with {fabric_resource_conditions_api_v1} mods - versions {2.3.8+9e342fc177}
[13Sep2026 20:57:54.458] [main/DEBUG] [net.minecraftforge.fml.loading.moddiscovery.ModFileParser/LOADING]: Considering mod file candidate 
[13Sep2026 20:57:54.458] [main/DEBUG] [net.minecraftforge.fml.loading.moddiscovery.ModFileInfo/LOADING]: Found valid mod file fabric-data-generation-api-v1-12.3.4+369cb3a477.jar with {fabric_data_generation_api_v1} mods - versions {12.3.4+369cb3a477}
[13Sep2026 20:57:54.460] [main/DEBUG] [net.minecraftforge.fml.loading.moddiscovery.ModFileParser/LOADING]: Considering mod file candidate 
[13Sep2026 20:57:54.460] [main/DEBUG] [net.minecraftforge.fml.loading.moddiscovery.ModFileInfo/LOADING]: Found valid mod file fabric-content-registries-v0-4.0.11+a670df1e77.jar with {fabric_content_registries_v0} mods - versions {4.0.11+a670df1e77}
[13Sep2026 20:57:54.474] [main/DEBUG] [net.minecraftforge.fml.loading.moddiscovery.ModFileParser/LOADING]: Considering mod file candidate 
[13Sep2026 20:57:54.474] [main/DEBUG] [net.minecraftforge.fml.loading.moddiscovery.ModFileInfo/LOADING]: Found valid mod file fabric-model-loading-api-v1-1.0.3+6274ab9d77.jar with {fabric_model_loading_api_v1} mods - versions {1.0.3+6274ab9d77}
[13Sep2026 20:57:54.475] [main/DEBUG] [net.minecraftforge.fml.loading.moddiscovery.ModFileParser/LOADING]: Considering mod file candidate 
[13Sep2026 20:57:54.476] [main/DEBUG] [net.minecraftforge.fml.loading.moddiscovery.ModFileInfo/LOADING]: Found valid mod file fabric-blockrenderlayer-v1-1.1.41+1d0da21e77.jar with {fabric_blockrenderlayer_v1} mods - versions {1.1.41+1d0da21e77}
[13Sep2026 20:57:54.476] [main/DEBUG] [net.minecraftforge.fml.loading.moddiscovery.ModFileParser/LOADING]: Considering mod file candidate 
[13Sep2026 20:57:54.477] [main/DEBUG] [net.minecraftforge.fml.loading.moddiscovery.ModFileInfo/LOADING]: Found valid mod file fabric-command-api-v1-1.2.34+f71b366f77.jar with {fabric_command_api_v1} mods - versions {1.2.34+f71b366f77}
[13Sep2026 20:57:54.477] [main/DEBUG] [net.minecraftforge.fml.loading.moddiscovery.ModFileParser/LOADING]: Considering mod file candidate 
[13Sep2026 20:57:54.478] [main/DEBUG] [net.minecraftforge.fml.loading.moddiscovery.ModFileInfo/LOADING]: Found valid mod file mixinsquared-forge-0.1.1.jar with {mixinsquared} mods - versions {0.1.1}
[13Sep2026 20:57:54.480] [main/DEBUG] [net.minecraftforge.fml.loading.moddiscovery.ModFileParser/LOADING]: Considering mod file candidate 
[13Sep2026 20:57:54.481] [main/DEBUG] [net.minecraftforge.fml.loading.moddiscovery.ModFileInfo/LOADING]: Found valid mod file fabric-networking-api-v1-1.3.11+503a202477.jar with {fabric_networking_api_v1} mods - versions {1.3.11+503a202477}
[13Sep2026 20:57:54.485] [main/DEBUG] [net.minecraftforge.fml.loading.moddiscovery.ModFileParser/LOADING]: Considering mod file candidate 
[13Sep2026 20:57:54.485] [main/DEBUG] [net.minecraftforge.fml.loading.moddiscovery.ModFileInfo/LOADING]: Found valid mod file TRender-1.0.15-1.20.1-forge-SNAPSHOT.jar with {trender} mods - versions {1.0.15}
[13Sep2026 20:57:54.501] [main/DEBUG] [net.minecraftforge.fml.loading.moddiscovery.ModFileParser/LOADING]: Considering mod file candidate 
[13Sep2026 20:57:54.502] [main/DEBUG] [net.minecraftforge.fml.loading.moddiscovery.ModFileInfo/LOADING]: Found valid mod file fabric-api-0.92.2+1.11.12+1.20.1.jar with {fabric_api} mods - versions {0.92.2+1.11.12+1.20.1}
[13Sep2026 20:57:54.503] [main/DEBUG] [net.minecraftforge.fml.loading.moddiscovery.ModFileParser/LOADING]: Considering mod file candidate 
[13Sep2026 20:57:54.504] [main/DEBUG] [net.minecraftforge.fml.loading.moddiscovery.ModFileInfo/LOADING]: Found valid mod file fabric-sound-api-v1-1.0.13+4f23bd8477.jar with {fabric_sound_api_v1} mods - versions {1.0.13+4f23bd8477}
[13Sep2026 20:57:54.505] [main/DEBUG] [net.minecraftforge.fml.loading.moddiscovery.ModFileParser/LOADING]: Considering mod file candidate 
[13Sep2026 20:57:54.506] [main/DEBUG] [net.minecraftforge.fml.loading.moddiscovery.ModFileInfo/LOADING]: Found valid mod file fabric-dimensions-v1-2.1.54+8005d10d77.jar with {fabric_dimensions_v1} mods - versions {2.1.54+8005d10d77}
[13Sep2026 20:57:54.507] [main/DEBUG] [net.minecraftforge.fml.loading.moddiscovery.ModFileParser/LOADING]: Considering mod file candidate 
[13Sep2026 20:57:54.507] [main/DEBUG] [net.minecraftforge.fml.loading.moddiscovery.ModFileInfo/LOADING]: Found valid mod file fabric-screen-handler-api-v1-1.3.30+561530ec77.jar with {fabric_screen_handler_api_v1} mods - versions {1.3.30+561530ec77}
[13Sep2026 20:57:54.525] [main/DEBUG] [net.minecraftforge.fml.loading.moddiscovery.ModFileParser/LOADING]: Considering mod file candidate 
[13Sep2026 20:57:54.527] [main/DEBUG] [net.minecraftforge.fml.loading.moddiscovery.ModFileInfo/LOADING]: Found valid mod file fabric-data-attachment-api-v1-1.0.0+30ef839e77.jar with {fabric_data_attachment_api_v1} mods - versions {1.0.0+30ef839e77}
[13Sep2026 20:57:54.530] [main/DEBUG] [net.minecraftforge.fml.loading.moddiscovery.ModFileParser/LOADING]: Considering mod file candidate 
[13Sep2026 20:57:54.531] [main/DEBUG] [net.minecraftforge.fml.loading.moddiscovery.ModFileInfo/LOADING]: Found valid mod file fabric-block-api-v1-1.0.11+0e6cb7f777.jar with {fabric_block_api_v1} mods - versions {1.0.11+0e6cb7f777}
[13Sep2026 20:57:54.533] [main/DEBUG] [net.minecraftforge.fml.loading.moddiscovery.ModFileParser/LOADING]: Considering mod file candidate 
[13Sep2026 20:57:54.534] [main/DEBUG] [net.minecraftforge.fml.loading.moddiscovery.ModFileInfo/LOADING]: Found valid mod file fabric-item-group-api-v1-4.0.12+c9161c2d77.jar with {fabric_item_group_api_v1} mods - versions {4.0.12+c9161c2d77}
[13Sep2026 20:57:54.536] [main/DEBUG] [net.minecraftforge.fml.loading.moddiscovery.ModFileParser/LOADING]: Considering mod file candidate 
[13Sep2026 20:57:54.538] [main/DEBUG] [net.minecraftforge.fml.loading.moddiscovery.ModFileInfo/LOADING]: Found valid mod file kuma-api-forge-20.1.12+1.20.1.jar with {kuma_api} mods - versions {20.1.12}
[13Sep2026 20:57:54.543] [main/DEBUG] [net.minecraftforge.fml.loading.moddiscovery.ModFileParser/LOADING]: Considering mod file candidate 
[13Sep2026 20:57:54.544] [main/DEBUG] [net.minecraftforge.fml.loading.moddiscovery.ModFileInfo/LOADING]: Found valid mod file fabric-transfer-api-v1-3.3.5+631c9cd677.jar with {fabric_transfer_api_v1} mods - versions {3.3.5+631c9cd677}
[13Sep2026 20:57:54.547] [main/DEBUG] [net.minecraftforge.fml.loading.moddiscovery.ModFileParser/LOADING]: Considering mod file candidate 
[13Sep2026 20:57:54.548] [main/DEBUG] [net.minecraftforge.fml.loading.moddiscovery.ModFileInfo/LOADING]: Found valid mod file fabric-lifecycle-events-v1-2.2.22+afab492177.jar with {fabric_lifecycle_events_v1} mods - versions {2.2.22+afab492177}
[13Sep2026 20:57:54.549] [main/DEBUG] [net.minecraftforge.fml.loading.moddiscovery.ModFileParser/LOADING]: Considering mod file candidate 
[13Sep2026 20:57:54.550] [main/DEBUG] [net.minecraftforge.fml.loading.moddiscovery.ModFileInfo/LOADING]: Found valid mod file fabric-item-api-v1-2.1.28+4d0bbcfa77.jar with {fabric_item_api_v1} mods - versions {2.1.28+4d0bbcfa77}
[13Sep2026 20:57:54.552] [main/DEBUG] [net.minecraftforge.fml.loading.moddiscovery.ModFileParser/LOADING]: Considering mod file candidate 
[13Sep2026 20:57:54.553] [main/DEBUG] [net.minecraftforge.fml.loading.moddiscovery.ModFileInfo/LOADING]: Found valid mod file fabric-resource-loader-v0-0.11.10+bcd08ed377.jar with {fabric_resource_loader_v0} mods - versions {0.11.10+bcd08ed377}
[13Sep2026 20:57:54.554] [main/DEBUG] [net.minecraftforge.fml.loading.moddiscovery.ModFileParser/LOADING]: Considering mod file candidate 
[13Sep2026 20:57:54.555] [main/DEBUG] [net.minecraftforge.fml.loading.moddiscovery.ModFileInfo/LOADING]: Found valid mod file fabric-rendering-fluids-v1-3.0.28+4ac5e37a77.jar with {fabric_rendering_fluids_v1} mods - versions {3.0.28+4ac5e37a77}
[13Sep2026 20:57:54.557] [main/DEBUG] [net.minecraftforge.fml.loading.moddiscovery.ModFileParser/LOADING]: Considering mod file candidate 
[13Sep2026 20:57:54.558] [main/DEBUG] [net.minecraftforge.fml.loading.moddiscovery.ModFileInfo/LOADING]: Found valid mod file fabric-api-base-0.4.31+ef105b4977.jar with {fabric_api_base} mods - versions {0.4.31+ef105b4977}
[13Sep2026 20:57:54.560] [main/DEBUG] [net.minecraftforge.fml.loading.moddiscovery.ModFileParser/LOADING]: Considering mod file candidate 
[13Sep2026 20:57:54.562] [main/DEBUG] [net.minecraftforge.fml.loading.moddiscovery.ModFileInfo/LOADING]: Found valid mod file fabric-rendering-v1-3.0.8+66e9a48f77.jar with {fabric_rendering_v1} mods - versions {3.0.8+66e9a48f77}
[13Sep2026 20:57:54.564] [main/DEBUG] [net.minecraftforge.fml.loading.moddiscovery.ModFileParser/LOADING]: Considering mod file candidate 
[13Sep2026 20:57:54.567] [main/DEBUG] [net.minecraftforge.fml.loading.moddiscovery.ModFileInfo/LOADING]: Found valid mod file fabric-registry-sync-v0-2.3.3+1c0ea72177.jar with {fabric_registry_sync_v0} mods - versions {2.3.3+1c0ea72177}
[13Sep2026 20:57:54.569] [main/DEBUG] [net.minecraftforge.fml.loading.moddiscovery.ModFileParser/LOADING]: Considering mod file candidate 
[13Sep2026 20:57:54.570] [main/DEBUG] [net.minecraftforge.fml.loading.moddiscovery.ModFileInfo/LOADING]: Found valid mod file fabric-client-tags-api-v1-1.1.2+5d6761b877.jar with {fabric_client_tags_api_v1} mods - versions {1.1.2+5d6761b877}
[13Sep2026 20:57:54.596] [main/DEBUG] [net.minecraftforge.fml.loading.moddiscovery.ModFileParser/LOADING]: Considering mod file candidate 
[13Sep2026 20:57:54.599] [main/DEBUG] [net.minecraftforge.fml.loading.moddiscovery.ModFileInfo/LOADING]: Found valid mod file TRansition-1.0.21-1.20.1-forge-SNAPSHOT.jar with {transition} mods - versions {1.0.21}
[13Sep2026 20:57:54.602] [main/DEBUG] [net.minecraftforge.fml.loading.moddiscovery.ModFileParser/LOADING]: Considering mod file candidate 
[13Sep2026 20:57:54.603] [main/DEBUG] [net.minecraftforge.fml.loading.moddiscovery.ModFileInfo/LOADING]: Found valid mod file fabric-screen-api-v1-2.0.8+45a670a577.jar with {fabric_screen_api_v1} mods - versions {2.0.8+45a670a577}
[13Sep2026 20:57:54.607] [main/DEBUG] [net.minecraftforge.fml.loading.moddiscovery.ModFileParser/LOADING]: Considering mod file candidate 
[13Sep2026 20:57:54.608] [main/DEBUG] [net.minecraftforge.fml.loading.moddiscovery.ModFileInfo/LOADING]: Found valid mod file fabric-transitive-access-wideners-v1-4.3.1+1880499877.jar with {fabric_transitive_access_wideners_v1} mods - versions {4.3.1+1880499877}
[13Sep2026 20:57:54.611] [main/DEBUG] [net.minecraftforge.fml.loading.moddiscovery.ModFileParser/LOADING]: Considering mod file candidate 
[13Sep2026 20:57:54.612] [main/DEBUG] [net.minecraftforge.fml.loading.moddiscovery.ModFileInfo/LOADING]: Found valid mod file fabric-renderer-api-v1-3.2.1+cf68abbe77.jar with {fabric_renderer_api_v1} mods - versions {3.2.1+cf68abbe77}
[13Sep2026 20:57:54.615] [main/DEBUG] [net.minecraftforge.fml.loading.moddiscovery.ModFileParser/LOADING]: Considering mod file candidate 
[13Sep2026 20:57:54.616] [main/DEBUG] [net.minecraftforge.fml.loading.moddiscovery.ModFileInfo/LOADING]: Found valid mod file fabric-block-view-api-v2-1.0.1+0767707077.jar with {fabric_block_view_api_v2} mods - versions {1.0.1+0767707077}
[13Sep2026 20:57:54.619] [main/DEBUG] [net.minecraftforge.fml.loading.moddiscovery.ModFileParser/LOADING]: Considering mod file candidate 
[13Sep2026 20:57:54.620] [main/DEBUG] [net.minecraftforge.fml.loading.moddiscovery.ModFileInfo/LOADING]: Found valid mod file fabric-renderer-indigo-1.5.2+b5b2da4177.jar with {fabric_renderer_indigo} mods - versions {1.5.2+b5b2da4177}
[13Sep2026 20:57:54.652] [main/DEBUG] [net.minecraftforge.fml.loading.moddiscovery.ModFileParser/LOADING]: Considering mod file candidate 
[13Sep2026 20:57:54.653] [main/DEBUG] [net.minecraftforge.fml.loading.moddiscovery.ModFileInfo/LOADING]: Found valid mod file fabric-game-rule-api-v1-1.0.40+683d4da877.jar with {fabric_game_rule_api_v1} mods - versions {1.0.40+683d4da877}
[13Sep2026 20:57:54.654] [main/DEBUG] [net.minecraftforge.fml.loading.moddiscovery.ModFileParser/LOADING]: Considering mod file candidate 
[13Sep2026 20:57:54.655] [main/DEBUG] [net.minecraftforge.fml.loading.moddiscovery.ModFileInfo/LOADING]: Found valid mod file fabric-convention-tags-v1-1.5.5+fa3d1c0177.jar with {fabric_convention_tags_v1} mods - versions {1.5.5+fa3d1c0177}
[13Sep2026 20:57:54.656] [main/DEBUG] [net.minecraftforge.fml.loading.moddiscovery.ModFileParser/LOADING]: Considering mod file candidate 
[13Sep2026 20:57:54.657] [main/DEBUG] [net.minecraftforge.fml.loading.moddiscovery.ModFileInfo/LOADING]: Found valid mod file fabric-mining-level-api-v1-2.1.50+561530ec77.jar with {fabric_mining_level_api_v1} mods - versions {2.1.50+561530ec77}
[13Sep2026 20:57:54.658] [main/DEBUG] [net.minecraftforge.fml.loading.moddiscovery.ModFileParser/LOADING]: Considering mod file candidate 
[13Sep2026 20:57:54.659] [main/DEBUG] [net.minecraftforge.fml.loading.moddiscovery.ModFileInfo/LOADING]: Found valid mod file fabric-object-builder-api-v1-11.1.3+4bd998fa77.jar with {fabric_object_builder_api_v1} mods - versions {11.1.3+4bd998fa77}
[13Sep2026 20:57:54.660] [main/DEBUG] [net.minecraftforge.fml.loading.moddiscovery.ModFileParser/LOADING]: Considering mod file candidate 
[13Sep2026 20:57:54.660] [main/DEBUG] [net.minecraftforge.fml.loading.moddiscovery.ModFileInfo/LOADING]: Found valid mod file fabric-particles-v1-1.1.2+78e1ecb877.jar with {fabric_particles_v1} mods - versions {1.1.2+78e1ecb877}
[13Sep2026 20:57:54.661] [main/DEBUG] [net.minecraftforge.fml.loading.moddiscovery.ModFileParser/LOADING]: Considering mod file candidate 
[13Sep2026 20:57:54.662] [main/DEBUG] [net.minecraftforge.fml.loading.moddiscovery.ModFileInfo/LOADING]: Found valid mod file fabric-message-api-v1-5.1.9+52cc178c77.jar with {fabric_message_api_v1} mods - versions {5.1.9+52cc178c77}
[13Sep2026 20:57:54.670] [main/DEBUG] [net.minecraftforge.fml.loading.moddiscovery.ModFileParser/LOADING]: Considering mod file candidate 
[13Sep2026 20:57:54.671] [main/DEBUG] [net.minecraftforge.fml.loading.moddiscovery.ModFileInfo/LOADING]: Found valid mod file xaerolib-forge-1.20.1-1.7.1.jar with {xaerolib} mods - versions {1.7.1}
[13Sep2026 20:57:54.673] [main/DEBUG] [net.minecraftforge.fml.loading.moddiscovery.ModFileParser/LOADING]: Considering mod file candidate 
[13Sep2026 20:57:54.673] [main/DEBUG] [net.minecraftforge.fml.loading.moddiscovery.ModFileInfo/LOADING]: Found valid mod file fabric-entity-events-v1-1.6.0+4ca7515277.jar with {fabric_entity_events_v1} mods - versions {1.6.0+4ca7515277}
[13Sep2026 20:57:54.675] [main/DEBUG] [net.minecraftforge.fml.loading.moddiscovery.ModFileParser/LOADING]: Considering mod file candidate 
[13Sep2026 20:57:54.675] [main/DEBUG] [net.minecraftforge.fml.loading.moddiscovery.ModFileInfo/LOADING]: Found valid mod file fabric-events-interaction-v0-0.6.2+0d0bd5a777.jar with {fabric_events_interaction_v0} mods - versions {0.6.2+0d0bd5a777}
[13Sep2026 20:57:54.676] [main/DEBUG] [net.minecraftforge.fml.loading.moddiscovery.ModFileParser/LOADING]: Considering mod file candidate 
[13Sep2026 20:57:54.677] [main/DEBUG] [net.minecraftforge.fml.loading.moddiscovery.ModFileInfo/LOADING]: Found valid mod file fabric-biome-api-v1-13.0.13+dc36698e77.jar with {fabric_biome_api_v1} mods - versions {13.0.13+dc36698e77}
[13Sep2026 20:57:54.678] [main/DEBUG] [net.minecraftforge.fml.loading.moddiscovery.ModFileParser/LOADING]: Considering mod file candidate 
[13Sep2026 20:57:54.678] [main/DEBUG] [net.minecraftforge.fml.loading.moddiscovery.ModFileInfo/LOADING]: Found valid mod file fabric-key-binding-api-v1-1.0.37+561530ec77.jar with {fabric_key_binding_api_v1} mods - versions {1.0.37+561530ec77}
[13Sep2026 20:57:54.679] [main/DEBUG] [net.minecraftforge.fml.loading.moddiscovery.ModFileParser/LOADING]: Considering mod file candidate 
[13Sep2026 20:57:54.680] [main/DEBUG] [net.minecraftforge.fml.loading.moddiscovery.ModFileInfo/LOADING]: Found valid mod file fabric-models-v0-0.4.2+7c3892a477.jar with {fabric_models_v0} mods - versions {0.4.2+7c3892a477}
[13Sep2026 20:57:54.681] [main/DEBUG] [net.minecraftforge.fml.loading.moddiscovery.ModFileParser/LOADING]: Considering mod file candidate 
[13Sep2026 20:57:54.681] [main/DEBUG] [net.minecraftforge.fml.loading.moddiscovery.ModFileInfo/LOADING]: Found valid mod file fabric-loot-api-v2-1.2.1+eb28f93e77.jar with {fabric_loot_api_v2} mods - versions {1.2.1+eb28f93e77}
[13Sep2026 20:57:54.690] [main/WARN] [net.minecraftforge.jarjar.selection.JarSelector/]: Attempted to select a dependency jar for JarJar which was passed in as source: architectury. Using Mod File: /workspaces/PatataServer/servidor_minecraft/mods/architectury-9.2.14-forge.jar
[13Sep2026 20:57:54.691] [main/INFO] [net.minecraftforge.fml.loading.moddiscovery.JarInJarDependencyLocator/]: Found 58 dependencies adding them to mods collection
[13Sep2026 20:57:54.694] [main/DEBUG] [net.minecraftforge.fml.loading.moddiscovery.ModFileParser/LOADING]: Considering mod file candidate 
[13Sep2026 20:57:54.695] [main/DEBUG] [net.minecraftforge.fml.loading.moddiscovery.ModFileInfo/LOADING]: Found valid mod file kuma-api-forge-20.1.12+1.20.1.jar with {kuma_api} mods - versions {20.1.12}
[13Sep2026 20:57:54.698] [main/DEBUG] [net.minecraftforge.fml.loading.moddiscovery.ModFile/LOADING]: Loading mod file  with languages [LanguageSpec[languageName=javafml, acceptedVersions=[47,)]]
[13Sep2026 20:57:54.699] [main/DEBUG] [net.minecraftforge.fml.loading.moddiscovery.ModFileParser/LOADING]: Considering mod file candidate /workspaces/PatataServer/servidor_minecraft/mods/kubejs-forge-2001.6.5-build.26.jar
[13Sep2026 20:57:54.700] [main/DEBUG] [net.minecraftforge.fml.loading.moddiscovery.ModFileInfo/LOADING]: Found valid mod file kubejs-forge-2001.6.5-build.26.jar with {kubejs} mods - versions {2001.6.5-build.26}
[13Sep2026 20:57:54.700] [main/DEBUG] [net.minecraftforge.fml.loading.moddiscovery.ModFile/LOADING]: Loading mod file /workspaces/PatataServer/servidor_minecraft/mods/kubejs-forge-2001.6.5-build.26.jar with languages [LanguageSpec[languageName=javafml, acceptedVersions=[47,)]]
[13Sep2026 20:57:54.700] [main/DEBUG] [net.minecraftforge.fml.loading.moddiscovery.ModFileParser/LOADING]: Considering mod file candidate 
[13Sep2026 20:57:54.701] [main/DEBUG] [net.minecraftforge.fml.loading.moddiscovery.ModFileInfo/LOADING]: Found valid mod file fabric-renderer-api-v1-3.2.1+cf68abbe77.jar with {fabric_renderer_api_v1} mods - versions {3.2.1+cf68abbe77}
[13Sep2026 20:57:54.701] [main/DEBUG] [net.minecraftforge.fml.loading.moddiscovery.ModFile/LOADING]: Loading mod file  with languages [LanguageSpec[languageName=javafml, acceptedVersions=[47,)]]
[13Sep2026 20:57:54.701] [main/DEBUG] [net.minecraftforge.fml.loading.moddiscovery.ModFileParser/LOADING]: Considering mod file candidate /workspaces/PatataServer/servidor_minecraft/mods/geckolib-forge-1.20.1-4.8.2.jar
[13Sep2026 20:57:54.701] [main/DEBUG] [net.minecraftforge.fml.loading.moddiscovery.ModFileInfo/LOADING]: Found valid mod file geckolib-forge-1.20.1-4.8.2.jar with {geckolib} mods - versions {4.8.2}
[13Sep2026 20:57:54.701] [main/DEBUG] [net.minecraftforge.fml.loading.moddiscovery.ModFile/LOADING]: Loading mod file /workspaces/PatataServer/servidor_minecraft/mods/geckolib-forge-1.20.1-4.8.2.jar with languages [LanguageSpec[languageName=javafml, acceptedVersions=[47,)]]
[13Sep2026 20:57:54.701] [main/DEBUG] [net.minecraftforge.fml.loading.moddiscovery.ModFileParser/LOADING]: Considering mod file candidate /workspaces/PatataServer/servidor_minecraft/mods/player-animation-lib-forge-1.0.2-rc1+1.20.jar
[13Sep2026 20:57:54.702] [main/DEBUG] [net.minecraftforge.fml.loading.moddiscovery.ModFileInfo/LOADING]: Found valid mod file player-animation-lib-forge-1.0.2-rc1+1.20.jar with {playeranimator} mods - versions {1.0.2-rc1+1.20}
[13Sep2026 20:57:54.702] [main/DEBUG] [net.minecraftforge.fml.loading.moddiscovery.ModFile/LOADING]: Loading mod file /workspaces/PatataServer/servidor_minecraft/mods/player-animation-lib-forge-1.0.2-rc1+1.20.jar with languages [LanguageSpec[languageName=javafml, acceptedVersions=[46.0.0,)]]
[13Sep2026 20:57:54.702] [main/DEBUG] [net.minecraftforge.fml.loading.moddiscovery.ModFileParser/LOADING]: Considering mod file candidate 
[13Sep2026 20:57:54.703] [main/DEBUG] [net.minecraftforge.fml.loading.moddiscovery.ModFileInfo/LOADING]: Found valid mod file fabric-item-api-v1-2.1.28+4d0bbcfa77.jar with {fabric_item_api_v1} mods - versions {2.1.28+4d0bbcfa77}
[13Sep2026 20:57:54.703] [main/DEBUG] [net.minecraftforge.fml.loading.moddiscovery.ModFile/LOADING]: Loading mod file  with languages [LanguageSpec[languageName=javafml, acceptedVersions=[47,)]]
[13Sep2026 20:57:54.705] [main/DEBUG] [net.minecraftforge.fml.loading.moddiscovery.ModFileParser/LOADING]: Found coremod implementFabricItem with Javascript path META-INF/asm/implementFabricItem.js
[13Sep2026 20:57:54.706] [main/DEBUG] [net.minecraftforge.fml.loading.moddiscovery.ModFile/LOADING]: Found coremod META-INF/asm/implementFabricItem.js
[13Sep2026 20:57:54.706] [main/DEBUG] [net.minecraftforge.fml.loading.moddiscovery.ModFileParser/LOADING]: Considering mod file candidate 
[13Sep2026 20:57:54.707] [main/DEBUG] [net.minecraftforge.fml.loading.moddiscovery.ModFileInfo/LOADING]: Found valid mod file fabric-rendering-fluids-v1-3.0.28+4ac5e37a77.jar with {fabric_rendering_fluids_v1} mods - versions {3.0.28+4ac5e37a77}
[13Sep2026 20:57:54.707] [main/DEBUG] [net.minecraftforge.fml.loading.moddiscovery.ModFile/LOADING]: Loading mod file  with languages [LanguageSpec[languageName=javafml, acceptedVersions=[47,)]]
[13Sep2026 20:57:54.707] [main/DEBUG] [net.minecraftforge.fml.loading.moddiscovery.ModFileParser/LOADING]: Considering mod file candidate 
[13Sep2026 20:57:54.709] [main/DEBUG] [net.minecraftforge.fml.loading.moddiscovery.ModFileInfo/LOADING]: Found valid mod file fabric-models-v0-0.4.2+7c3892a477.jar with {fabric_models_v0} mods - versions {0.4.2+7c3892a477}
[13Sep2026 20:57:54.709] [main/DEBUG] [net.minecraftforge.fml.loading.moddiscovery.ModFile/LOADING]: Loading mod file  with languages [LanguageSpec[languageName=javafml, acceptedVersions=[47,)]]
[13Sep2026 20:57:54.709] [main/DEBUG] [net.minecraftforge.fml.loading.moddiscovery.ModFileParser/LOADING]: Considering mod file candidate /workspaces/PatataServer/servidor_minecraft/mods/connectivity-1.20.1-7.6.jar
[13Sep2026 20:57:54.710] [main/DEBUG] [net.minecraftforge.fml.loading.moddiscovery.ModFileInfo/LOADING]: Found valid mod file connectivity-1.20.1-7.6.jar with {connectivity} mods - versions {1.20.1-7.6}
[13Sep2026 20:57:54.710] [main/DEBUG] [net.minecraftforge.fml.loading.moddiscovery.ModFile/LOADING]: Loading mod file /workspaces/PatataServer/servidor_minecraft/mods/connectivity-1.20.1-7.6.jar with languages [LanguageSpec[languageName=javafml, acceptedVersions=[28,)]]
[13Sep2026 20:57:54.710] [main/DEBUG] [net.minecraftforge.fml.loading.moddiscovery.ModFileParser/LOADING]: Considering mod file candidate /workspaces/PatataServer/servidor_minecraft/mods/Not Enough Recipe Book-FORGE-0.4.1+1.20.1.jar
[13Sep2026 20:57:54.710] [main/DEBUG] [net.minecraftforge.fml.loading.moddiscovery.ModFileInfo/LOADING]: Found valid mod file Not Enough Recipe Book-FORGE-0.4.1+1.20.1.jar with {nerb} mods - versions {0.4.1}
[13Sep2026 20:57:54.711] [main/DEBUG] [net.minecraftforge.fml.loading.moddiscovery.ModFile/LOADING]: Loading mod file /workspaces/PatataServer/servidor_minecraft/mods/Not Enough Recipe Book-FORGE-0.4.1+1.20.1.jar with languages [LanguageSpec[languageName=javafml, acceptedVersions=[46,)]]
[13Sep2026 20:57:54.711] [main/DEBUG] [net.minecraftforge.fml.loading.moddiscovery.ModFileParser/LOADING]: Considering mod file candidate /workspaces/PatataServer/servidor_minecraft/mods/sophisticatedcore-1.20.1-1.5.0.2316.jar
[13Sep2026 20:57:54.712] [main/DEBUG] [net.minecraftforge.fml.loading.moddiscovery.ModFileInfo/LOADING]: Found valid mod file sophisticatedcore-1.20.1-1.5.0.2316.jar with {sophisticatedcore} mods - versions {1.5.0.2316}
[13Sep2026 20:57:54.713] [main/DEBUG] [net.minecraftforge.fml.loading.moddiscovery.ModFile/LOADING]: Loading mod file /workspaces/PatataServer/servidor_minecraft/mods/sophisticatedcore-1.20.1-1.5.0.2316.jar with languages [LanguageSpec[languageName=javafml, acceptedVersions=[47,)]]
[13Sep2026 20:57:54.713] [main/DEBUG] [net.minecraftforge.fml.loading.moddiscovery.ModFileParser/LOADING]: Considering mod file candidate /workspaces/PatataServer/servidor_minecraft/mods/sound-physics-remastered-forge-1.20.1-1.5.1.jar
[13Sep2026 20:57:54.713] [main/DEBUG] [net.minecraftforge.fml.loading.moddiscovery.ModFileInfo/LOADING]: Found valid mod file sound-physics-remastered-forge-1.20.1-1.5.1.jar with {sound_physics_remastered} mods - versions {1.20.1-1.5.1}
[13Sep2026 20:57:54.713] [main/DEBUG] [net.minecraftforge.fml.loading.moddiscovery.ModFile/LOADING]: Loading mod file /workspaces/PatataServer/servidor_minecraft/mods/sound-physics-remastered-forge-1.20.1-1.5.1.jar with languages [LanguageSpec[languageName=javafml, acceptedVersions=*]]
[13Sep2026 20:57:54.713] [main/DEBUG] [net.minecraftforge.fml.loading.moddiscovery.ModFileParser/LOADING]: Considering mod file candidate 
[13Sep2026 20:57:54.714] [main/DEBUG] [net.minecraftforge.fml.loading.moddiscovery.ModFileInfo/LOADING]: Found valid mod file fabric-convention-tags-v1-1.5.5+fa3d1c0177.jar with {fabric_convention_tags_v1} mods - versions {1.5.5+fa3d1c0177}
[13Sep2026 20:57:54.714] [main/DEBUG] [net.minecraftforge.fml.loading.moddiscovery.ModFile/LOADING]: Loading mod file  with languages [LanguageSpec[languageName=javafml, acceptedVersions=[47,)]]
[13Sep2026 20:57:54.714] [main/DEBUG] [net.minecraftforge.fml.loading.moddiscovery.ModFileParser/LOADING]: Considering mod file candidate /workspaces/PatataServer/servidor_minecraft/mods/Controlling-forge-1.20.1-12.0.2.jar
[13Sep2026 20:57:54.714] [main/DEBUG] [net.minecraftforge.fml.loading.moddiscovery.ModFileInfo/LOADING]: Found valid mod file Controlling-forge-1.20.1-12.0.2.jar with {controlling} mods - versions {12.0.2}
[13Sep2026 20:57:54.715] [main/DEBUG] [net.minecraftforge.fml.loading.moddiscovery.ModFile/LOADING]: Loading mod file /workspaces/PatataServer/servidor_minecraft/mods/Controlling-forge-1.20.1-12.0.2.jar with languages [LanguageSpec[languageName=javafml, acceptedVersions=[41,)]]
[13Sep2026 20:57:54.715] [main/DEBUG] [net.minecraftforge.fml.loading.moddiscovery.ModFileParser/LOADING]: Considering mod file candidate /workspaces/PatataServer/servidor_minecraft/mods/xaeroworldmap-forge-1.20.1-1.45.0.jar
[13Sep2026 20:57:54.715] [main/DEBUG] [net.minecraftforge.fml.loading.moddiscovery.ModFileInfo/LOADING]: Found valid mod file xaeroworldmap-forge-1.20.1-1.45.0.jar with {xaeroworldmap} mods - versions {1.45.0}
[13Sep2026 20:57:54.715] [main/DEBUG] [net.minecraftforge.fml.loading.moddiscovery.ModFile/LOADING]: Loading mod file /workspaces/PatataServer/servidor_minecraft/mods/xaeroworldmap-forge-1.20.1-1.45.0.jar with languages [LanguageSpec[languageName=javafml, acceptedVersions=[46,48)]]
[13Sep2026 20:57:54.716] [main/DEBUG] [net.minecraftforge.fml.loading.moddiscovery.ModFileParser/LOADING]: Found coremod xaeroworldmap_core with Javascript path META-INF/xaeroworldmap_core.js
[13Sep2026 20:57:54.716] [main/DEBUG] [net.minecraftforge.fml.loading.moddiscovery.ModFile/LOADING]: Found coremod META-INF/xaeroworldmap_core.js
[13Sep2026 20:57:54.716] [main/DEBUG] [net.minecraftforge.fml.loading.moddiscovery.ModFileParser/LOADING]: Considering mod file candidate 
[13Sep2026 20:57:54.716] [main/DEBUG] [net.minecraftforge.fml.loading.moddiscovery.ModFileInfo/LOADING]: Found valid mod file fabric-command-api-v1-1.2.34+f71b366f77.jar with {fabric_command_api_v1} mods - versions {1.2.34+f71b366f77}
[13Sep2026 20:57:54.716] [main/DEBUG] [net.minecraftforge.fml.loading.moddiscovery.ModFile/LOADING]: Loading mod file  with languages [LanguageSpec[languageName=javafml, acceptedVersions=[47,)]]
[13Sep2026 20:57:54.716] [main/DEBUG] [net.minecraftforge.fml.loading.moddiscovery.ModFileParser/LOADING]: Considering mod file candidate /workspaces/PatataServer/servidor_minecraft/mods/modernfix-forge-5.27.83+mc1.20.1.jar
[13Sep2026 20:57:54.717] [main/DEBUG] [net.minecraftforge.fml.loading.moddiscovery.ModFileInfo/LOADING]: Found valid mod file modernfix-forge-5.27.83+mc1.20.1.jar with {modernfix} mods - versions {5.27.83+mc1.20.1}
[13Sep2026 20:57:54.717] [main/DEBUG] [net.minecraftforge.fml.loading.moddiscovery.ModFile/LOADING]: Loading mod file /workspaces/PatataServer/servidor_minecraft/mods/modernfix-forge-5.27.83+mc1.20.1.jar with languages [LanguageSpec[languageName=javafml, acceptedVersions=[46,)]]
[13Sep2026 20:57:54.717] [main/DEBUG] [net.minecraftforge.fml.loading.moddiscovery.ModFileParser/LOADING]: Considering mod file candidate /workspaces/PatataServer/servidor_minecraft/mods/Placebo-1.20.1-8.6.3.jar
[13Sep2026 20:57:54.717] [main/DEBUG] [net.minecraftforge.fml.loading.moddiscovery.ModFileInfo/LOADING]: Found valid mod file Placebo-1.20.1-8.6.3.jar with {placebo} mods - versions {8.6.3}
[13Sep2026 20:57:54.718] [main/DEBUG] [net.minecraftforge.fml.loading.moddiscovery.ModFile/LOADING]: Loading mod file /workspaces/PatataServer/servidor_minecraft/mods/Placebo-1.20.1-8.6.3.jar with languages [LanguageSpec[languageName=javafml, acceptedVersions=[32,)]]
[13Sep2026 20:57:54.718] [main/DEBUG] [net.minecraftforge.fml.loading.moddiscovery.ModFileParser/LOADING]: Found coremod placebo_get_ench_level_event with Javascript path coremods/get_ench_level_event.js
[13Sep2026 20:57:54.718] [main/DEBUG] [net.minecraftforge.fml.loading.moddiscovery.ModFileParser/LOADING]: Found coremod placebo_get_ench_level_event_specific with Javascript path coremods/get_ench_level_event_specific.js
[13Sep2026 20:57:54.718] [main/DEBUG] [net.minecraftforge.fml.loading.moddiscovery.ModFile/LOADING]: Found coremod coremods/get_ench_level_event.js
[13Sep2026 20:57:54.718] [main/DEBUG] [net.minecraftforge.fml.loading.moddiscovery.ModFile/LOADING]: Found coremod coremods/get_ench_level_event_specific.js
[13Sep2026 20:57:54.718] [main/DEBUG] [net.minecraftforge.fml.loading.moddiscovery.ModFileParser/LOADING]: Considering mod file candidate 
[13Sep2026 20:57:54.718] [main/DEBUG] [net.minecraftforge.fml.loading.moddiscovery.ModFileInfo/LOADING]: Found valid mod file fabric-command-api-v2-2.2.13+561530ec77.jar with {fabric_command_api_v2} mods - versions {2.2.13+561530ec77}
[13Sep2026 20:57:54.718] [main/DEBUG] [net.minecraftforge.fml.loading.moddiscovery.ModFile/LOADING]: Loading mod file  with languages [LanguageSpec[languageName=javafml, acceptedVersions=[47,)]]
[13Sep2026 20:57:54.718] [main/DEBUG] [net.minecraftforge.fml.loading.moddiscovery.ModFileParser/LOADING]: Considering mod file candidate 
[13Sep2026 20:57:54.719] [main/DEBUG] [net.minecraftforge.fml.loading.moddiscovery.ModFileInfo/LOADING]: Found valid mod file fabric-block-view-api-v2-1.0.1+0767707077.jar with {fabric_block_view_api_v2} mods - versions {1.0.1+0767707077}
[13Sep2026 20:57:54.719] [main/DEBUG] [net.minecraftforge.fml.loading.moddiscovery.ModFile/LOADING]: Loading mod file  with languages [LanguageSpec[languageName=javafml, acceptedVersions=[47,)]]
[13Sep2026 20:57:54.719] [main/DEBUG] [net.minecraftforge.fml.loading.moddiscovery.ModFileParser/LOADING]: Considering mod file candidate 
[13Sep2026 20:57:54.719] [main/DEBUG] [net.minecraftforge.fml.loading.moddiscovery.ModFileInfo/LOADING]: Found valid mod file fabric-data-attachment-api-v1-1.0.0+30ef839e77.jar with {fabric_data_attachment_api_v1} mods - versions {1.0.0+30ef839e77}
[13Sep2026 20:57:54.720] [main/DEBUG] [net.minecraftforge.fml.loading.moddiscovery.ModFile/LOADING]: Loading mod file  with languages [LanguageSpec[languageName=javafml, acceptedVersions=[47,)]]
[13Sep2026 20:57:54.720] [main/DEBUG] [net.minecraftforge.fml.loading.moddiscovery.ModFileParser/LOADING]: Considering mod file candidate /workspaces/PatataServer/servidor_minecraft/mods/sophisticatedbackpacks-1.20.1-3.24.67.2109.jar
[13Sep2026 20:57:54.720] [main/DEBUG] [net.minecraftforge.fml.loading.moddiscovery.ModFileInfo/LOADING]: Found valid mod file sophisticatedbackpacks-1.20.1-3.24.67.2109.jar with {sophisticatedbackpacks} mods - versions {3.24.67.2109}
[13Sep2026 20:57:54.720] [main/DEBUG] [net.minecraftforge.fml.loading.moddiscovery.ModFile/LOADING]: Loading mod file /workspaces/PatataServer/servidor_minecraft/mods/sophisticatedbackpacks-1.20.1-3.24.67.2109.jar with languages [LanguageSpec[languageName=javafml, acceptedVersions=[47,)]]
[13Sep2026 20:57:54.720] [main/DEBUG] [net.minecraftforge.fml.loading.moddiscovery.ModFileParser/LOADING]: Considering mod file candidate /workspaces/PatataServer/servidor_minecraft/mods/balm-forge-1.20.1-7.3.42.jar
[13Sep2026 20:57:54.721] [main/DEBUG] [net.minecraftforge.fml.loading.moddiscovery.ModFileInfo/LOADING]: Found valid mod file balm-forge-1.20.1-7.3.42.jar with {balm} mods - versions {7.3.42}
[13Sep2026 20:57:54.721] [main/DEBUG] [net.minecraftforge.fml.loading.moddiscovery.ModFile/LOADING]: Loading mod file /workspaces/PatataServer/servidor_minecraft/mods/balm-forge-1.20.1-7.3.42.jar with languages [LanguageSpec[languageName=javafml, acceptedVersions=[46,)]]
[13Sep2026 20:57:54.721] [main/DEBUG] [net.minecraftforge.fml.loading.moddiscovery.ModFileParser/LOADING]: Considering mod file candidate 
[13Sep2026 20:57:54.722] [main/DEBUG] [net.minecraftforge.fml.loading.moddiscovery.ModFileInfo/LOADING]: Found valid mod file fabric-screen-api-v1-2.0.8+45a670a577.jar with {fabric_screen_api_v1} mods - versions {2.0.8+45a670a577}
[13Sep2026 20:57:54.722] [main/DEBUG] [net.minecraftforge.fml.loading.moddiscovery.ModFile/LOADING]: Loading mod file  with languages [LanguageSpec[languageName=javafml, acceptedVersions=[47,)]]
[13Sep2026 20:57:54.722] [main/DEBUG] [net.minecraftforge.fml.loading.moddiscovery.ModFileParser/LOADING]: Considering mod file candidate /workspaces/PatataServer/servidor_minecraft/mods/sodiumoptionsapi-forge-1.0.10-1.20.1.jar
[13Sep2026 20:57:54.722] [main/DEBUG] [net.minecraftforge.fml.loading.moddiscovery.ModFileInfo/LOADING]: Found valid mod file sodiumoptionsapi-forge-1.0.10-1.20.1.jar with {sodiumoptionsapi} mods - versions {1.0.10}
[13Sep2026 20:57:54.722] [main/DEBUG] [net.minecraftforge.fml.loading.moddiscovery.ModFile/LOADING]: Loading mod file /workspaces/PatataServer/servidor_minecraft/mods/sodiumoptionsapi-forge-1.0.10-1.20.1.jar with languages [LanguageSpec[languageName=javafml, acceptedVersions=[1,)]]
[13Sep2026 20:57:54.722] [main/DEBUG] [net.minecraftforge.fml.loading.moddiscovery.ModFileParser/LOADING]: Considering mod file candidate /workspaces/PatataServer/servidor_minecraft/mods/cloth-config-11.1.136-forge.jar
[13Sep2026 20:57:54.723] [main/DEBUG] [net.minecraftforge.fml.loading.moddiscovery.ModFileInfo/LOADING]: Found valid mod file cloth-config-11.1.136-forge.jar with {cloth_config} mods - versions {11.1.136}
[13Sep2026 20:57:54.723] [main/DEBUG] [net.minecraftforge.fml.loading.moddiscovery.ModFile/LOADING]: Loading mod file /workspaces/PatataServer/servidor_minecraft/mods/cloth-config-11.1.136-forge.jar with languages [LanguageSpec[languageName=javafml, acceptedVersions=[34,)]]
[13Sep2026 20:57:54.723] [main/DEBUG] [net.minecraftforge.fml.loading.moddiscovery.ModFileParser/LOADING]: Considering mod file candidate /workspaces/PatataServer/servidor_minecraft/mods/ftb-teams-forge-2001.3.2 (1).jar
[13Sep2026 20:57:54.723] [main/DEBUG] [net.minecraftforge.fml.loading.moddiscovery.ModFileInfo/LOADING]: Found valid mod file ftb-teams-forge-2001.3.2 (1).jar with {ftbteams} mods - versions {2001.3.2}
[13Sep2026 20:57:54.724] [main/DEBUG] [net.minecraftforge.fml.loading.moddiscovery.ModFile/LOADING]: Loading mod file /workspaces/PatataServer/servidor_minecraft/mods/ftb-teams-forge-2001.3.2 (1).jar with languages [LanguageSpec[languageName=javafml, acceptedVersions=[47,)]]
[13Sep2026 20:57:54.724] [main/DEBUG] [net.minecraftforge.fml.loading.moddiscovery.ModFileParser/LOADING]: Considering mod file candidate 
[13Sep2026 20:57:54.724] [main/DEBUG] [net.minecraftforge.fml.loading.moddiscovery.ModFileInfo/LOADING]: Found valid mod file fabric-api-0.92.2+1.11.12+1.20.1.jar with {fabric_api} mods - versions {0.92.2+1.11.12+1.20.1}
[13Sep2026 20:57:54.724] [main/DEBUG] [net.minecraftforge.fml.loading.moddiscovery.ModFile/LOADING]: Loading mod file  with languages [LanguageSpec[languageName=javafml, acceptedVersions=[47,)]]
[13Sep2026 20:57:54.724] [main/DEBUG] [net.minecraftforge.fml.loading.moddiscovery.ModFileParser/LOADING]: Considering mod file candidate /workspaces/PatataServer/servidor_minecraft/mods/almirion_utilities-1.0.1.jar
[13Sep2026 20:57:54.725] [main/DEBUG] [net.minecraftforge.fml.loading.moddiscovery.ModFileInfo/LOADING]: Found valid mod file almirion_utilities-1.0.1.jar with {almirion_utilities} mods - versions {1.0.1}
[13Sep2026 20:57:54.725] [main/DEBUG] [net.minecraftforge.fml.loading.moddiscovery.ModFile/LOADING]: Loading mod file /workspaces/PatataServer/servidor_minecraft/mods/almirion_utilities-1.0.1.jar with languages [LanguageSpec[languageName=javafml, acceptedVersions=[47,)]]
[13Sep2026 20:57:54.725] [main/DEBUG] [net.minecraftforge.fml.loading.moddiscovery.ModFileParser/LOADING]: Considering mod file candidate /workspaces/PatataServer/servidor_minecraft/mods/dummmmmmy-1.20-2.0.12-forge.jar
[13Sep2026 20:57:54.725] [main/DEBUG] [net.minecraftforge.fml.loading.moddiscovery.ModFileInfo/LOADING]: Found valid mod file dummmmmmy-1.20-2.0.12-forge.jar with {dummmmmmy} mods - versions {1.20-2.0.11}
[13Sep2026 20:57:54.725] [main/DEBUG] [net.minecraftforge.fml.loading.moddiscovery.ModFile/LOADING]: Loading mod file /workspaces/PatataServer/servidor_minecraft/mods/dummmmmmy-1.20-2.0.12-forge.jar with languages [LanguageSpec[languageName=javafml, acceptedVersions=[4,)]]
[13Sep2026 20:57:54.726] [main/DEBUG] [net.minecraftforge.fml.loading.moddiscovery.ModFileParser/LOADING]: Considering mod file candidate 
[13Sep2026 20:57:54.726] [main/DEBUG] [net.minecraftforge.fml.loading.moddiscovery.ModFileInfo/LOADING]: Found valid mod file fabric-content-registries-v0-4.0.11+a670df1e77.jar with {fabric_content_registries_v0} mods - versions {4.0.11+a670df1e77}
[13Sep2026 20:57:54.726] [main/DEBUG] [net.minecraftforge.fml.loading.moddiscovery.ModFile/LOADING]: Loading mod file  with languages [LanguageSpec[languageName=javafml, acceptedVersions=[47,)]]
[13Sep2026 20:57:54.726] [main/DEBUG] [net.minecraftforge.fml.loading.moddiscovery.ModFileParser/LOADING]: Found coremod mutableWeatherableBlocks with Javascript path META-INF/asm/mutableOxidizableBlocks.js
[13Sep2026 20:57:54.727] [main/DEBUG] [net.minecraftforge.fml.loading.moddiscovery.ModFile/LOADING]: Found coremod META-INF/asm/mutableOxidizableBlocks.js
[13Sep2026 20:57:54.727] [main/DEBUG] [net.minecraftforge.fml.loading.moddiscovery.ModFileParser/LOADING]: Considering mod file candidate /workspaces/PatataServer/servidor_minecraft/mods/almirionapi-1.0.0.jar
[13Sep2026 20:57:54.727] [main/DEBUG] [net.minecraftforge.fml.loading.moddiscovery.ModFileInfo/LOADING]: Found valid mod file almirionapi-1.0.0.jar with {almirionapi} mods - versions {1.0.0}
[13Sep2026 20:57:54.727] [main/DEBUG] [net.minecraftforge.fml.loading.moddiscovery.ModFile/LOADING]: Loading mod file /workspaces/PatataServer/servidor_minecraft/mods/almirionapi-1.0.0.jar with languages [LanguageSpec[languageName=javafml, acceptedVersions=[47,)]]
[13Sep2026 20:57:54.727] [main/DEBUG] [net.minecraftforge.fml.loading.moddiscovery.ModFileParser/LOADING]: Considering mod file candidate /workspaces/PatataServer/servidor_minecraft/mods/embeddium-0.3.31+mc1.20.1.jar
[13Sep2026 20:57:54.728] [main/DEBUG] [net.minecraftforge.fml.loading.moddiscovery.ModFileInfo/LOADING]: Found valid mod file embeddium-0.3.31+mc1.20.1.jar with {embeddium,rubidium} mods - versions {0.3.31+mc1.20.1,0.7.1}
[13Sep2026 20:57:54.728] [main/DEBUG] [net.minecraftforge.fml.loading.moddiscovery.ModFile/LOADING]: Loading mod file /workspaces/PatataServer/servidor_minecraft/mods/embeddium-0.3.31+mc1.20.1.jar with languages [LanguageSpec[languageName=javafml, acceptedVersions=[47,)]]
[13Sep2026 20:57:54.728] [main/DEBUG] [net.minecraftforge.fml.loading.moddiscovery.ModFileParser/LOADING]: Considering mod file candidate /workspaces/PatataServer/servidor_minecraft/mods/sodiumdynamiclights-forge-1.0.10-1.20.1.jar
[13Sep2026 20:57:54.728] [main/DEBUG] [net.minecraftforge.fml.loading.moddiscovery.ModFileInfo/LOADING]: Found valid mod file sodiumdynamiclights-forge-1.0.10-1.20.1.jar with {sodiumdynamiclights} mods - versions {1.0.9}
[13Sep2026 20:57:54.728] [main/DEBUG] [net.minecraftforge.fml.loading.moddiscovery.ModFile/LOADING]: Loading mod file /workspaces/PatataServer/servidor_minecraft/mods/sodiumdynamiclights-forge-1.0.10-1.20.1.jar with languages [LanguageSpec[languageName=javafml, acceptedVersions=[1,)]]
[13Sep2026 20:57:54.728] [main/DEBUG] [net.minecraftforge.fml.loading.moddiscovery.ModFileParser/LOADING]: Considering mod file candidate /workspaces/PatataServer/servidor_minecraft/mods/entity_model_features-3.3.5-1.20.1-forge.jar
[13Sep2026 20:57:54.729] [main/DEBUG] [net.minecraftforge.fml.loading.moddiscovery.ModFileInfo/LOADING]: Found valid mod file entity_model_features-3.3.5-1.20.1-forge.jar with {entity_model_features} mods - versions {3.3.5}
[13Sep2026 20:57:54.729] [main/DEBUG] [net.minecraftforge.fml.loading.moddiscovery.ModFile/LOADING]: Loading mod file /workspaces/PatataServer/servidor_minecraft/mods/entity_model_features-3.3.5-1.20.1-forge.jar with languages [LanguageSpec[languageName=javafml, acceptedVersions=[33,)]]
[13Sep2026 20:57:54.729] [main/DEBUG] [net.minecraftforge.fml.loading.moddiscovery.ModFileParser/LOADING]: Considering mod file candidate /workspaces/PatataServer/servidor_minecraft/mods/entity_texture_features-7.2.1-1.20.1-forge.jar
[13Sep2026 20:57:54.730] [main/DEBUG] [net.minecraftforge.fml.loading.moddiscovery.ModFileInfo/LOADING]: Found valid mod file entity_texture_features-7.2.1-1.20.1-forge.jar with {entity_texture_features} mods - versions {7.2.1}
[13Sep2026 20:57:54.730] [main/DEBUG] [net.minecraftforge.fml.loading.moddiscovery.ModFile/LOADING]: Loading mod file /workspaces/PatataServer/servidor_minecraft/mods/entity_texture_features-7.2.1-1.20.1-forge.jar with languages [LanguageSpec[languageName=javafml, acceptedVersions=[33,)]]
[13Sep2026 20:57:54.730] [main/DEBUG] [net.minecraftforge.fml.loading.moddiscovery.ModFileParser/LOADING]: Considering mod file candidate /workspaces/PatataServer/servidor_minecraft/mods/ExtraQuests-1.7.0-1.20.1-Forge.jar
[13Sep2026 20:57:54.730] [main/DEBUG] [net.minecraftforge.fml.loading.moddiscovery.ModFileInfo/LOADING]: Found valid mod file ExtraQuests-1.7.0-1.20.1-Forge.jar with {extraquests} mods - versions {1.7.0}
[13Sep2026 20:57:54.730] [main/DEBUG] [net.minecraftforge.fml.loading.moddiscovery.ModFile/LOADING]: Loading mod file /workspaces/PatataServer/servidor_minecraft/mods/ExtraQuests-1.7.0-1.20.1-Forge.jar with languages [LanguageSpec[languageName=javafml, acceptedVersions=[47,)]]
[13Sep2026 20:57:54.730] [main/DEBUG] [net.minecraftforge.fml.loading.moddiscovery.ModFileParser/LOADING]: Considering mod file candidate /workspaces/PatataServer/servidor_minecraft/mods/ftb-xmod-compat-forge-2.1.3.jar
[13Sep2026 20:57:54.731] [main/DEBUG] [net.minecraftforge.fml.loading.moddiscovery.ModFileInfo/LOADING]: Found valid mod file ftb-xmod-compat-forge-2.1.3.jar with {ftbxmodcompat} mods - versions {2.1.3}
[13Sep2026 20:57:54.731] [main/DEBUG] [net.minecraftforge.fml.loading.moddiscovery.ModFile/LOADING]: Loading mod file /workspaces/PatataServer/servidor_minecraft/mods/ftb-xmod-compat-forge-2.1.3.jar with languages [LanguageSpec[languageName=javafml, acceptedVersions=[43,)]]
[13Sep2026 20:57:54.731] [main/DEBUG] [net.minecraftforge.fml.loading.moddiscovery.ModFileParser/LOADING]: Considering mod file candidate 
[13Sep2026 20:57:54.732] [main/DEBUG] [net.minecraftforge.fml.loading.moddiscovery.ModFileInfo/LOADING]: Found valid mod file fabric-game-rule-api-v1-1.0.40+683d4da877.jar with {fabric_game_rule_api_v1} mods - versions {1.0.40+683d4da877}
[13Sep2026 20:57:54.732] [main/DEBUG] [net.minecraftforge.fml.loading.moddiscovery.ModFile/LOADING]: Loading mod file  with languages [LanguageSpec[languageName=javafml, acceptedVersions=[47,)]]
[13Sep2026 20:57:54.732] [main/DEBUG] [net.minecraftforge.fml.loading.moddiscovery.ModFileParser/LOADING]: Considering mod file candidate /workspaces/PatataServer/servidor_minecraft/mods/AmbientSounds_FORGE_v6.3.8_mc1.20.1.jar
[13Sep2026 20:57:54.732] [main/DEBUG] [net.minecraftforge.fml.loading.moddiscovery.ModFileInfo/LOADING]: Found valid mod file AmbientSounds_FORGE_v6.3.8_mc1.20.1.jar with {ambientsounds} mods - versions {6.3.8}
[13Sep2026 20:57:54.732] [main/DEBUG] [net.minecraftforge.fml.loading.moddiscovery.ModFile/LOADING]: Loading mod file /workspaces/PatataServer/servidor_minecraft/mods/AmbientSounds_FORGE_v6.3.8_mc1.20.1.jar with languages [LanguageSpec[languageName=javafml, acceptedVersions=[46,)]]
[13Sep2026 20:57:54.732] [main/DEBUG] [net.minecraftforge.fml.loading.moddiscovery.ModFileParser/LOADING]: Considering mod file candidate 
[13Sep2026 20:57:54.733] [main/DEBUG] [net.minecraftforge.fml.loading.moddiscovery.ModFileInfo/LOADING]: Found valid mod file fabric-api-lookup-api-v1-1.6.36+67f9824077.jar with {fabric_api_lookup_api_v1} mods - versions {1.6.36+67f9824077}
[13Sep2026 20:57:54.733] [main/DEBUG] [net.minecraftforge.fml.loading.moddiscovery.ModFile/LOADING]: Loading mod file  with languages [LanguageSpec[languageName=javafml, acceptedVersions=[47,)]]
[13Sep2026 20:57:54.733] [main/DEBUG] [net.minecraftforge.fml.loading.moddiscovery.ModFileParser/LOADING]: Considering mod file candidate /workspaces/PatataServer/servidor_minecraft/mods/Chunky-1.3.146.jar
[13Sep2026 20:57:54.734] [main/DEBUG] [net.minecraftforge.fml.loading.moddiscovery.ModFileInfo/LOADING]: Found valid mod file Chunky-1.3.146.jar with {chunky} mods - versions {1.3.146}
[13Sep2026 20:57:54.734] [main/DEBUG] [net.minecraftforge.fml.loading.moddiscovery.ModFile/LOADING]: Loading mod file /workspaces/PatataServer/servidor_minecraft/mods/Chunky-1.3.146.jar with languages [LanguageSpec[languageName=javafml, acceptedVersions=[38,)]]
[13Sep2026 20:57:54.734] [main/DEBUG] [net.minecraftforge.fml.loading.moddiscovery.ModFileParser/LOADING]: Considering mod file candidate /workspaces/PatataServer/servidor_minecraft/mods/jjcnbtfix-1.0.5.jar
[13Sep2026 20:57:54.734] [main/DEBUG] [net.minecraftforge.fml.loading.moddiscovery.ModFileInfo/LOADING]: Found valid mod file jjcnbtfix-1.0.5.jar with {jjcnbtfix} mods - versions {1.0.5}
[13Sep2026 20:57:54.734] [main/DEBUG] [net.minecraftforge.fml.loading.moddiscovery.ModFile/LOADING]: Loading mod file /workspaces/PatataServer/servidor_minecraft/mods/jjcnbtfix-1.0.5.jar with languages [LanguageSpec[languageName=javafml, acceptedVersions=[47,)]]
[13Sep2026 20:57:54.734] [main/DEBUG] [net.minecraftforge.fml.loading.moddiscovery.ModFileParser/LOADING]: Considering mod file candidate /workspaces/PatataServer/servidor_minecraft/mods/bobby-1.20.1_v5.0.1.jar
[13Sep2026 20:57:54.735] [main/DEBUG] [net.minecraftforge.fml.loading.moddiscovery.ModFileInfo/LOADING]: Found valid mod file bobby-1.20.1_v5.0.1.jar with {bobby} mods - versions {5.0.0}
[13Sep2026 20:57:54.735] [main/DEBUG] [net.minecraftforge.fml.loading.moddiscovery.ModFile/LOADING]: Loading mod file /workspaces/PatataServer/servidor_minecraft/mods/bobby-1.20.1_v5.0.1.jar with languages [LanguageSpec[languageName=javafml, acceptedVersions=[38,)]]
[13Sep2026 20:57:54.735] [main/DEBUG] [net.minecraftforge.fml.loading.moddiscovery.ModFileParser/LOADING]: Considering mod file candidate /workspaces/PatataServer/servidor_minecraft/mods/spark-1.10.53-forge.jar
[13Sep2026 20:57:54.735] [main/DEBUG] [net.minecraftforge.fml.loading.moddiscovery.ModFileInfo/LOADING]: Found valid mod file spark-1.10.53-forge.jar with {spark} mods - versions {1.10.53}
[13Sep2026 20:57:54.735] [main/DEBUG] [net.minecraftforge.fml.loading.moddiscovery.ModFile/LOADING]: Loading mod file /workspaces/PatataServer/servidor_minecraft/mods/spark-1.10.53-forge.jar with languages [LanguageSpec[languageName=javafml, acceptedVersions=[34,)]]
[13Sep2026 20:57:54.735] [main/DEBUG] [net.minecraftforge.fml.loading.moddiscovery.ModFileParser/LOADING]: Considering mod file candidate /workspaces/PatataServer/servidor_minecraft/mods/curios-forge-5.14.1+1.20.1.jar
[13Sep2026 20:57:54.736] [main/DEBUG] [net.minecraftforge.fml.loading.moddiscovery.ModFileInfo/LOADING]: Found valid mod file curios-forge-5.14.1+1.20.1.jar with {curios} mods - versions {5.14.1+1.20.1}
[13Sep2026 20:57:54.736] [main/DEBUG] [net.minecraftforge.fml.loading.moddiscovery.ModFile/LOADING]: Loading mod file /workspaces/PatataServer/servidor_minecraft/mods/curios-forge-5.14.1+1.20.1.jar with languages [LanguageSpec[languageName=javafml, acceptedVersions=[41,)]]
[13Sep2026 20:57:54.736] [main/DEBUG] [net.minecraftforge.fml.loading.moddiscovery.ModFileParser/LOADING]: Considering mod file candidate /workspaces/PatataServer/servidor_minecraft/mods/Patchouli-1.20.1-85-FORGE.jar
[13Sep2026 20:57:54.737] [main/DEBUG] [net.minecraftforge.fml.loading.moddiscovery.ModFileInfo/LOADING]: Found valid mod file Patchouli-1.20.1-85-FORGE.jar with {patchouli} mods - versions {1.20.1-85-FORGE}
[13Sep2026 20:57:54.737] [main/DEBUG] [net.minecraftforge.fml.loading.moddiscovery.ModFile/LOADING]: Loading mod file /workspaces/PatataServer/servidor_minecraft/mods/Patchouli-1.20.1-85-FORGE.jar with languages [LanguageSpec[languageName=javafml, acceptedVersions=[47,)]]
[13Sep2026 20:57:54.737] [main/DEBUG] [net.minecraftforge.fml.loading.moddiscovery.ModFileParser/LOADING]: Considering mod file candidate /workspaces/PatataServer/servidor_minecraft/mods/ExtraLib-3.1.0-1.20.1-Forge.jar
[13Sep2026 20:57:54.737] [main/DEBUG] [net.minecraftforge.fml.loading.moddiscovery.ModFileInfo/LOADING]: Found valid mod file ExtraLib-3.1.0-1.20.1-Forge.jar with {extralib} mods - versions {3.1.0}
[13Sep2026 20:57:54.737] [main/DEBUG] [net.minecraftforge.fml.loading.moddiscovery.ModFile/LOADING]: Loading mod file /workspaces/PatataServer/servidor_minecraft/mods/ExtraLib-3.1.0-1.20.1-Forge.jar with languages [LanguageSpec[languageName=javafml, acceptedVersions=[47,)]]
[13Sep2026 20:57:54.737] [main/DEBUG] [net.minecraftforge.fml.loading.moddiscovery.ModFileParser/LOADING]: Considering mod file candidate /workspaces/PatataServer/servidor_minecraft/mods/Searchables-forge-1.20.1-1.0.3.jar
[13Sep2026 20:57:54.738] [main/DEBUG] [net.minecraftforge.fml.loading.moddiscovery.ModFileInfo/LOADING]: Found valid mod file Searchables-forge-1.20.1-1.0.3.jar with {searchables} mods - versions {1.0.3}
[13Sep2026 20:57:54.738] [main/DEBUG] [net.minecraftforge.fml.loading.moddiscovery.ModFile/LOADING]: Loading mod file /workspaces/PatataServer/servidor_minecraft/mods/Searchables-forge-1.20.1-1.0.3.jar with languages [LanguageSpec[languageName=javafml, acceptedVersions=[41,)]]
[13Sep2026 20:57:54.738] [main/DEBUG] [net.minecraftforge.fml.loading.moddiscovery.ModFileParser/LOADING]: Considering mod file candidate 
[13Sep2026 20:57:54.738] [main/DEBUG] [net.minecraftforge.fml.loading.moddiscovery.ModFileInfo/LOADING]: Found valid mod file fabric-entity-events-v1-1.6.0+4ca7515277.jar with {fabric_entity_events_v1} mods - versions {1.6.0+4ca7515277}
[13Sep2026 20:57:54.738] [main/DEBUG] [net.minecraftforge.fml.loading.moddiscovery.ModFile/LOADING]: Loading mod file  with languages [LanguageSpec[languageName=javafml, acceptedVersions=[47,)]]
[13Sep2026 20:57:54.738] [main/DEBUG] [net.minecraftforge.fml.loading.moddiscovery.ModFileParser/LOADING]: Considering mod file candidate /workspaces/PatataServer/servidor_minecraft/mods/JujutsuCraft-ver50.1-forge-1.20.1.jar
[13Sep2026 20:57:54.739] [main/DEBUG] [net.minecraftforge.fml.loading.moddiscovery.ModFileInfo/LOADING]: Found valid mod file JujutsuCraft-ver50.1-forge-1.20.1.jar with {jujutsucraft} mods - versions {50}
[13Sep2026 20:57:54.739] [main/DEBUG] [net.minecraftforge.fml.loading.moddiscovery.ModFile/LOADING]: Loading mod file /workspaces/PatataServer/servidor_minecraft/mods/JujutsuCraft-ver50.1-forge-1.20.1.jar with languages [LanguageSpec[languageName=javafml, acceptedVersions=[47,)]]
[13Sep2026 20:57:54.739] [main/DEBUG] [net.minecraftforge.fml.loading.moddiscovery.ModFileParser/LOADING]: Considering mod file candidate /workspaces/PatataServer/servidor_minecraft/mods/worldedit-mod-7.2.15.jar
[13Sep2026 20:57:54.739] [main/DEBUG] [net.minecraftforge.fml.loading.moddiscovery.ModFileInfo/LOADING]: Found valid mod file worldedit-mod-7.2.15.jar with {worldedit} mods - versions {7.2.15+6463-5ca4dff}
[13Sep2026 20:57:54.740] [main/DEBUG] [net.minecraftforge.fml.loading.moddiscovery.ModFile/LOADING]: Loading mod file /workspaces/PatataServer/servidor_minecraft/mods/worldedit-mod-7.2.15.jar with languages [LanguageSpec[languageName=javafml, acceptedVersions=[24,)]]
[13Sep2026 20:57:54.740] [main/DEBUG] [net.minecraftforge.fml.loading.moddiscovery.ModFileParser/LOADING]: Considering mod file candidate /workspaces/PatataServer/servidor_minecraft/mods/architectury-9.2.14-forge.jar
[13Sep2026 20:57:54.740] [main/DEBUG] [net.minecraftforge.fml.loading.moddiscovery.ModFileInfo/LOADING]: Found valid mod file architectury-9.2.14-forge.jar with {architectury} mods - versions {9.2.14}
[13Sep2026 20:57:54.740] [main/DEBUG] [net.minecraftforge.fml.loading.moddiscovery.ModFile/LOADING]: Loading mod file /workspaces/PatataServer/servidor_minecraft/mods/architectury-9.2.14-forge.jar with languages [LanguageSpec[languageName=javafml, acceptedVersions=[46,)]]
[13Sep2026 20:57:54.740] [main/DEBUG] [net.minecraftforge.fml.loading.moddiscovery.ModFileParser/LOADING]: Considering mod file candidate 
[13Sep2026 20:57:54.741] [main/DEBUG] [net.minecraftforge.fml.loading.moddiscovery.ModFileInfo/LOADING]: Found valid mod file fabric-loot-api-v2-1.2.1+eb28f93e77.jar with {fabric_loot_api_v2} mods - versions {1.2.1+eb28f93e77}
[13Sep2026 20:57:54.741] [main/DEBUG] [net.minecraftforge.fml.loading.moddiscovery.ModFile/LOADING]: Loading mod file  with languages [LanguageSpec[languageName=javafml, acceptedVersions=[47,)]]
[13Sep2026 20:57:54.741] [main/DEBUG] [net.minecraftforge.fml.loading.moddiscovery.ModFileParser/LOADING]: Considering mod file candidate /workspaces/PatataServer/servidor_minecraft/mods/AI-Improvements-1.20-0.5.2.jar
[13Sep2026 20:57:54.741] [main/DEBUG] [net.minecraftforge.fml.loading.moddiscovery.ModFileInfo/LOADING]: Found valid mod file AI-Improvements-1.20-0.5.2.jar with {aiimprovements} mods - versions {0.5.2}
[13Sep2026 20:57:54.741] [main/DEBUG] [net.minecraftforge.fml.loading.moddiscovery.ModFile/LOADING]: Loading mod file /workspaces/PatataServer/servidor_minecraft/mods/AI-Improvements-1.20-0.5.2.jar with languages [LanguageSpec[languageName=javafml, acceptedVersions=[46,)]]
[13Sep2026 20:57:54.741] [main/DEBUG] [net.minecraftforge.fml.loading.moddiscovery.ModFileParser/LOADING]: Considering mod file candidate /workspaces/PatataServer/servidor_minecraft/mods/cupboard-1.20.1-4.1.jar
[13Sep2026 20:57:54.742] [main/DEBUG] [net.minecraftforge.fml.loading.moddiscovery.ModFileInfo/LOADING]: Found valid mod file cupboard-1.20.1-4.1.jar with {cupboard} mods - versions {1.20.1-4.1}
[13Sep2026 20:57:54.742] [main/DEBUG] [net.minecraftforge.fml.loading.moddiscovery.ModFile/LOADING]: Loading mod file /workspaces/PatataServer/servidor_minecraft/mods/cupboard-1.20.1-4.1.jar with languages [LanguageSpec[languageName=javafml, acceptedVersions=[36,)]]
[13Sep2026 20:57:54.742] [main/DEBUG] [net.minecraftforge.fml.loading.moddiscovery.ModFileParser/LOADING]: Considering mod file candidate 
[13Sep2026 20:57:54.742] [main/DEBUG] [net.minecraftforge.fml.loading.moddiscovery.ModFileInfo/LOADING]: Found valid mod file TRansition-1.0.21-1.20.1-forge-SNAPSHOT.jar with {transition} mods - versions {1.0.21}
[13Sep2026 20:57:54.743] [main/DEBUG] [net.minecraftforge.fml.loading.moddiscovery.ModFile/LOADING]: Loading mod file  with languages [LanguageSpec[languageName=javafml, acceptedVersions=[28,)]]
[13Sep2026 20:57:54.743] [main/DEBUG] [net.minecraftforge.fml.loading.moddiscovery.ModFileParser/LOADING]: Considering mod file candidate 
[13Sep2026 20:57:54.743] [main/DEBUG] [net.minecraftforge.fml.loading.moddiscovery.ModFileInfo/LOADING]: Found valid mod file fabric-rendering-data-attachment-v1-0.3.37+a6081afc77.jar with {fabric_rendering_data_attachment_v1} mods - versions {0.3.37+a6081afc77}
[13Sep2026 20:57:54.743] [main/DEBUG] [net.minecraftforge.fml.loading.moddiscovery.ModFile/LOADING]: Loading mod file  with languages [LanguageSpec[languageName=javafml, acceptedVersions=[47,)]]
[13Sep2026 20:57:54.743] [main/DEBUG] [net.minecraftforge.fml.loading.moddiscovery.ModFileParser/LOADING]: Considering mod file candidate 
[13Sep2026 20:57:54.744] [main/DEBUG] [net.minecraftforge.fml.loading.moddiscovery.ModFileInfo/LOADING]: Found valid mod file fabric-networking-api-v1-1.3.11+503a202477.jar with {fabric_networking_api_v1} mods - versions {1.3.11+503a202477}
[13Sep2026 20:57:54.744] [main/DEBUG] [net.minecraftforge.fml.loading.moddiscovery.ModFile/LOADING]: Loading mod file  with languages [LanguageSpec[languageName=javafml, acceptedVersions=[47,)]]
[13Sep2026 20:57:54.744] [main/DEBUG] [net.minecraftforge.fml.loading.moddiscovery.ModFileParser/LOADING]: Considering mod file candidate /workspaces/PatataServer/servidor_minecraft/mods/BindingVowV14.jar
[13Sep2026 20:57:54.744] [main/DEBUG] [net.minecraftforge.fml.loading.moddiscovery.ModFileInfo/LOADING]: Found valid mod file BindingVowV14.jar with {bindingvow} mods - versions {14}
[13Sep2026 20:57:54.744] [main/DEBUG] [net.minecraftforge.fml.loading.moddiscovery.ModFile/LOADING]: Loading mod file /workspaces/PatataServer/servidor_minecraft/mods/BindingVowV14.jar with languages [LanguageSpec[languageName=javafml, acceptedVersions=[47,)]]
[13Sep2026 20:57:54.744] [main/DEBUG] [net.minecraftforge.fml.loading.moddiscovery.ModFileParser/LOADING]: Considering mod file candidate /workspaces/PatataServer/servidor_minecraft/mods/huge-structure-blocks-forge-1.1.10.jar
[13Sep2026 20:57:54.745] [main/DEBUG] [net.minecraftforge.fml.loading.moddiscovery.ModFileInfo/LOADING]: Found valid mod file huge-structure-blocks-forge-1.1.10.jar with {hugestructureblocks} mods - versions {1.1.10}
[13Sep2026 20:57:54.745] [main/DEBUG] [net.minecraftforge.fml.loading.moddiscovery.ModFile/LOADING]: Loading mod file /workspaces/PatataServer/servidor_minecraft/mods/huge-structure-blocks-forge-1.1.10.jar with languages [LanguageSpec[languageName=javafml, acceptedVersions=[47,)]]
[13Sep2026 20:57:54.745] [main/DEBUG] [net.minecraftforge.fml.loading.moddiscovery.ModFileParser/LOADING]: Considering mod file candidate /workspaces/PatataServer/servidor_minecraft/mods/jujutsucraftutility-1.4.4.2.jar
[13Sep2026 20:57:54.745] [main/DEBUG] [net.minecraftforge.fml.loading.moddiscovery.ModFileInfo/LOADING]: Found valid mod file jujutsucraftutility-1.4.4.2.jar with {jujutsucraftutility} mods - versions {1.4.4.2}
[13Sep2026 20:57:54.745] [main/DEBUG] [net.minecraftforge.fml.loading.moddiscovery.ModFile/LOADING]: Loading mod file /workspaces/PatataServer/servidor_minecraft/mods/jujutsucraftutility-1.4.4.2.jar with languages [LanguageSpec[languageName=javafml, acceptedVersions=[47,)]]
[13Sep2026 20:57:54.745] [main/DEBUG] [net.minecraftforge.fml.loading.moddiscovery.ModFileParser/LOADING]: Considering mod file candidate 
[13Sep2026 20:57:54.746] [main/DEBUG] [net.minecraftforge.fml.loading.moddiscovery.ModFileInfo/LOADING]: Found valid mod file fabric-lifecycle-events-v1-2.2.22+afab492177.jar with {fabric_lifecycle_events_v1} mods - versions {2.2.22+afab492177}
[13Sep2026 20:57:54.746] [main/DEBUG] [net.minecraftforge.fml.loading.moddiscovery.ModFile/LOADING]: Loading mod file  with languages [LanguageSpec[languageName=javafml, acceptedVersions=[47,)]]
[13Sep2026 20:57:54.746] [main/DEBUG] [net.minecraftforge.fml.loading.moddiscovery.ModFileParser/LOADING]: Considering mod file candidate /workspaces/PatataServer/servidor_minecraft/mods/Quick Skin - Forge - 1.20.1-2.6.2.4.jar
[13Sep2026 20:57:54.746] [main/DEBUG] [net.minecraftforge.fml.loading.moddiscovery.ModFileInfo/LOADING]: Found valid mod file Quick Skin - Forge - 1.20.1-2.6.2.4.jar with {quickskin} mods - versions {2.6.2.4}
[13Sep2026 20:57:54.746] [main/DEBUG] [net.minecraftforge.fml.loading.moddiscovery.ModFile/LOADING]: Loading mod file /workspaces/PatataServer/servidor_minecraft/mods/Quick Skin - Forge - 1.20.1-2.6.2.4.jar with languages [LanguageSpec[languageName=javafml, acceptedVersions=[47,)]]
[13Sep2026 20:57:54.747] [main/DEBUG] [net.minecraftforge.fml.loading.moddiscovery.ModFileParser/LOADING]: Considering mod file candidate 
[13Sep2026 20:57:54.747] [main/DEBUG] [net.minecraftforge.fml.loading.moddiscovery.ModFileInfo/LOADING]: Found valid mod file fabric-key-binding-api-v1-1.0.37+561530ec77.jar with {fabric_key_binding_api_v1} mods - versions {1.0.37+561530ec77}
[13Sep2026 20:57:54.747] [main/DEBUG] [net.minecraftforge.fml.loading.moddiscovery.ModFile/LOADING]: Loading mod file  with languages [LanguageSpec[languageName=javafml, acceptedVersions=[47,)]]
[13Sep2026 20:57:54.747] [main/DEBUG] [net.minecraftforge.fml.loading.moddiscovery.ModFileParser/LOADING]: Considering mod file candidate 
[13Sep2026 20:57:54.748] [main/DEBUG] [net.minecraftforge.fml.loading.moddiscovery.ModFileInfo/LOADING]: Found valid mod file fabric-client-tags-api-v1-1.1.2+5d6761b877.jar with {fabric_client_tags_api_v1} mods - versions {1.1.2+5d6761b877}
[13Sep2026 20:57:54.748] [main/DEBUG] [net.minecraftforge.fml.loading.moddiscovery.ModFile/LOADING]: Loading mod file  with languages [LanguageSpec[languageName=javafml, acceptedVersions=[47,)]]
[13Sep2026 20:57:54.748] [main/DEBUG] [net.minecraftforge.fml.loading.moddiscovery.ModFileParser/LOADING]: Considering mod file candidate /workspaces/PatataServer/servidor_minecraft/mods/BetterAdvancements-Forge-1.20.1-0.6.0.73.jar
[13Sep2026 20:57:54.748] [main/DEBUG] [net.minecraftforge.fml.loading.moddiscovery.ModFileInfo/LOADING]: Found valid mod file BetterAdvancements-Forge-1.20.1-0.6.0.73.jar with {betteradvancements} mods - versions {0.6.0.73}
[13Sep2026 20:57:54.748] [main/DEBUG] [net.minecraftforge.fml.loading.moddiscovery.ModFile/LOADING]: Loading mod file /workspaces/PatataServer/servidor_minecraft/mods/BetterAdvancements-Forge-1.20.1-0.6.0.73.jar with languages [LanguageSpec[languageName=javafml, acceptedVersions=[47,)]]
[13Sep2026 20:57:54.748] [main/DEBUG] [net.minecraftforge.fml.loading.moddiscovery.ModFileParser/LOADING]: Considering mod file candidate /workspaces/PatataServer/servidor_minecraft/mods/slyrienjujutsu-1.0.jar
[13Sep2026 20:57:54.749] [main/DEBUG] [net.minecraftforge.fml.loading.moddiscovery.ModFileInfo/LOADING]: Found valid mod file slyrienjujutsu-1.0.jar with {slyrienjujutsu} mods - versions {1.0.0}
[13Sep2026 20:57:54.749] [main/DEBUG] [net.minecraftforge.fml.loading.moddiscovery.ModFile/LOADING]: Loading mod file /workspaces/PatataServer/servidor_minecraft/mods/slyrienjujutsu-1.0.jar with languages [LanguageSpec[languageName=javafml, acceptedVersions=[47,)]]
[13Sep2026 20:57:54.749] [main/DEBUG] [net.minecraftforge.fml.loading.moddiscovery.ModFileParser/LOADING]: Considering mod file candidate 
[13Sep2026 20:57:54.749] [main/DEBUG] [net.minecraftforge.fml.loading.moddiscovery.ModFileInfo/LOADING]: Found valid mod file fabric-dimensions-v1-2.1.54+8005d10d77.jar with {fabric_dimensions_v1} mods - versions {2.1.54+8005d10d77}
[13Sep2026 20:57:54.750] [main/DEBUG] [net.minecraftforge.fml.loading.moddiscovery.ModFile/LOADING]: Loading mod file  with languages [LanguageSpec[languageName=javafml, acceptedVersions=[47,)]]
[13Sep2026 20:57:54.750] [main/DEBUG] [net.minecraftforge.fml.loading.moddiscovery.ModFileParser/LOADING]: Considering mod file candidate 
[13Sep2026 20:57:54.750] [main/DEBUG] [net.minecraftforge.fml.loading.moddiscovery.ModFileInfo/LOADING]: Found valid mod file fabric-transfer-api-v1-3.3.5+631c9cd677.jar with {fabric_transfer_api_v1} mods - versions {3.3.5+631c9cd677}
[13Sep2026 20:57:54.750] [main/DEBUG] [net.minecraftforge.fml.loading.moddiscovery.ModFile/LOADING]: Loading mod file  with languages [LanguageSpec[languageName=javafml, acceptedVersions=[47,)]]
[13Sep2026 20:57:54.750] [main/DEBUG] [net.minecraftforge.fml.loading.moddiscovery.ModFileParser/LOADING]: Considering mod file candidate /workspaces/PatataServer/servidor_minecraft/mods/almirioncore-1.0.0.jar
[13Sep2026 20:57:54.751] [main/DEBUG] [net.minecraftforge.fml.loading.moddiscovery.ModFileInfo/LOADING]: Found valid mod file almirioncore-1.0.0.jar with {almirioncore} mods - versions {1.0.0}
[13Sep2026 20:57:54.751] [main/DEBUG] [net.minecraftforge.fml.loading.moddiscovery.ModFile/LOADING]: Loading mod file /workspaces/PatataServer/servidor_minecraft/mods/almirioncore-1.0.0.jar with languages [LanguageSpec[languageName=javafml, acceptedVersions=[47,)]]
[13Sep2026 20:57:54.751] [main/DEBUG] [net.minecraftforge.fml.loading.moddiscovery.ModFileParser/LOADING]: Considering mod file candidate /workspaces/PatataServer/servidor_minecraft/mods/jujutsuslop-0.9.6.jar
[13Sep2026 20:57:54.751] [main/DEBUG] [net.minecraftforge.fml.loading.moddiscovery.ModFileInfo/LOADING]: Found valid mod file jujutsuslop-0.9.6.jar with {jujutsuslop} mods - versions {0.9.6}
[13Sep2026 20:57:54.751] [main/DEBUG] [net.minecraftforge.fml.loading.moddiscovery.ModFile/LOADING]: Loading mod file /workspaces/PatataServer/servidor_minecraft/mods/jujutsuslop-0.9.6.jar with languages [LanguageSpec[languageName=javafml, acceptedVersions=[47,)]]
[13Sep2026 20:57:54.751] [main/DEBUG] [net.minecraftforge.fml.loading.moddiscovery.ModFileParser/LOADING]: Considering mod file candidate /workspaces/PatataServer/servidor_minecraft/mods/rhino-forge-2001.2.3-build.10.jar
[13Sep2026 20:57:54.752] [main/DEBUG] [net.minecraftforge.fml.loading.moddiscovery.ModFileInfo/LOADING]: Found valid mod file rhino-forge-2001.2.3-build.10.jar with {rhino} mods - versions {2001.2.3-build.10}
[13Sep2026 20:57:54.752] [main/DEBUG] [net.minecraftforge.fml.loading.moddiscovery.ModFile/LOADING]: Loading mod file /workspaces/PatataServer/servidor_minecraft/mods/rhino-forge-2001.2.3-build.10.jar with languages [LanguageSpec[languageName=javafml, acceptedVersions=[38,)]]
[13Sep2026 20:57:54.752] [main/DEBUG] [net.minecraftforge.fml.loading.moddiscovery.ModFileParser/LOADING]: Considering mod file candidate /workspaces/PatataServer/servidor_minecraft/mods/retrodamageindicators-1.0.1.jar
[13Sep2026 20:57:54.752] [main/DEBUG] [net.minecraftforge.fml.loading.moddiscovery.ModFileInfo/LOADING]: Found valid mod file retrodamageindicators-1.0.1.jar with {retrodamageindicators} mods - versions {1.0.1}
[13Sep2026 20:57:54.752] [main/DEBUG] [net.minecraftforge.fml.loading.moddiscovery.ModFile/LOADING]: Loading mod file /workspaces/PatataServer/servidor_minecraft/mods/retrodamageindicators-1.0.1.jar with languages [LanguageSpec[languageName=javafml, acceptedVersions=[46,)]]
[13Sep2026 20:57:54.752] [main/DEBUG] [net.minecraftforge.fml.loading.moddiscovery.ModFileParser/LOADING]: Considering mod file candidate /workspaces/PatataServer/servidor_minecraft/mods/ftb-library-forge-2001.2.13.jar
[13Sep2026 20:57:54.753] [main/DEBUG] [net.minecraftforge.fml.loading.moddiscovery.ModFileInfo/LOADING]: Found valid mod file ftb-library-forge-2001.2.13.jar with {ftblibrary} mods - versions {2001.2.13}
[13Sep2026 20:57:54.753] [main/DEBUG] [net.minecraftforge.fml.loading.moddiscovery.ModFile/LOADING]: Loading mod file /workspaces/PatataServer/servidor_minecraft/mods/ftb-library-forge-2001.2.13.jar with languages [LanguageSpec[languageName=javafml, acceptedVersions=[47,)]]
[13Sep2026 20:57:54.753] [main/DEBUG] [net.minecraftforge.fml.loading.moddiscovery.ModFileParser/LOADING]: Considering mod file candidate /workspaces/PatataServer/servidor_minecraft/mods/limitedchunks-1.20.1-4.1.jar
[13Sep2026 20:57:54.753] [main/DEBUG] [net.minecraftforge.fml.loading.moddiscovery.ModFileInfo/LOADING]: Found valid mod file limitedchunks-1.20.1-4.1.jar with {limitedchunks} mods - versions {1.8}
[13Sep2026 20:57:54.754] [main/DEBUG] [net.minecraftforge.fml.loading.moddiscovery.ModFile/LOADING]: Loading mod file /workspaces/PatataServer/servidor_minecraft/mods/limitedchunks-1.20.1-4.1.jar with languages [LanguageSpec[languageName=javafml, acceptedVersions=[28,)]]
[13Sep2026 20:57:54.754] [main/DEBUG] [net.minecraftforge.fml.loading.moddiscovery.ModFileParser/LOADING]: Considering mod file candidate /workspaces/PatataServer/servidor_minecraft/mods/OctoLib-FORGE-0.5.0.1+1.20.1.jar
[13Sep2026 20:57:54.754] [main/DEBUG] [net.minecraftforge.fml.loading.moddiscovery.ModFileInfo/LOADING]: Found valid mod file OctoLib-FORGE-0.5.0.1+1.20.1.jar with {octolib} mods - versions {0.5.0.1}
[13Sep2026 20:57:54.754] [main/DEBUG] [net.minecraftforge.fml.loading.moddiscovery.ModFile/LOADING]: Loading mod file /workspaces/PatataServer/servidor_minecraft/mods/OctoLib-FORGE-0.5.0.1+1.20.1.jar with languages [LanguageSpec[languageName=javafml, acceptedVersions=[47,)]]
[13Sep2026 20:57:54.754] [main/DEBUG] [net.minecraftforge.fml.loading.moddiscovery.ModFileParser/LOADING]: Considering mod file candidate 
[13Sep2026 20:57:54.755] [main/DEBUG] [net.minecraftforge.fml.loading.moddiscovery.ModFileInfo/LOADING]: Found valid mod file fabric-model-loading-api-v1-1.0.3+6274ab9d77.jar with {fabric_model_loading_api_v1} mods - versions {1.0.3+6274ab9d77}
[13Sep2026 20:57:54.755] [main/DEBUG] [net.minecraftforge.fml.loading.moddiscovery.ModFile/LOADING]: Loading mod file  with languages [LanguageSpec[languageName=javafml, acceptedVersions=[47,)]]
[13Sep2026 20:57:54.755] [main/DEBUG] [net.minecraftforge.fml.loading.moddiscovery.ModFileParser/LOADING]: Considering mod file candidate /workspaces/PatataServer/servidor_minecraft/mods/jei-1.20.1-forge-15.56.0.205.jar
[13Sep2026 20:57:54.756] [main/DEBUG] [net.minecraftforge.fml.loading.moddiscovery.ModFileInfo/LOADING]: Found valid mod file jei-1.20.1-forge-15.56.0.205.jar with {jei} mods - versions {15.56.0.205}
[13Sep2026 20:57:54.756] [main/DEBUG] [net.minecraftforge.fml.loading.moddiscovery.ModFile/LOADING]: Loading mod file /workspaces/PatataServer/servidor_minecraft/mods/jei-1.20.1-forge-15.56.0.205.jar with languages [LanguageSpec[languageName=javafml, acceptedVersions=[47,)]]
[13Sep2026 20:57:54.756] [main/DEBUG] [net.minecraftforge.fml.loading.moddiscovery.ModFileParser/LOADING]: Considering mod file candidate 
[13Sep2026 20:57:54.756] [main/DEBUG] [net.minecraftforge.fml.loading.moddiscovery.ModFileInfo/LOADING]: Found valid mod file xaerolib-forge-1.20.1-1.7.1.jar with {xaerolib} mods - versions {1.7.1}
[13Sep2026 20:57:54.756] [main/DEBUG] [net.minecraftforge.fml.loading.moddiscovery.ModFile/LOADING]: Loading mod file  with languages [LanguageSpec[languageName=javafml, acceptedVersions=[46,48)]]
[13Sep2026 20:57:54.756] [main/DEBUG] [net.minecraftforge.fml.loading.moddiscovery.ModFileParser/LOADING]: Considering mod file candidate /workspaces/PatataServer/servidor_minecraft/mods/AttributeFix-Forge-1.20.1-21.0.5.jar
[13Sep2026 20:57:54.757] [main/DEBUG] [net.minecraftforge.fml.loading.moddiscovery.ModFileInfo/LOADING]: Found valid mod file AttributeFix-Forge-1.20.1-21.0.5.jar with {attributefix} mods - versions {21.0.5}
[13Sep2026 20:57:54.757] [main/DEBUG] [net.minecraftforge.fml.loading.moddiscovery.ModFile/LOADING]: Loading mod file /workspaces/PatataServer/servidor_minecraft/mods/AttributeFix-Forge-1.20.1-21.0.5.jar with languages [LanguageSpec[languageName=javafml, acceptedVersions=[47,)]]
[13Sep2026 20:57:54.757] [main/DEBUG] [net.minecraftforge.fml.loading.moddiscovery.ModFileParser/LOADING]: Considering mod file candidate 
[13Sep2026 20:57:54.757] [main/DEBUG] [net.minecraftforge.fml.loading.moddiscovery.ModFileInfo/LOADING]: Found valid mod file fabric-screen-handler-api-v1-1.3.30+561530ec77.jar with {fabric_screen_handler_api_v1} mods - versions {1.3.30+561530ec77}
[13Sep2026 20:57:54.757] [main/DEBUG] [net.minecraftforge.fml.loading.moddiscovery.ModFile/LOADING]: Loading mod file  with languages [LanguageSpec[languageName=javafml, acceptedVersions=[47,)]]
[13Sep2026 20:57:54.757] [main/DEBUG] [net.minecraftforge.fml.loading.moddiscovery.ModFileParser/LOADING]: Considering mod file candidate /workspaces/PatataServer/servidor_minecraft/mods/Pehkui-3.8.2+1.20.1-forge.jar
[13Sep2026 20:57:54.758] [main/DEBUG] [net.minecraftforge.fml.loading.moddiscovery.ModFileInfo/LOADING]: Found valid mod file Pehkui-3.8.2+1.20.1-forge.jar with {pehkui} mods - versions {3.8.2+1.20.1-forge}
[13Sep2026 20:57:54.758] [main/DEBUG] [net.minecraftforge.fml.loading.moddiscovery.ModFile/LOADING]: Loading mod file /workspaces/PatataServer/servidor_minecraft/mods/Pehkui-3.8.2+1.20.1-forge.jar with languages [LanguageSpec[languageName=javafml, acceptedVersions=[28,)]]
[13Sep2026 20:57:54.758] [main/DEBUG] [net.minecraftforge.fml.loading.moddiscovery.ModFileParser/LOADING]: Considering mod file candidate 
[13Sep2026 20:57:54.758] [main/DEBUG] [net.minecraftforge.fml.loading.moddiscovery.ModFileInfo/LOADING]: Found valid mod file fabric-resource-loader-v0-0.11.10+bcd08ed377.jar with {fabric_resource_loader_v0} mods - versions {0.11.10+bcd08ed377}
[13Sep2026 20:57:54.758] [main/DEBUG] [net.minecraftforge.fml.loading.moddiscovery.ModFile/LOADING]: Loading mod file  with languages [LanguageSpec[languageName=javafml, acceptedVersions=[47,)]]
[13Sep2026 20:57:54.758] [main/DEBUG] [net.minecraftforge.fml.loading.moddiscovery.ModFileParser/LOADING]: Considering mod file candidate 
[13Sep2026 20:57:54.759] [main/DEBUG] [net.minecraftforge.fml.loading.moddiscovery.ModFileInfo/LOADING]: Found valid mod file TRender-1.0.15-1.20.1-forge-SNAPSHOT.jar with {trender} mods - versions {1.0.15}
[13Sep2026 20:57:54.759] [main/DEBUG] [net.minecraftforge.fml.loading.moddiscovery.ModFile/LOADING]: Loading mod file  with languages [LanguageSpec[languageName=javafml, acceptedVersions=[28,)]]
[13Sep2026 20:57:54.759] [main/DEBUG] [net.minecraftforge.fml.loading.moddiscovery.ModFileParser/LOADING]: Considering mod file candidate 
[13Sep2026 20:57:54.759] [main/DEBUG] [net.minecraftforge.fml.loading.moddiscovery.ModFileInfo/LOADING]: Found valid mod file fabric-rendering-v1-3.0.8+66e9a48f77.jar with {fabric_rendering_v1} mods - versions {3.0.8+66e9a48f77}
[13Sep2026 20:57:54.759] [main/DEBUG] [net.minecraftforge.fml.loading.moddiscovery.ModFile/LOADING]: Loading mod file  with languages [LanguageSpec[languageName=javafml, acceptedVersions=[47,)]]
[13Sep2026 20:57:54.760] [main/DEBUG] [net.minecraftforge.fml.loading.moddiscovery.ModFileParser/LOADING]: Considering mod file candidate /workspaces/PatataServer/servidor_minecraft/mods/chloride-FORGE-mc1.20.1-v1.8.1.jar
[13Sep2026 20:57:54.760] [main/DEBUG] [net.minecraftforge.fml.loading.moddiscovery.ModFileInfo/LOADING]: Found valid mod file chloride-FORGE-mc1.20.1-v1.8.1.jar with {chloride} mods - versions {1.8.1}
[13Sep2026 20:57:54.760] [main/DEBUG] [net.minecraftforge.fml.loading.moddiscovery.ModFile/LOADING]: Loading mod file /workspaces/PatataServer/servidor_minecraft/mods/chloride-FORGE-mc1.20.1-v1.8.1.jar with languages [LanguageSpec[languageName=javafml, acceptedVersions=[47,48)]]
[13Sep2026 20:57:54.760] [main/DEBUG] [net.minecraftforge.fml.loading.moddiscovery.ModFileParser/LOADING]: Considering mod file candidate 
[13Sep2026 20:57:54.761] [main/DEBUG] [net.minecraftforge.fml.loading.moddiscovery.ModFileInfo/LOADING]: Found valid mod file fabric-renderer-indigo-1.5.2+b5b2da4177.jar with {fabric_renderer_indigo} mods - versions {1.5.2+b5b2da4177}
[13Sep2026 20:57:54.761] [main/DEBUG] [net.minecraftforge.fml.loading.moddiscovery.ModFile/LOADING]: Loading mod file  with languages [LanguageSpec[languageName=javafml, acceptedVersions=[47,)]]
[13Sep2026 20:57:54.761] [main/DEBUG] [net.minecraftforge.fml.loading.moddiscovery.ModFileParser/LOADING]: Considering mod file candidate /workspaces/PatataServer/servidor_minecraft/mods/waystones-forge-1.20.1-14.1.20.jar
[13Sep2026 20:57:54.761] [main/DEBUG] [net.minecraftforge.fml.loading.moddiscovery.ModFileInfo/LOADING]: Found valid mod file waystones-forge-1.20.1-14.1.20.jar with {waystones} mods - versions {14.1.20}
[13Sep2026 20:57:54.761] [main/DEBUG] [net.minecraftforge.fml.loading.moddiscovery.ModFile/LOADING]: Loading mod file /workspaces/PatataServer/servidor_minecraft/mods/waystones-forge-1.20.1-14.1.20.jar with languages [LanguageSpec[languageName=javafml, acceptedVersions=[46,)]]
[13Sep2026 20:57:54.761] [main/DEBUG] [net.minecraftforge.fml.loading.moddiscovery.ModFileParser/LOADING]: Considering mod file candidate /workspaces/PatataServer/servidor_minecraft/mods/Clumps-forge-1.20.1-12.0.0.4.jar
[13Sep2026 20:57:54.762] [main/DEBUG] [net.minecraftforge.fml.loading.moddiscovery.ModFileInfo/LOADING]: Found valid mod file Clumps-forge-1.20.1-12.0.0.4.jar with {clumps} mods - versions {12.0.0.4}
[13Sep2026 20:57:54.762] [main/DEBUG] [net.minecraftforge.fml.loading.moddiscovery.ModFile/LOADING]: Loading mod file /workspaces/PatataServer/servidor_minecraft/mods/Clumps-forge-1.20.1-12.0.0.4.jar with languages [LanguageSpec[languageName=javafml, acceptedVersions=[41,)]]
[13Sep2026 20:57:54.762] [main/DEBUG] [net.minecraftforge.fml.loading.moddiscovery.ModFileParser/LOADING]: Considering mod file candidate /workspaces/PatataServer/servidor_minecraft/mods/FastSuite-1.20.1-5.1.2.jar
[13Sep2026 20:57:54.762] [main/DEBUG] [net.minecraftforge.fml.loading.moddiscovery.ModFileInfo/LOADING]: Found valid mod file FastSuite-1.20.1-5.1.2.jar with {fastsuite} mods - versions {5.1.2}
[13Sep2026 20:57:54.762] [main/DEBUG] [net.minecraftforge.fml.loading.moddiscovery.ModFile/LOADING]: Loading mod file /workspaces/PatataServer/servidor_minecraft/mods/FastSuite-1.20.1-5.1.2.jar with languages [LanguageSpec[languageName=javafml, acceptedVersions=[32,)]]
[13Sep2026 20:57:54.763] [main/DEBUG] [net.minecraftforge.fml.loading.moddiscovery.ModFileParser/LOADING]: Considering mod file candidate /workspaces/PatataServer/servidor_minecraft/mods/fastasyncworldsave-1.20.1-2.6.jar
[13Sep2026 20:57:54.763] [main/DEBUG] [net.minecraftforge.fml.loading.moddiscovery.ModFileInfo/LOADING]: Found valid mod file fastasyncworldsave-1.20.1-2.6.jar with {fastasyncworldsave} mods - versions {1.20.1-2.6}
[13Sep2026 20:57:54.763] [main/DEBUG] [net.minecraftforge.fml.loading.moddiscovery.ModFile/LOADING]: Loading mod file /workspaces/PatataServer/servidor_minecraft/mods/fastasyncworldsave-1.20.1-2.6.jar with languages [LanguageSpec[languageName=javafml, acceptedVersions=[36,)]]
[13Sep2026 20:57:54.763] [main/DEBUG] [net.minecraftforge.fml.loading.moddiscovery.ModFileParser/LOADING]: Considering mod file candidate 
[13Sep2026 20:57:54.764] [main/DEBUG] [net.minecraftforge.fml.loading.moddiscovery.ModFileInfo/LOADING]: Found valid mod file fabric-mining-level-api-v1-2.1.50+561530ec77.jar with {fabric_mining_level_api_v1} mods - versions {2.1.50+561530ec77}
[13Sep2026 20:57:54.764] [main/DEBUG] [net.minecraftforge.fml.loading.moddiscovery.ModFile/LOADING]: Loading mod file  with languages [LanguageSpec[languageName=javafml, acceptedVersions=[47,)]]
[13Sep2026 20:57:54.764] [main/DEBUG] [net.minecraftforge.fml.loading.moddiscovery.ModFileParser/LOADING]: Considering mod file candidate /workspaces/PatataServer/servidor_minecraft/mods/aaa_particles-1.20.1-1.4.11-forge.jar
[13Sep2026 20:57:54.764] [main/DEBUG] [net.minecraftforge.fml.loading.moddiscovery.ModFileInfo/LOADING]: Found valid mod file aaa_particles-1.20.1-1.4.11-forge.jar with {aaa_particles} mods - versions {1.20.1-1.4.11}
[13Sep2026 20:57:54.764] [main/DEBUG] [net.minecraftforge.fml.loading.moddiscovery.ModFile/LOADING]: Loading mod file /workspaces/PatataServer/servidor_minecraft/mods/aaa_particles-1.20.1-1.4.11-forge.jar with languages [LanguageSpec[languageName=javafml, acceptedVersions=[47,)]]
[13Sep2026 20:57:54.764] [main/DEBUG] [net.minecraftforge.fml.loading.moddiscovery.ModFileParser/LOADING]: Considering mod file candidate /workspaces/PatataServer/servidor_minecraft/mods/jjsh-2.8.jar
[13Sep2026 20:57:54.765] [main/DEBUG] [net.minecraftforge.fml.loading.moddiscovery.ModFileInfo/LOADING]: Found valid mod file jjsh-2.8.jar with {jjsh} mods - versions {1.0-SNAPSHOT}
[13Sep2026 20:57:54.765] [main/DEBUG] [net.minecraftforge.fml.loading.moddiscovery.ModFile/LOADING]: Loading mod file /workspaces/PatataServer/servidor_minecraft/mods/jjsh-2.8.jar with languages [LanguageSpec[languageName=javafml, acceptedVersions=[47,)]]
[13Sep2026 20:57:54.765] [main/DEBUG] [net.minecraftforge.fml.loading.moddiscovery.ModFileParser/LOADING]: Considering mod file candidate /workspaces/PatataServer/servidor_minecraft/mods/BadMobs-1.20.1-19.0.4.jar
[13Sep2026 20:57:54.766] [main/DEBUG] [net.minecraftforge.fml.loading.moddiscovery.ModFileInfo/LOADING]: Found valid mod file BadMobs-1.20.1-19.0.4.jar with {badmobs} mods - versions {19.0.4}
[13Sep2026 20:57:54.766] [main/DEBUG] [net.minecraftforge.fml.loading.moddiscovery.ModFile/LOADING]: Loading mod file /workspaces/PatataServer/servidor_minecraft/mods/BadMobs-1.20.1-19.0.4.jar with languages [LanguageSpec[languageName=javafml, acceptedVersions=[47,]]]
[13Sep2026 20:57:54.766] [main/DEBUG] [net.minecraftforge.fml.loading.moddiscovery.ModFileParser/LOADING]: Considering mod file candidate /workspaces/PatataServer/servidor_minecraft/mods/txnilib-forge-1.0.24-1.20.1.jar
[13Sep2026 20:57:54.766] [main/DEBUG] [net.minecraftforge.fml.loading.moddiscovery.ModFileInfo/LOADING]: Found valid mod file txnilib-forge-1.0.24-1.20.1.jar with {txnilib} mods - versions {1.0.24}
[13Sep2026 20:57:54.766] [main/DEBUG] [net.minecraftforge.fml.loading.moddiscovery.ModFile/LOADING]: Loading mod file /workspaces/PatataServer/servidor_minecraft/mods/txnilib-forge-1.0.24-1.20.1.jar with languages [LanguageSpec[languageName=javafml, acceptedVersions=[1,)]]
[13Sep2026 20:57:54.766] [main/DEBUG] [net.minecraftforge.fml.loading.moddiscovery.ModFileParser/LOADING]: Considering mod file candidate /workspaces/PatataServer/servidor_minecraft/mods/almplaceholderfix-1.0.1.jar
[13Sep2026 20:57:54.767] [main/DEBUG] [net.minecraftforge.fml.loading.moddiscovery.ModFileInfo/LOADING]: Found valid mod file almplaceholderfix-1.0.1.jar with {almplaceholderfix} mods - versions {1.0.0}
[13Sep2026 20:57:54.767] [main/DEBUG] [net.minecraftforge.fml.loading.moddiscovery.ModFile/LOADING]: Loading mod file /workspaces/PatataServer/servidor_minecraft/mods/almplaceholderfix-1.0.1.jar with languages [LanguageSpec[languageName=javafml, acceptedVersions=[47,)]]
[13Sep2026 20:57:54.767] [main/DEBUG] [net.minecraftforge.fml.loading.moddiscovery.ModFileParser/LOADING]: Considering mod file candidate /workspaces/PatataServer/servidor_minecraft/mods/memoryleakfix-forge-1.17+-1.1.5.jar
[13Sep2026 20:57:54.767] [main/DEBUG] [net.minecraftforge.fml.loading.moddiscovery.ModFileInfo/LOADING]: Found valid mod file memoryleakfix-forge-1.17+-1.1.5.jar with {memoryleakfix} mods - versions {1.1.5}
[13Sep2026 20:57:54.767] [main/DEBUG] [net.minecraftforge.fml.loading.moddiscovery.ModFile/LOADING]: Loading mod file /workspaces/PatataServer/servidor_minecraft/mods/memoryleakfix-forge-1.17+-1.1.5.jar with languages [LanguageSpec[languageName=javafml, acceptedVersions=*]]
[13Sep2026 20:57:54.767] [main/DEBUG] [net.minecraftforge.fml.loading.moddiscovery.ModFileParser/LOADING]: Considering mod file candidate 
[13Sep2026 20:57:54.768] [main/DEBUG] [net.minecraftforge.fml.loading.moddiscovery.ModFileInfo/LOADING]: Found valid mod file fabric-particles-v1-1.1.2+78e1ecb877.jar with {fabric_particles_v1} mods - versions {1.1.2+78e1ecb877}
[13Sep2026 20:57:54.768] [main/DEBUG] [net.minecraftforge.fml.loading.moddiscovery.ModFile/LOADING]: Loading mod file  with languages [LanguageSpec[languageName=javafml, acceptedVersions=[47,)]]
[13Sep2026 20:57:54.768] [main/DEBUG] [net.minecraftforge.fml.loading.moddiscovery.ModFileParser/LOADING]: Considering mod file candidate /workspaces/PatataServer/servidor_minecraft/mods/ftb-chunks-forge-2001.3.8.jar
[13Sep2026 20:57:54.768] [main/DEBUG] [net.minecraftforge.fml.loading.moddiscovery.ModFileInfo/LOADING]: Found valid mod file ftb-chunks-forge-2001.3.8.jar with {ftbchunks} mods - versions {2001.3.8}
[13Sep2026 20:57:54.768] [main/DEBUG] [net.minecraftforge.fml.loading.moddiscovery.ModFile/LOADING]: Loading mod file /workspaces/PatataServer/servidor_minecraft/mods/ftb-chunks-forge-2001.3.8.jar with languages [LanguageSpec[languageName=javafml, acceptedVersions=[47,)]]
[13Sep2026 20:57:54.768] [main/DEBUG] [net.minecraftforge.fml.loading.moddiscovery.ModFileParser/LOADING]: Considering mod file candidate /workspaces/PatataServer/servidor_minecraft/libraries/net/minecraftforge/forge/1.20.1-47.3.7/forge-1.20.1-47.3.7-universal.jar
[13Sep2026 20:57:54.769] [main/DEBUG] [net.minecraftforge.fml.loading.moddiscovery.ModFileInfo/LOADING]: Found valid mod file forge-1.20.1-47.3.7-universal.jar with {forge} mods - versions {47.3.7}
[13Sep2026 20:57:54.769] [main/DEBUG] [net.minecraftforge.fml.loading.moddiscovery.ModFile/LOADING]: Loading mod file /workspaces/PatataServer/servidor_minecraft/libraries/net/minecraftforge/forge/1.20.1-47.3.7/forge-1.20.1-47.3.7-universal.jar with languages [LanguageSpec[languageName=javafml, acceptedVersions=[24,]]]
[13Sep2026 20:57:54.769] [main/DEBUG] [net.minecraftforge.fml.loading.moddiscovery.ModFileParser/LOADING]: Found coremod field_to_method with Javascript path coremods/field_to_method.js
[13Sep2026 20:57:54.769] [main/DEBUG] [net.minecraftforge.fml.loading.moddiscovery.ModFileParser/LOADING]: Found coremod field_to_instanceof with Javascript path coremods/field_to_instanceof.js
[13Sep2026 20:57:54.770] [main/DEBUG] [net.minecraftforge.fml.loading.moddiscovery.ModFileParser/LOADING]: Found coremod add_bouncer_method with Javascript path coremods/add_bouncer_method.js
[13Sep2026 20:57:54.770] [main/DEBUG] [net.minecraftforge.fml.loading.moddiscovery.ModFileParser/LOADING]: Found coremod method_redirector with Javascript path coremods/method_redirector.js
[13Sep2026 20:57:54.770] [main/DEBUG] [net.minecraftforge.fml.loading.moddiscovery.ModFile/LOADING]: Found coremod coremods/field_to_method.js
[13Sep2026 20:57:54.770] [main/DEBUG] [net.minecraftforge.fml.loading.moddiscovery.ModFile/LOADING]: Found coremod coremods/field_to_instanceof.js
[13Sep2026 20:57:54.770] [main/DEBUG] [net.minecraftforge.fml.loading.moddiscovery.ModFile/LOADING]: Found coremod coremods/add_bouncer_method.js
[13Sep2026 20:57:54.770] [main/DEBUG] [net.minecraftforge.fml.loading.moddiscovery.ModFile/LOADING]: Found coremod coremods/method_redirector.js
[13Sep2026 20:57:54.770] [main/DEBUG] [net.minecraftforge.fml.loading.moddiscovery.ModFileParser/LOADING]: Considering mod file candidate /workspaces/PatataServer/servidor_minecraft/mods/jujutsucraftfix-1.0.2.jar
[13Sep2026 20:57:54.770] [main/DEBUG] [net.minecraftforge.fml.loading.moddiscovery.ModFileInfo/LOADING]: Found valid mod file jujutsucraftfix-1.0.2.jar with {jujutsucraftfix} mods - versions {1.0.3}
[13Sep2026 20:57:54.770] [main/DEBUG] [net.minecraftforge.fml.loading.moddiscovery.ModFile/LOADING]: Loading mod file /workspaces/PatataServer/servidor_minecraft/mods/jujutsucraftfix-1.0.2.jar with languages [LanguageSpec[languageName=javafml, acceptedVersions=[47,)]]
[13Sep2026 20:57:54.770] [main/DEBUG] [net.minecraftforge.fml.loading.moddiscovery.ModFileParser/LOADING]: Considering mod file candidate 
[13Sep2026 20:57:54.771] [main/DEBUG] [net.minecraftforge.fml.loading.moddiscovery.ModFileInfo/LOADING]: Found valid mod file fabric-transitive-access-wideners-v1-4.3.1+1880499877.jar with {fabric_transitive_access_wideners_v1} mods - versions {4.3.1+1880499877}
[13Sep2026 20:57:54.771] [main/DEBUG] [net.minecraftforge.fml.loading.moddiscovery.ModFile/LOADING]: Loading mod file  with languages [LanguageSpec[languageName=lowcodefml, acceptedVersions=[47,)]]
[13Sep2026 20:57:54.771] [main/DEBUG] [net.minecraftforge.fml.loading.moddiscovery.ModFileParser/LOADING]: Considering mod file candidate /workspaces/PatataServer/servidor_minecraft/mods/smoothchunk-1.20.1-4.1.jar
[13Sep2026 20:57:54.772] [main/DEBUG] [net.minecraftforge.fml.loading.moddiscovery.ModFileInfo/LOADING]: Found valid mod file smoothchunk-1.20.1-4.1.jar with {smoothchunk} mods - versions {1.20.1-4.1}
[13Sep2026 20:57:54.772] [main/DEBUG] [net.minecraftforge.fml.loading.moddiscovery.ModFile/LOADING]: Loading mod file /workspaces/PatataServer/servidor_minecraft/mods/smoothchunk-1.20.1-4.1.jar with languages [LanguageSpec[languageName=javafml, acceptedVersions=[36,)]]
[13Sep2026 20:57:54.772] [main/DEBUG] [net.minecraftforge.fml.loading.moddiscovery.ModFileInfo/LOADING]: Found valid mod file server-1.20.1-20230612.114412-srg.jar with {minecraft} mods - versions {1.20.1}
[13Sep2026 20:57:54.772] [main/DEBUG] [net.minecraftforge.fml.loading.moddiscovery.ModFile/LOADING]: Loading mod file /workspaces/PatataServer/servidor_minecraft/libraries/net/minecraft/server/1.20.1-20230612.114412/server-1.20.1-20230612.114412-srg.jar with languages [LanguageSpec[languageName=minecraft, acceptedVersions=1]]
[13Sep2026 20:57:54.772] [main/DEBUG] [net.minecraftforge.fml.loading.moddiscovery.ModFileParser/LOADING]: Considering mod file candidate 
[13Sep2026 20:57:54.773] [main/DEBUG] [net.minecraftforge.fml.loading.moddiscovery.ModFileInfo/LOADING]: Found valid mod file fabric-api-base-0.4.31+ef105b4977.jar with {fabric_api_base} mods - versions {0.4.31+ef105b4977}
[13Sep2026 20:57:54.773] [main/DEBUG] [net.minecraftforge.fml.loading.moddiscovery.ModFile/LOADING]: Loading mod file  with languages [LanguageSpec[languageName=javafml, acceptedVersions=[47,)]]
[13Sep2026 20:57:54.773] [main/DEBUG] [net.minecraftforge.fml.loading.moddiscovery.ModFileParser/LOADING]: Considering mod file candidate /workspaces/PatataServer/servidor_minecraft/mods/modern_jujutsu-1.0.jar
[13Sep2026 20:57:54.773] [main/DEBUG] [net.minecraftforge.fml.loading.moddiscovery.ModFileInfo/LOADING]: Found valid mod file modern_jujutsu-1.0.jar with {slyrienmodern} mods - versions {1.0.0}
[13Sep2026 20:57:54.773] [main/DEBUG] [net.minecraftforge.fml.loading.moddiscovery.ModFile/LOADING]: Loading mod file /workspaces/PatataServer/servidor_minecraft/mods/modern_jujutsu-1.0.jar with languages [LanguageSpec[languageName=javafml, acceptedVersions=[47,)]]
[13Sep2026 20:57:54.773] [main/DEBUG] [net.minecraftforge.fml.loading.moddiscovery.ModFileParser/LOADING]: Considering mod file candidate /workspaces/PatataServer/servidor_minecraft/mods/moonlight-1.20-2.16.34-forge.jar
[13Sep2026 20:57:54.774] [main/DEBUG] [net.minecraftforge.fml.loading.moddiscovery.ModFileInfo/LOADING]: Found valid mod file moonlight-1.20-2.16.34-forge.jar with {moonlight} mods - versions {1.20-2.16.34}
[13Sep2026 20:57:54.774] [main/DEBUG] [net.minecraftforge.fml.loading.moddiscovery.ModFile/LOADING]: Loading mod file /workspaces/PatataServer/servidor_minecraft/mods/moonlight-1.20-2.16.34-forge.jar with languages [LanguageSpec[languageName=javafml, acceptedVersions=[40,)]]
[13Sep2026 20:57:54.774] [main/DEBUG] [net.minecraftforge.fml.loading.moddiscovery.ModFileParser/LOADING]: Considering mod file candidate /workspaces/PatataServer/servidor_minecraft/mods/geto_storage_fix-2.1.0.jar
[13Sep2026 20:57:54.775] [main/DEBUG] [net.minecraftforge.fml.loading.moddiscovery.ModFileInfo/LOADING]: Found valid mod file geto_storage_fix-2.1.0.jar with {geto_storage_fix} mods - versions {2.1.0}
[13Sep2026 20:57:54.775] [main/DEBUG] [net.minecraftforge.fml.loading.moddiscovery.ModFile/LOADING]: Loading mod file /workspaces/PatataServer/servidor_minecraft/mods/geto_storage_fix-2.1.0.jar with languages [LanguageSpec[languageName=javafml, acceptedVersions=[47,)]]
[13Sep2026 20:57:54.775] [main/DEBUG] [net.minecraftforge.fml.loading.moddiscovery.ModFileParser/LOADING]: Found coremod geto_procedure_bridge_coremods with Javascript path geto_procedure_bridge_coremods.js
[13Sep2026 20:57:54.775] [main/DEBUG] [net.minecraftforge.fml.loading.moddiscovery.ModFile/LOADING]: Found coremod geto_procedure_bridge_coremods.js
[13Sep2026 20:57:54.775] [main/DEBUG] [net.minecraftforge.fml.loading.moddiscovery.ModFileParser/LOADING]: Considering mod file candidate /workspaces/PatataServer/servidor_minecraft/mods/MouseTweaks-forge-mc1.20.1-2.25.1.jar
[13Sep2026 20:57:54.775] [main/DEBUG] [net.minecraftforge.fml.loading.moddiscovery.ModFileInfo/LOADING]: Found valid mod file MouseTweaks-forge-mc1.20.1-2.25.1.jar with {mousetweaks} mods - versions {2.25.1}
[13Sep2026 20:57:54.776] [main/DEBUG] [net.minecraftforge.fml.loading.moddiscovery.ModFile/LOADING]: Loading mod file /workspaces/PatataServer/servidor_minecraft/mods/MouseTweaks-forge-mc1.20.1-2.25.1.jar with languages [LanguageSpec[languageName=javafml, acceptedVersions=[46,)]]
[13Sep2026 20:57:54.776] [main/DEBUG] [net.minecraftforge.fml.loading.moddiscovery.ModFileParser/LOADING]: Considering mod file candidate /workspaces/PatataServer/servidor_minecraft/mods/ftb-quests-forge-2001.4.22.jar
[13Sep2026 20:57:54.776] [main/DEBUG] [net.minecraftforge.fml.loading.moddiscovery.ModFileInfo/LOADING]: Found valid mod file ftb-quests-forge-2001.4.22.jar with {ftbquests} mods - versions {2001.4.22}
[13Sep2026 20:57:54.776] [main/DEBUG] [net.minecraftforge.fml.loading.moddiscovery.ModFile/LOADING]: Loading mod file /workspaces/PatataServer/servidor_minecraft/mods/ftb-quests-forge-2001.4.22.jar with languages [LanguageSpec[languageName=javafml, acceptedVersions=[39,)]]
[13Sep2026 20:57:54.776] [main/DEBUG] [net.minecraftforge.fml.loading.moddiscovery.ModFileParser/LOADING]: Considering mod file candidate 
[13Sep2026 20:57:54.777] [main/DEBUG] [net.minecraftforge.fml.loading.moddiscovery.ModFileInfo/LOADING]: Found valid mod file fabric-blockrenderlayer-v1-1.1.41+1d0da21e77.jar with {fabric_blockrenderlayer_v1} mods - versions {1.1.41+1d0da21e77}
[13Sep2026 20:57:54.777] [main/DEBUG] [net.minecraftforge.fml.loading.moddiscovery.ModFile/LOADING]: Loading mod file  with languages [LanguageSpec[languageName=javafml, acceptedVersions=[47,)]]
[13Sep2026 20:57:54.777] [main/DEBUG] [net.minecraftforge.fml.loading.moddiscovery.ModFileParser/LOADING]: Considering mod file candidate /workspaces/PatataServer/servidor_minecraft/mods/Jade-1.20.1-Forge-11.13.3.jar
[13Sep2026 20:57:54.777] [main/DEBUG] [net.minecraftforge.fml.loading.moddiscovery.ModFileInfo/LOADING]: Found valid mod file Jade-1.20.1-Forge-11.13.3.jar with {jade} mods - versions {11.13.3+forge}
[13Sep2026 20:57:54.777] [main/DEBUG] [net.minecraftforge.fml.loading.moddiscovery.ModFile/LOADING]: Loading mod file /workspaces/PatataServer/servidor_minecraft/mods/Jade-1.20.1-Forge-11.13.3.jar with languages [LanguageSpec[languageName=javafml, acceptedVersions=[46,)]]
[13Sep2026 20:57:54.777] [main/DEBUG] [net.minecraftforge.fml.loading.moddiscovery.ModFileParser/LOADING]: Considering mod file candidate /workspaces/PatataServer/servidor_minecraft/mods/CreativeCore_FORGE_v2.12.39_mc1.20.1.jar
[13Sep2026 20:57:54.778] [main/DEBUG] [net.minecraftforge.fml.loading.moddiscovery.ModFileInfo/LOADING]: Found valid mod file CreativeCore_FORGE_v2.12.39_mc1.20.1.jar with {creativecore} mods - versions {2.12.39}
[13Sep2026 20:57:54.778] [main/DEBUG] [net.minecraftforge.fml.loading.moddiscovery.ModFile/LOADING]: Loading mod file /workspaces/PatataServer/servidor_minecraft/mods/CreativeCore_FORGE_v2.12.39_mc1.20.1.jar with languages [LanguageSpec[languageName=javafml, acceptedVersions=[46,)]]
[13Sep2026 20:57:54.778] [main/DEBUG] [net.minecraftforge.fml.loading.moddiscovery.ModFileParser/LOADING]: Considering mod file candidate 
[13Sep2026 20:57:54.778] [main/DEBUG] [net.minecraftforge.fml.loading.moddiscovery.ModFileInfo/LOADING]: Found valid mod file fabric-block-api-v1-1.0.11+0e6cb7f777.jar with {fabric_block_api_v1} mods - versions {1.0.11+0e6cb7f777}
[13Sep2026 20:57:54.778] [main/DEBUG] [net.minecraftforge.fml.loading.moddiscovery.ModFile/LOADING]: Loading mod file  with languages [LanguageSpec[languageName=javafml, acceptedVersions=[47,)]]
[13Sep2026 20:57:54.779] [main/DEBUG] [net.minecraftforge.fml.loading.moddiscovery.ModFileParser/LOADING]: Found coremod implementFabricBlock with Javascript path META-INF/asm/implementFabricBlock.js
[13Sep2026 20:57:54.779] [main/DEBUG] [net.minecraftforge.fml.loading.moddiscovery.ModFileParser/LOADING]: Found coremod implementFabricBlockState with Javascript path META-INF/asm/implementFabricBlockState.js
[13Sep2026 20:57:54.779] [main/DEBUG] [net.minecraftforge.fml.loading.moddiscovery.ModFile/LOADING]: Found coremod META-INF/asm/implementFabricBlock.js
[13Sep2026 20:57:54.779] [main/DEBUG] [net.minecraftforge.fml.loading.moddiscovery.ModFile/LOADING]: Found coremod META-INF/asm/implementFabricBlockState.js
[13Sep2026 20:57:54.779] [main/DEBUG] [net.minecraftforge.fml.loading.moddiscovery.ModFileParser/LOADING]: Considering mod file candidate 
[13Sep2026 20:57:54.779] [main/DEBUG] [net.minecraftforge.fml.loading.moddiscovery.ModFileInfo/LOADING]: Found valid mod file fabric-resource-conditions-api-v1-2.3.8+9e342fc177.jar with {fabric_resource_conditions_api_v1} mods - versions {2.3.8+9e342fc177}
[13Sep2026 20:57:54.779] [main/DEBUG] [net.minecraftforge.fml.loading.moddiscovery.ModFile/LOADING]: Loading mod file  with languages [LanguageSpec[languageName=javafml, acceptedVersions=[47,)]]
[13Sep2026 20:57:54.780] [main/DEBUG] [net.minecraftforge.fml.loading.moddiscovery.ModFileParser/LOADING]: Found coremod injectDataProvider with Javascript path META-INF/asm/injectDataProvider.js
[13Sep2026 20:57:54.780] [main/DEBUG] [net.minecraftforge.fml.loading.moddiscovery.ModFile/LOADING]: Found coremod META-INF/asm/injectDataProvider.js
[13Sep2026 20:57:54.780] [main/DEBUG] [net.minecraftforge.fml.loading.moddiscovery.ModFileParser/LOADING]: Considering mod file candidate /workspaces/PatataServer/servidor_minecraft/mods/golden_age_jujutsu_3.0.0-beta.jar
[13Sep2026 20:57:54.780] [main/DEBUG] [net.minecraftforge.fml.loading.moddiscovery.ModFileInfo/LOADING]: Found valid mod file golden_age_jujutsu_3.0.0-beta.jar with {golden_age_jujutsu} mods - versions {3.0.0}
[13Sep2026 20:57:54.780] [main/DEBUG] [net.minecraftforge.fml.loading.moddiscovery.ModFile/LOADING]: Loading mod file /workspaces/PatataServer/servidor_minecraft/mods/golden_age_jujutsu_3.0.0-beta.jar with languages [LanguageSpec[languageName=javafml, acceptedVersions=[47,)]]
[13Sep2026 20:57:54.780] [main/DEBUG] [net.minecraftforge.fml.loading.moddiscovery.ModFileParser/LOADING]: Considering mod file candidate /workspaces/PatataServer/servidor_minecraft/mods/ftbxaerocompat-forge-1.1.3.jar
[13Sep2026 20:57:54.781] [main/DEBUG] [net.minecraftforge.fml.loading.moddiscovery.ModFileInfo/LOADING]: Found valid mod file ftbxaerocompat-forge-1.1.3.jar with {ftbxaerocompat} mods - versions {1.1.3}
[13Sep2026 20:57:54.781] [main/DEBUG] [net.minecraftforge.fml.loading.moddiscovery.ModFile/LOADING]: Loading mod file /workspaces/PatataServer/servidor_minecraft/mods/ftbxaerocompat-forge-1.1.3.jar with languages [LanguageSpec[languageName=javafml, acceptedVersions=[4,)]]
[13Sep2026 20:57:54.781] [main/DEBUG] [net.minecraftforge.fml.loading.moddiscovery.ModFileParser/LOADING]: Considering mod file candidate /workspaces/PatataServer/servidor_minecraft/mods/xaerominimap-forge-1.20.1-26.4.2.jar
[13Sep2026 20:57:54.781] [main/DEBUG] [net.minecraftforge.fml.loading.moddiscovery.ModFileInfo/LOADING]: Found valid mod file xaerominimap-forge-1.20.1-26.4.2.jar with {xaerominimap} mods - versions {26.4.2}
[13Sep2026 20:57:54.781] [main/DEBUG] [net.minecraftforge.fml.loading.moddiscovery.ModFile/LOADING]: Loading mod file /workspaces/PatataServer/servidor_minecraft/mods/xaerominimap-forge-1.20.1-26.4.2.jar with languages [LanguageSpec[languageName=javafml, acceptedVersions=[46,48)]]
[13Sep2026 20:57:54.782] [main/DEBUG] [net.minecraftforge.fml.loading.moddiscovery.ModFileParser/LOADING]: Found coremod xaerohud_core with Javascript path META-INF/xaerohud_core.js
[13Sep2026 20:57:54.782] [main/DEBUG] [net.minecraftforge.fml.loading.moddiscovery.ModFile/LOADING]: Found coremod META-INF/xaerohud_core.js
[13Sep2026 20:57:54.782] [main/DEBUG] [net.minecraftforge.fml.loading.moddiscovery.ModFileParser/LOADING]: Considering mod file candidate 
[13Sep2026 20:57:54.782] [main/DEBUG] [net.minecraftforge.fml.loading.moddiscovery.ModFileInfo/LOADING]: Found valid mod file fabric-item-group-api-v1-4.0.12+c9161c2d77.jar with {fabric_item_group_api_v1} mods - versions {4.0.12+c9161c2d77}
[13Sep2026 20:57:54.782] [main/DEBUG] [net.minecraftforge.fml.loading.moddiscovery.ModFile/LOADING]: Loading mod file  with languages [LanguageSpec[languageName=javafml, acceptedVersions=[47,)]]
[13Sep2026 20:57:54.782] [main/DEBUG] [net.minecraftforge.fml.loading.moddiscovery.ModFileParser/LOADING]: Considering mod file candidate /workspaces/PatataServer/servidor_minecraft/mods/clearlagplus-1.1.0.jar
[13Sep2026 20:57:54.783] [main/DEBUG] [net.minecraftforge.fml.loading.moddiscovery.ModFileInfo/LOADING]: Found valid mod file clearlagplus-1.1.0.jar with {clearlagplus} mods - versions {1.0.1}
[13Sep2026 20:57:54.783] [main/DEBUG] [net.minecraftforge.fml.loading.moddiscovery.ModFile/LOADING]: Loading mod file /workspaces/PatataServer/servidor_minecraft/mods/clearlagplus-1.1.0.jar with languages [LanguageSpec[languageName=javafml, acceptedVersions=[47,)]]
[13Sep2026 20:57:54.783] [main/DEBUG] [net.minecraftforge.fml.loading.moddiscovery.ModFileParser/LOADING]: Considering mod file candidate /workspaces/PatataServer/servidor_minecraft/mods/entityculling-forge-1.10.5-mc1.20.1.jar
[13Sep2026 20:57:54.783] [main/DEBUG] [net.minecraftforge.fml.loading.moddiscovery.ModFileInfo/LOADING]: Found valid mod file entityculling-forge-1.10.5-mc1.20.1.jar with {entityculling} mods - versions {1.10.5}
[13Sep2026 20:57:54.783] [main/DEBUG] [net.minecraftforge.fml.loading.moddiscovery.ModFile/LOADING]: Loading mod file /workspaces/PatataServer/servidor_minecraft/mods/entityculling-forge-1.10.5-mc1.20.1.jar with languages [LanguageSpec[languageName=javafml, acceptedVersions=[28,)]]
[13Sep2026 20:57:54.784] [main/DEBUG] [net.minecraftforge.fml.loading.moddiscovery.ModFileParser/LOADING]: Considering mod file candidate 
[13Sep2026 20:57:54.784] [main/DEBUG] [net.minecraftforge.fml.loading.moddiscovery.ModFileInfo/LOADING]: Found valid mod file fabric-biome-api-v1-13.0.13+dc36698e77.jar with {fabric_biome_api_v1} mods - versions {13.0.13+dc36698e77}
[13Sep2026 20:57:54.784] [main/DEBUG] [net.minecraftforge.fml.loading.moddiscovery.ModFile/LOADING]: Loading mod file  with languages [LanguageSpec[languageName=javafml, acceptedVersions=[47,)]]
[13Sep2026 20:57:54.784] [main/DEBUG] [net.minecraftforge.fml.loading.moddiscovery.ModFileParser/LOADING]: Considering mod file candidate /workspaces/PatataServer/servidor_minecraft/mods/damageindicator-2.2.1-1.20.1.jar
[13Sep2026 20:57:54.785] [main/DEBUG] [net.minecraftforge.fml.loading.moddiscovery.ModFileInfo/LOADING]: Found valid mod file damageindicator-2.2.1-1.20.1.jar with {damageindicator} mods - versions {2.2.1-1.20.1}
[13Sep2026 20:57:54.785] [main/DEBUG] [net.minecraftforge.fml.loading.moddiscovery.ModFile/LOADING]: Loading mod file /workspaces/PatataServer/servidor_minecraft/mods/damageindicator-2.2.1-1.20.1.jar with languages [LanguageSpec[languageName=javafml, acceptedVersions=[0,)]]
[13Sep2026 20:57:54.785] [main/DEBUG] [net.minecraftforge.fml.loading.moddiscovery.ModFileParser/LOADING]: Considering mod file candidate 
[13Sep2026 20:57:54.785] [main/DEBUG] [net.minecraftforge.fml.loading.moddiscovery.ModFileInfo/LOADING]: Found valid mod file fabric-registry-sync-v0-2.3.3+1c0ea72177.jar with {fabric_registry_sync_v0} mods - versions {2.3.3+1c0ea72177}
[13Sep2026 20:57:54.785] [main/DEBUG] [net.minecraftforge.fml.loading.moddiscovery.ModFile/LOADING]: Loading mod file  with languages [LanguageSpec[languageName=javafml, acceptedVersions=[47,)]]
[13Sep2026 20:57:54.785] [main/DEBUG] [net.minecraftforge.fml.loading.moddiscovery.ModFileParser/LOADING]: Considering mod file candidate /workspaces/PatataServer/servidor_minecraft/mods/ImmediatelyFast-Forge-1.5.5+1.20.4.jar
[13Sep2026 20:57:54.786] [main/DEBUG] [net.minecraftforge.fml.loading.moddiscovery.ModFileInfo/LOADING]: Found valid mod file ImmediatelyFast-Forge-1.5.5+1.20.4.jar with {immediatelyfast} mods - versions {1.5.5+1.20.4}
[13Sep2026 20:57:54.786] [main/DEBUG] [net.minecraftforge.fml.loading.moddiscovery.ModFile/LOADING]: Loading mod file /workspaces/PatataServer/servidor_minecraft/mods/ImmediatelyFast-Forge-1.5.5+1.20.4.jar with languages [LanguageSpec[languageName=javafml, acceptedVersions=[46,)]]
[13Sep2026 20:57:54.786] [main/DEBUG] [net.minecraftforge.fml.loading.moddiscovery.ModFileParser/LOADING]: Considering mod file candidate /workspaces/PatataServer/servidor_minecraft/mods/JJSK4.3.jar
[13Sep2026 20:57:54.786] [main/DEBUG] [net.minecraftforge.fml.loading.moddiscovery.ModFileInfo/LOADING]: Found valid mod file JJSK4.3.jar with {jujutsucrafts} mods - versions {4.3}
[13Sep2026 20:57:54.786] [main/DEBUG] [net.minecraftforge.fml.loading.moddiscovery.ModFile/LOADING]: Loading mod file /workspaces/PatataServer/servidor_minecraft/mods/JJSK4.3.jar with languages [LanguageSpec[languageName=javafml, acceptedVersions=[47,)]]
[13Sep2026 20:57:54.787] [main/DEBUG] [net.minecraftforge.fml.loading.moddiscovery.ModFileParser/LOADING]: Considering mod file candidate /workspaces/PatataServer/servidor_minecraft/mods/gbf-1.0.1.jar
[13Sep2026 20:57:54.787] [main/DEBUG] [net.minecraftforge.fml.loading.moddiscovery.ModFileInfo/LOADING]: Found valid mod file gbf-1.0.1.jar with {gbf} mods - versions {1.0.1}
[13Sep2026 20:57:54.787] [main/DEBUG] [net.minecraftforge.fml.loading.moddiscovery.ModFile/LOADING]: Loading mod file /workspaces/PatataServer/servidor_minecraft/mods/gbf-1.0.1.jar with languages [LanguageSpec[languageName=javafml, acceptedVersions=[47,)]]
[13Sep2026 20:57:54.787] [main/DEBUG] [net.minecraftforge.fml.loading.moddiscovery.ModFileParser/LOADING]: Considering mod file candidate 
[13Sep2026 20:57:54.788] [main/DEBUG] [net.minecraftforge.fml.loading.moddiscovery.ModFileInfo/LOADING]: Found valid mod file fabric-recipe-api-v1-1.0.21+514a076577.jar with {fabric_recipe_api_v1} mods - versions {1.0.21+514a076577}
[13Sep2026 20:57:54.788] [main/DEBUG] [net.minecraftforge.fml.loading.moddiscovery.ModFile/LOADING]: Loading mod file  with languages [LanguageSpec[languageName=javafml, acceptedVersions=[47,)]]
[13Sep2026 20:57:54.788] [main/DEBUG] [net.minecraftforge.fml.loading.moddiscovery.ModFileParser/LOADING]: Considering mod file candidate 
[13Sep2026 20:57:54.788] [main/DEBUG] [net.minecraftforge.fml.loading.moddiscovery.ModFileInfo/LOADING]: Found valid mod file fabric-object-builder-api-v1-11.1.3+4bd998fa77.jar with {fabric_object_builder_api_v1} mods - versions {11.1.3+4bd998fa77}
[13Sep2026 20:57:54.788] [main/DEBUG] [net.minecraftforge.fml.loading.moddiscovery.ModFile/LOADING]: Loading mod file  with languages [LanguageSpec[languageName=javafml, acceptedVersions=[47,)]]
[13Sep2026 20:57:54.788] [main/DEBUG] [net.minecraftforge.fml.loading.moddiscovery.ModFileParser/LOADING]: Considering mod file candidate /workspaces/PatataServer/servidor_minecraft/mods/ferritecore-6.0.1-forge.jar
[13Sep2026 20:57:54.789] [main/DEBUG] [net.minecraftforge.fml.loading.moddiscovery.ModFileInfo/LOADING]: Found valid mod file ferritecore-6.0.1-forge.jar with {ferritecore} mods - versions {6.0.1}
[13Sep2026 20:57:54.789] [main/DEBUG] [net.minecraftforge.fml.loading.moddiscovery.ModFile/LOADING]: Loading mod file /workspaces/PatataServer/servidor_minecraft/mods/ferritecore-6.0.1-forge.jar with languages [LanguageSpec[languageName=javafml, acceptedVersions=[28,)]]
[13Sep2026 20:57:54.789] [main/DEBUG] [net.minecraftforge.fml.loading.moddiscovery.ModFileParser/LOADING]: Considering mod file candidate /workspaces/PatataServer/servidor_minecraft/mods/lootr-forge-1.20-0.7.35.94.jar
[13Sep2026 20:57:54.789] [main/DEBUG] [net.minecraftforge.fml.loading.moddiscovery.ModFileInfo/LOADING]: Found valid mod file lootr-forge-1.20-0.7.35.94.jar with {lootr} mods - versions {0.7.35.94}
[13Sep2026 20:57:54.789] [main/DEBUG] [net.minecraftforge.fml.loading.moddiscovery.ModFile/LOADING]: Loading mod file /workspaces/PatataServer/servidor_minecraft/mods/lootr-forge-1.20-0.7.35.94.jar with languages [LanguageSpec[languageName=javafml, acceptedVersions=[44,)]]
[13Sep2026 20:57:54.789] [main/DEBUG] [net.minecraftforge.fml.loading.moddiscovery.ModFileParser/LOADING]: Considering mod file candidate /workspaces/PatataServer/servidor_minecraft/mods/rubidium-extra-0.5.4.4+mc1.20.1-build.131.jar
[13Sep2026 20:57:54.790] [main/DEBUG] [net.minecraftforge.fml.loading.moddiscovery.ModFileInfo/LOADING]: Found valid mod file rubidium-extra-0.5.4.4+mc1.20.1-build.131.jar with {embeddium_extra} mods - versions {0.5.4.4+mc1.20.1-build.131}
[13Sep2026 20:57:54.790] [main/DEBUG] [net.minecraftforge.fml.loading.moddiscovery.ModFile/LOADING]: Loading mod file /workspaces/PatataServer/servidor_minecraft/mods/rubidium-extra-0.5.4.4+mc1.20.1-build.131.jar with languages [LanguageSpec[languageName=javafml, acceptedVersions=*]]
[13Sep2026 20:57:54.790] [main/DEBUG] [net.minecraftforge.fml.loading.moddiscovery.ModFileParser/LOADING]: Considering mod file candidate /workspaces/PatataServer/servidor_minecraft/mods/immersivemessages-forge-1.0.18-1.20.1.jar
[13Sep2026 20:57:54.790] [main/DEBUG] [net.minecraftforge.fml.loading.moddiscovery.ModFileInfo/LOADING]: Found valid mod file immersivemessages-forge-1.0.18-1.20.1.jar with {immersivemessages} mods - versions {1.0.18}
[13Sep2026 20:57:54.790] [main/DEBUG] [net.minecraftforge.fml.loading.moddiscovery.ModFile/LOADING]: Loading mod file /workspaces/PatataServer/servidor_minecraft/mods/immersivemessages-forge-1.0.18-1.20.1.jar with languages [LanguageSpec[languageName=javafml, acceptedVersions=[1,)]]
[13Sep2026 20:57:54.790] [main/DEBUG] [net.minecraftforge.fml.loading.moddiscovery.ModFileParser/LOADING]: Considering mod file candidate 
[13Sep2026 20:57:54.791] [main/DEBUG] [net.minecraftforge.fml.loading.moddiscovery.ModFileInfo/LOADING]: Found valid mod file fabric-sound-api-v1-1.0.13+4f23bd8477.jar with {fabric_sound_api_v1} mods - versions {1.0.13+4f23bd8477}
[13Sep2026 20:57:54.791] [main/DEBUG] [net.minecraftforge.fml.loading.moddiscovery.ModFile/LOADING]: Loading mod file  with languages [LanguageSpec[languageName=javafml, acceptedVersions=[47,)]]
[13Sep2026 20:57:54.791] [main/DEBUG] [net.minecraftforge.fml.loading.moddiscovery.ModFileParser/LOADING]: Considering mod file candidate 
[13Sep2026 20:57:54.791] [main/DEBUG] [net.minecraftforge.fml.loading.moddiscovery.ModFileInfo/LOADING]: Found valid mod file fabric-message-api-v1-5.1.9+52cc178c77.jar with {fabric_message_api_v1} mods - versions {5.1.9+52cc178c77}
[13Sep2026 20:57:54.791] [main/DEBUG] [net.minecraftforge.fml.loading.moddiscovery.ModFile/LOADING]: Loading mod file  with languages [LanguageSpec[languageName=javafml, acceptedVersions=[47,)]]
[13Sep2026 20:57:54.792] [main/DEBUG] [net.minecraftforge.fml.loading.moddiscovery.ModFileParser/LOADING]: Considering mod file candidate /workspaces/PatataServer/servidor_minecraft/mods/packetfixer-3.3.2-1.18-1.20.4-merged.jar
[13Sep2026 20:57:54.792] [main/DEBUG] [net.minecraftforge.fml.loading.moddiscovery.ModFileInfo/LOADING]: Found valid mod file packetfixer-3.3.2-1.18-1.20.4-merged.jar with {packetfixer} mods - versions {3.3.2}
[13Sep2026 20:57:54.792] [main/DEBUG] [net.minecraftforge.fml.loading.moddiscovery.ModFile/LOADING]: Loading mod file /workspaces/PatataServer/servidor_minecraft/mods/packetfixer-3.3.2-1.18-1.20.4-merged.jar with languages [LanguageSpec[languageName=javafml, acceptedVersions=[0,)]]
[13Sep2026 20:57:54.792] [main/DEBUG] [net.minecraftforge.fml.loading.moddiscovery.ModFileParser/LOADING]: Considering mod file candidate 
[13Sep2026 20:57:54.792] [main/DEBUG] [net.minecraftforge.fml.loading.moddiscovery.ModFileInfo/LOADING]: Found valid mod file fabric-data-generation-api-v1-12.3.4+369cb3a477.jar with {fabric_data_generation_api_v1} mods - versions {12.3.4+369cb3a477}
[13Sep2026 20:57:54.792] [main/DEBUG] [net.minecraftforge.fml.loading.moddiscovery.ModFile/LOADING]: Loading mod file  with languages [LanguageSpec[languageName=javafml, acceptedVersions=[47,)]]
[13Sep2026 20:57:54.793] [main/DEBUG] [net.minecraftforge.fml.loading.moddiscovery.ModFileParser/LOADING]: Found coremod addFabricKeySortOrders with Javascript path META-INF/asm/addFabricKeySortOrders.js
[13Sep2026 20:57:54.793] [main/DEBUG] [net.minecraftforge.fml.loading.moddiscovery.ModFile/LOADING]: Found coremod META-INF/asm/addFabricKeySortOrders.js
[13Sep2026 20:57:54.793] [main/DEBUG] [net.minecraftforge.fml.loading.moddiscovery.ModFileParser/LOADING]: Considering mod file candidate 
[13Sep2026 20:57:54.793] [main/DEBUG] [net.minecraftforge.fml.loading.moddiscovery.ModFileInfo/LOADING]: Found valid mod file fabric-events-interaction-v0-0.6.2+0d0bd5a777.jar with {fabric_events_interaction_v0} mods - versions {0.6.2+0d0bd5a777}
[13Sep2026 20:57:54.793] [main/DEBUG] [net.minecraftforge.fml.loading.moddiscovery.ModFile/LOADING]: Loading mod file  with languages [LanguageSpec[languageName=javafml, acceptedVersions=[47,)]]
[13Sep2026 20:57:54.794] [main/DEBUG] [net.minecraftforge.fml.loading.moddiscovery.ModFile/LOADING]: Loading mod file  with languages []
[13Sep2026 20:57:54.794] [main/DEBUG] [net.minecraftforge.fml.loading.moddiscovery.ModFile/LOADING]: Loading mod file  with languages []
[13Sep2026 20:57:54.794] [main/DEBUG] [net.minecraftforge.fml.loading.moddiscovery.ModFile/LOADING]: Loading mod file  with languages []
[13Sep2026 20:57:54.794] [main/DEBUG] [net.minecraftforge.fml.loading.moddiscovery.ModFile/LOADING]: Loading mod file  with languages []
[13Sep2026 20:57:54.794] [main/DEBUG] [net.minecraftforge.fml.loading.moddiscovery.ModFile/LOADING]: Loading mod file  with languages []
[13Sep2026 20:57:54.794] [main/DEBUG] [net.minecraftforge.fml.loading.moddiscovery.ModFile/LOADING]: Loading mod file  with languages []
[13Sep2026 20:57:54.794] [main/DEBUG] [net.minecraftforge.fml.loading.moddiscovery.ModFileParser/LOADING]: Considering mod file candidate 
[13Sep2026 20:57:54.794] [main/DEBUG] [net.minecraftforge.fml.loading.moddiscovery.ModFileInfo/LOADING]: Found valid mod file mixinsquared-forge-0.1.1.jar with {mixinsquared} mods - versions {0.1.1}
[13Sep2026 20:57:54.794] [main/DEBUG] [net.minecraftforge.fml.loading.moddiscovery.ModFile/LOADING]: Loading mod file  with languages [LanguageSpec[languageName=javafml, acceptedVersions=*]]
[13Sep2026 20:57:54.794] [main/DEBUG] [net.minecraftforge.fml.loading.moddiscovery.ModFile/LOADING]: Loading mod file  with languages []
[13Sep2026 20:57:54.794] [main/DEBUG] [net.minecraftforge.fml.loading.moddiscovery.ModFile/LOADING]: Loading mod file  with languages []
[13Sep2026 20:57:54.795] [main/DEBUG] [net.minecraftforge.fml.loading.moddiscovery.ModFile/LOADING]: Loading mod file  with languages []
[13Sep2026 20:57:54.795] [main/DEBUG] [net.minecraftforge.fml.loading.moddiscovery.ModFile/LOADING]: Loading mod file  with languages []
[13Sep2026 20:57:54.795] [main/DEBUG] [net.minecraftforge.fml.loading.moddiscovery.ModFile/LOADING]: Loading mod file  with languages []
[13Sep2026 20:57:54.795] [main/DEBUG] [net.minecraftforge.fml.loading.moddiscovery.ModFile/LOADING]: Loading mod file  with languages []
[13Sep2026 20:57:54.795] [main/DEBUG] [net.minecraftforge.fml.loading.moddiscovery.ModFile/LOADING]: Loading mod file  with languages []
[13Sep2026 20:57:54.795] [main/DEBUG] [net.minecraftforge.fml.loading.moddiscovery.ModFile/LOADING]: Loading mod file  with languages []
[13Sep2026 20:57:54.795] [main/DEBUG] [net.minecraftforge.fml.loading.moddiscovery.ModFileParser/LOADING]: Considering mod file candidate 
[13Sep2026 20:57:54.795] [main/DEBUG] [net.minecraftforge.fml.loading.moddiscovery.ModFileInfo/LOADING]: Found valid mod file mixinsquared-forge-0.1.1.jar with {mixinsquared} mods - versions {0.1.1}
[13Sep2026 20:57:54.795] [main/DEBUG] [net.minecraftforge.fml.loading.moddiscovery.ModFile/LOADING]: Loading mod file  with languages [LanguageSpec[languageName=javafml, acceptedVersions=*]]
[13Sep2026 20:57:54.795] [main/DEBUG] [net.minecraftforge.fml.loading.moddiscovery.ModFile/LOADING]: Loading mod file  with languages []
[13Sep2026 20:57:54.795] [main/DEBUG] [net.minecraftforge.fml.loading.moddiscovery.ModFile/LOADING]: Loading mod file  with languages []
[13Sep2026 20:57:54.797] [main/DEBUG] [cpw.mods.modlauncher.TransformationServiceDecorator/MODLAUNCHER]: End scan trigger - transformation service fml
[13Sep2026 20:57:54.812] [main/DEBUG] [net.minecraftforge.fml.loading.LanguageLoadingProvider/CORE]: Found 4 language providers
[13Sep2026 20:57:54.812] [main/DEBUG] [net.minecraftforge.fml.loading.LanguageLoadingProvider/CORE]: Found language provider minecraft, version 1.0
[13Sep2026 20:57:54.813] [main/DEBUG] [net.minecraftforge.fml.loading.LanguageLoadingProvider/CORE]: Found language provider __fabric_loader_bootstrap, version 2.6.0+0.15.0+1.20.1
[13Sep2026 20:57:54.813] [main/DEBUG] [net.minecraftforge.fml.loading.LanguageLoadingProvider/CORE]: Found language provider lowcodefml, version 47
[13Sep2026 20:57:54.813] [main/DEBUG] [net.minecraftforge.fml.loading.LanguageLoadingProvider/CORE]: Found language provider javafml, version 47
[13Sep2026 20:57:54.818] [main/DEBUG] [net.minecraftforge.fml.loading.UniqueModListBuilder/]: Found 2 mods for first modid mclib, selecting most recent based on version data
[13Sep2026 20:57:54.819] [main/DEBUG] [net.minecraftforge.fml.loading.UniqueModListBuilder/]: Selected file mclib-20.jar for modid mclib with version 0.0NONE
[13Sep2026 20:57:54.819] [main/DEBUG] [net.minecraftforge.fml.loading.UniqueModListBuilder/]: Found 2 mods for first modid mixinextras, selecting most recent based on version data
[13Sep2026 20:57:54.819] [main/DEBUG] [net.minecraftforge.fml.loading.UniqueModListBuilder/]: Selected file mixinextras-forge-0.5.0.jar for modid mixinextras with version 0.5.0
[13Sep2026 20:57:54.819] [main/DEBUG] [net.minecraftforge.fml.loading.UniqueModListBuilder/]: Found 2 mods for first modid org.yaml.snakeyaml, selecting most recent based on version data
[13Sep2026 20:57:54.819] [main/DEBUG] [net.minecraftforge.fml.loading.UniqueModListBuilder/]: Selected file snakeyaml-2.2.jar for modid org.yaml.snakeyaml with version 0.0NONE
[13Sep2026 20:57:54.819] [main/DEBUG] [net.minecraftforge.fml.loading.UniqueModListBuilder/]: Found 2 mods for first modid Reflect, selecting most recent based on version data
[13Sep2026 20:57:54.819] [main/DEBUG] [net.minecraftforge.fml.loading.UniqueModListBuilder/]: Selected file Reflect-1.6.2.jar for modid Reflect with version 0.0NONE
[13Sep2026 20:57:54.819] [main/DEBUG] [net.minecraftforge.fml.loading.UniqueModListBuilder/]: Found 2 mods for first modid me.srrapero720.waterconfig, selecting most recent based on version data
[13Sep2026 20:57:54.819] [main/DEBUG] [net.minecraftforge.fml.loading.UniqueModListBuilder/]: Selected file waterconfig-gamelib-1.0.0.2.jar for modid me.srrapero720.waterconfig with version 0.0NONE
[13Sep2026 20:57:54.819] [main/DEBUG] [net.minecraftforge.fml.loading.UniqueModListBuilder/]: Found 2 mods for first modid NanoLiveConfig, selecting most recent based on version data
[13Sep2026 20:57:54.819] [main/DEBUG] [net.minecraftforge.fml.loading.UniqueModListBuilder/]: Selected file NanoLiveConfig-1.2.1.jar for modid NanoLiveConfig with version 0.0NONE
[13Sep2026 20:57:54.819] [main/DEBUG] [net.minecraftforge.fml.loading.UniqueModListBuilder/]: Found 2 mods for first modid mixinsquared, selecting most recent based on version data
[13Sep2026 20:57:54.819] [main/DEBUG] [net.minecraftforge.fml.loading.UniqueModListBuilder/]: Selected file mixinsquared-forge-0.1.1.jar for modid mixinsquared with version 0.1.1
[13Sep2026 20:57:54.819] [main/DEBUG] [net.minecraftforge.fml.loading.UniqueModListBuilder/]: Found 2 mods for first modid MixinSquared, selecting most recent based on version data
[13Sep2026 20:57:54.820] [main/DEBUG] [net.minecraftforge.fml.loading.UniqueModListBuilder/]: Selected file MixinSquared-0.1.1.jar for modid MixinSquared with version 0.0NONE
[13Sep2026 20:57:54.820] [main/DEBUG] [net.minecraftforge.fml.loading.UniqueModListBuilder/]: Found 2 mods for first modid MixinExtras, selecting most recent based on version data
[13Sep2026 20:57:54.820] [main/DEBUG] [net.minecraftforge.fml.loading.UniqueModListBuilder/]: Selected file MixinExtras-0.5.0.jar for modid MixinExtras with version 0.5.0
[13Sep2026 20:57:54.822] [main/DEBUG] [net.minecraftforge.fml.loading.ModSorter/]: Configured system mods: [minecraft, forge]
[13Sep2026 20:57:54.822] [main/DEBUG] [net.minecraftforge.fml.loading.ModSorter/]: Found system mod: minecraft
[13Sep2026 20:57:54.822] [main/DEBUG] [net.minecraftforge.fml.loading.ModSorter/]: Found system mod: forge
[13Sep2026 20:57:54.826] [main/DEBUG] [net.minecraftforge.fml.loading.ModSorter/LOADING]: Found 330 mod requirements (300 mandatory, 30 optional)
[13Sep2026 20:57:54.828] [main/DEBUG] [net.minecraftforge.fml.loading.ModSorter/LOADING]: Found 0 mod requirements missing (0 mandatory, 0 optional)
[13Sep2026 20:57:55.606] [main/DEBUG] [cpw.mods.modlauncher.TransformationServicesHandler/MODLAUNCHER]: Transformation services loading transformers
[13Sep2026 20:57:55.606] [main/DEBUG] [cpw.mods.modlauncher.TransformationServiceDecorator/MODLAUNCHER]: Initializing transformers for transformation service mixin
[13Sep2026 20:57:55.607] [main/DEBUG] [cpw.mods.modlauncher.TransformationServiceDecorator/MODLAUNCHER]: Initialized transformers for transformation service mixin
[13Sep2026 20:57:55.607] [main/DEBUG] [cpw.mods.modlauncher.TransformationServiceDecorator/MODLAUNCHER]: Initializing transformers for transformation service fml
[13Sep2026 20:57:55.607] [main/DEBUG] [net.minecraftforge.fml.loading.FMLServiceProvider/CORE]: Loading coremod transformers
[13Sep2026 20:57:55.607] [main/DEBUG] [net.minecraftforge.coremod.CoreModEngine/COREMOD]: Loading CoreMod from META-INF/asm/implementFabricItem.js
[13Sep2026 20:57:56.049] [main/DEBUG] [net.minecraftforge.coremod.CoreModEngine/COREMOD]: CoreMod loaded successfully
[13Sep2026 20:57:56.050] [main/DEBUG] [net.minecraftforge.coremod.CoreModEngine/COREMOD]: Loading CoreMod from META-INF/xaeroworldmap_core.js
[13Sep2026 20:57:56.169] [main/DEBUG] [net.minecraftforge.coremod.CoreModEngine/COREMOD]: CoreMod loaded successfully
[13Sep2026 20:57:56.169] [main/DEBUG] [net.minecraftforge.coremod.CoreModEngine/COREMOD]: Loading CoreMod from coremods/get_ench_level_event.js
[13Sep2026 20:57:56.206] [main/DEBUG] [net.minecraftforge.coremod.CoreModEngine/COREMOD]: CoreMod loaded successfully
[13Sep2026 20:57:56.206] [main/DEBUG] [net.minecraftforge.coremod.CoreModEngine/COREMOD]: Loading CoreMod from coremods/get_ench_level_event_specific.js
[13Sep2026 20:57:56.224] [main/DEBUG] [net.minecraftforge.coremod.CoreModEngine/COREMOD]: CoreMod loaded successfully
[13Sep2026 20:57:56.227] [main/DEBUG] [net.minecraftforge.coremod.CoreModEngine/COREMOD]: Loading CoreMod from META-INF/asm/mutableOxidizableBlocks.js
[13Sep2026 20:57:56.255] [main/DEBUG] [net.minecraftforge.coremod.CoreModEngine/COREMOD]: CoreMod loaded successfully
[13Sep2026 20:57:56.255] [main/DEBUG] [net.minecraftforge.coremod.CoreModEngine/COREMOD]: Loading CoreMod from coremods/field_to_method.js
[13Sep2026 20:57:56.280] [main/DEBUG] [net.minecraftforge.coremod.CoreModEngine/COREMOD]: CoreMod loaded successfully
[13Sep2026 20:57:56.280] [main/DEBUG] [net.minecraftforge.coremod.CoreModEngine/COREMOD]: Loading CoreMod from coremods/field_to_instanceof.js
[13Sep2026 20:57:56.312] [main/DEBUG] [net.minecraftforge.coremod.CoreModEngine/COREMOD]: CoreMod loaded successfully
[13Sep2026 20:57:56.312] [main/DEBUG] [net.minecraftforge.coremod.CoreModEngine/COREMOD]: Loading CoreMod from coremods/add_bouncer_method.js
[13Sep2026 20:57:56.349] [main/DEBUG] [net.minecraftforge.coremod.CoreModEngine/COREMOD]: CoreMod loaded successfully
[13Sep2026 20:57:56.349] [main/DEBUG] [net.minecraftforge.coremod.CoreModEngine/COREMOD]: Loading CoreMod from coremods/method_redirector.js
[13Sep2026 20:57:56.405] [main/DEBUG] [net.minecraftforge.coremod.CoreModEngine/COREMOD]: CoreMod loaded successfully
[13Sep2026 20:57:56.406] [main/DEBUG] [net.minecraftforge.coremod.CoreModEngine/COREMOD]: Loading CoreMod from geto_procedure_bridge_coremods.js
[13Sep2026 20:57:56.507] [main/DEBUG] [net.minecraftforge.coremod.CoreModEngine/COREMOD]: CoreMod loaded successfully
[13Sep2026 20:57:56.507] [main/DEBUG] [net.minecraftforge.coremod.CoreModEngine/COREMOD]: Loading CoreMod from META-INF/asm/implementFabricBlock.js
[13Sep2026 20:57:56.523] [main/DEBUG] [net.minecraftforge.coremod.CoreModEngine/COREMOD]: CoreMod loaded successfully
[13Sep2026 20:57:56.524] [main/DEBUG] [net.minecraftforge.coremod.CoreModEngine/COREMOD]: Loading CoreMod from META-INF/asm/implementFabricBlockState.js
[13Sep2026 20:57:56.555] [main/DEBUG] [net.minecraftforge.coremod.CoreModEngine/COREMOD]: CoreMod loaded successfully
[13Sep2026 20:57:56.560] [main/DEBUG] [net.minecraftforge.coremod.CoreModEngine/COREMOD]: Loading CoreMod from META-INF/asm/injectDataProvider.js
[13Sep2026 20:57:56.589] [main/DEBUG] [net.minecraftforge.coremod.CoreModEngine/COREMOD]: CoreMod loaded successfully
[13Sep2026 20:57:56.591] [main/DEBUG] [net.minecraftforge.coremod.CoreModEngine/COREMOD]: Loading CoreMod from META-INF/xaerohud_core.js
[13Sep2026 20:57:56.658] [main/DEBUG] [net.minecraftforge.coremod.CoreModEngine/COREMOD]: CoreMod loaded successfully
[13Sep2026 20:57:56.658] [main/DEBUG] [net.minecraftforge.coremod.CoreModEngine/COREMOD]: Loading CoreMod from META-INF/asm/addFabricKeySortOrders.js
[13Sep2026 20:57:56.680] [main/DEBUG] [net.minecraftforge.coremod.CoreModEngine/COREMOD]: CoreMod loaded successfully
[13Sep2026 20:57:56.698] [main/DEBUG] [cpw.mods.modlauncher.TransformStore/MODLAUNCHER]: Adding transformer net.minecraftforge.coremod.transformer.CoreModMethodTransformer@539316bb to Target : METHOD {Lnet/minecraftforge/common/extensions/IForgeItem;} {getCraftingRemainingItem} {(Lnet/minecraft/world/item/ItemStack;)Lnet/minecraft/world/item/ItemStack;}
[13Sep2026 20:57:56.699] [main/DEBUG] [cpw.mods.modlauncher.TransformStore/MODLAUNCHER]: Adding transformer net.minecraftforge.coremod.transformer.CoreModMethodTransformer@3271ec2a to Target : METHOD {Lnet/minecraftforge/common/extensions/IForgeItem;} {hasCraftingRemainingItem} {(Lnet/minecraft/world/item/ItemStack;)Z}
[13Sep2026 20:57:56.699] [main/DEBUG] [cpw.mods.modlauncher.TransformStore/MODLAUNCHER]: Adding transformer net.minecraftforge.coremod.transformer.CoreModMethodTransformer@52bba91a to Target : METHOD {Lnet/minecraftforge/common/extensions/IForgeItem;} {getAttributeModifiers} {(Lnet/minecraft/world/entity/EquipmentSlot;Lnet/minecraft/world/item/ItemStack;)Lcom/google/common/collect/Multimap;}
[13Sep2026 20:57:56.700] [main/DEBUG] [cpw.mods.modlauncher.TransformStore/MODLAUNCHER]: Adding transformer net.minecraftforge.coremod.transformer.CoreModMethodTransformer@1689527c to Target : METHOD {Lnet/minecraftforge/common/extensions/IForgeItem;} {isCorrectToolForDrops} {(Lnet/minecraft/world/item/ItemStack;Lnet/minecraft/world/level/block/state/BlockState;)Z}
[13Sep2026 20:57:56.700] [main/DEBUG] [cpw.mods.modlauncher.TransformStore/MODLAUNCHER]: Adding transformer net.minecraftforge.coremod.transformer.CoreModMethodTransformer@21516c88 to Target : METHOD {Lnet/minecraftforge/common/extensions/IForgeItem;} {shouldCauseReequipAnimation} {(Lnet/minecraft/world/item/ItemStack;Lnet/minecraft/world/item/ItemStack;Z)Z}
[13Sep2026 20:57:56.700] [main/DEBUG] [cpw.mods.modlauncher.TransformStore/MODLAUNCHER]: Adding transformer net.minecraftforge.coremod.transformer.CoreModMethodTransformer@1c7cd434 to Target : METHOD {Lnet/minecraftforge/common/extensions/IForgeItem;} {getEquipmentSlot} {(Lnet/minecraft/world/item/ItemStack;)Lnet/minecraft/world/entity/EquipmentSlot;}
[13Sep2026 20:57:56.700] [main/DEBUG] [cpw.mods.modlauncher.TransformStore/MODLAUNCHER]: Adding transformer net.minecraftforge.coremod.transformer.CoreModMethodTransformer@13004dd8 to Target : METHOD {Lnet/minecraftforge/common/extensions/IForgeItem;} {damageItem} {(Lnet/minecraft/world/item/ItemStack;ILnet/minecraft/world/entity/LivingEntity;Ljava/util/function/Consumer;)I}
[13Sep2026 20:57:56.700] [main/DEBUG] [cpw.mods.modlauncher.TransformStore/MODLAUNCHER]: Adding transformer net.minecraftforge.coremod.transformer.CoreModMethodTransformer@4fc6e776 to Target : METHOD {Lnet/minecraftforge/common/extensions/IForgeItemStack;} {getAllEnchantments} {()Ljava/util/Map;}
[13Sep2026 20:57:56.700] [main/DEBUG] [cpw.mods.modlauncher.TransformStore/MODLAUNCHER]: Adding transformer net.minecraftforge.coremod.transformer.CoreModMethodTransformer@65d9e72a to Target : METHOD {Lnet/minecraftforge/common/extensions/IForgeItemStack;} {getEnchantmentLevel} {(Lnet/minecraft/world/item/enchantment/Enchantment;)I}
[13Sep2026 20:57:56.700] [main/DEBUG] [cpw.mods.modlauncher.TransformStore/MODLAUNCHER]: Adding transformer net.minecraftforge.coremod.transformer.CoreModMethodTransformer@1f7e52d1 to Target : METHOD {Lnet/minecraft/world/level/block/WeatheringCopper;} {m_154909_} {()Lcom/google/common/collect/BiMap;}
[13Sep2026 20:57:56.701] [main/DEBUG] [cpw.mods.modlauncher.TransformStore/MODLAUNCHER]: Adding transformer net.minecraftforge.coremod.transformer.CoreModMethodTransformer@e01a26b to Target : METHOD {Lnet/minecraftforge/common/extensions/IForgeBlock;} {getAppearance} {(Lnet/minecraft/world/level/block/state/BlockState;Lnet/minecraft/world/level/BlockAndTintGetter;Lnet/minecraft/core/BlockPos;Lnet/minecraft/core/Direction;Lnet/minecraft/world/level/block/state/BlockState;Lnet/minecraft/core/BlockPos;)Lnet/minecraft/world/level/block/state/BlockState;}
[13Sep2026 20:57:56.701] [main/DEBUG] [cpw.mods.modlauncher.TransformStore/MODLAUNCHER]: Adding transformer net.minecraftforge.coremod.transformer.CoreModMethodTransformer@7604198a to Target : METHOD {Lnet/minecraftforge/common/extensions/IForgeBlockState;} {getAppearance} {(Lnet/minecraft/world/level/BlockAndTintGetter;Lnet/minecraft/core/BlockPos;Lnet/minecraft/core/Direction;Lnet/minecraft/world/level/block/state/BlockState;Lnet/minecraft/core/BlockPos;)Lnet/minecraft/world/level/block/state/BlockState;}
[13Sep2026 20:57:56.701] [main/DEBUG] [cpw.mods.modlauncher.TransformStore/MODLAUNCHER]: Adding transformer net.minecraftforge.coremod.transformer.CoreModMethodTransformer@5cce40d7 to Target : METHOD {Lnet/minecraft/data/DataProvider;} {m_236069_} {(Lit/unimi/dsi/fastutil/objects/Object2IntOpenHashMap;)V}
[13Sep2026 20:57:56.701] [main/DEBUG] [cpw.mods.modlauncher.TransformStore/MODLAUNCHER]: Adding transformer net.minecraftforge.coremod.transformer.CoreModMethodTransformer@314b7945 to Target : METHOD {Lnet/minecraft/client/ToggleKeyMapping;} {m_90857_} {()Z}
[13Sep2026 20:57:56.701] [main/DEBUG] [cpw.mods.modlauncher.TransformStore/MODLAUNCHER]: Adding transformer net.minecraftforge.coremod.transformer.CoreModMethodTransformer@32da97fd to Target : METHOD {Lnet/minecraft/data/DataProvider;} {m_236069_} {(Lit/unimi/dsi/fastutil/objects/Object2IntOpenHashMap;)V}
[13Sep2026 20:57:56.702] [main/DEBUG] [cpw.mods.modlauncher.TransformStore/MODLAUNCHER]: Adding transformer net.minecraftforge.coremod.transformer.CoreModClassTransformer@4aa22cc2 to Target : CLASS {Lnet/minecraftforge/common/extensions/IForgeItem;} {} {V}
[13Sep2026 20:57:56.702] [main/DEBUG] [cpw.mods.modlauncher.TransformStore/MODLAUNCHER]: Adding transformer net.minecraftforge.coremod.transformer.CoreModClassTransformer@2049e582 to Target : CLASS {Lnet/minecraft/world/level/biome/Biome;} {} {V}
[13Sep2026 20:57:56.702] [main/DEBUG] [cpw.mods.modlauncher.TransformStore/MODLAUNCHER]: Adding transformer net.minecraftforge.coremod.transformer.CoreModClassTransformer@464aeb09 to Target : CLASS {Lnet/minecraft/world/level/levelgen/structure/Structure;} {} {V}
[13Sep2026 20:57:56.702] [main/DEBUG] [cpw.mods.modlauncher.TransformStore/MODLAUNCHER]: Adding transformer net.minecraftforge.coremod.transformer.CoreModClassTransformer@2c99c8d to Target : CLASS {Lnet/minecraft/world/effect/MobEffectInstance;} {} {V}
[13Sep2026 20:57:56.703] [main/DEBUG] [cpw.mods.modlauncher.TransformStore/MODLAUNCHER]: Adding transformer net.minecraftforge.coremod.transformer.CoreModClassTransformer@59d6642a to Target : CLASS {Lnet/minecraft/world/level/block/LiquidBlock;} {} {V}
[13Sep2026 20:57:56.703] [main/DEBUG] [cpw.mods.modlauncher.TransformStore/MODLAUNCHER]: Adding transformer net.minecraftforge.coremod.transformer.CoreModClassTransformer@365cef67 to Target : CLASS {Lnet/minecraft/world/item/BucketItem;} {} {V}
[13Sep2026 20:57:56.703] [main/DEBUG] [cpw.mods.modlauncher.TransformStore/MODLAUNCHER]: Adding transformer net.minecraftforge.coremod.transformer.CoreModClassTransformer@27df5806 to Target : CLASS {Lnet/minecraft/world/level/block/StairBlock;} {} {V}
[13Sep2026 20:57:56.703] [main/DEBUG] [cpw.mods.modlauncher.TransformStore/MODLAUNCHER]: Adding transformer net.minecraftforge.coremod.transformer.CoreModClassTransformer@69bc9584 to Target : CLASS {Lnet/minecraft/world/level/block/FlowerPotBlock;} {} {V}
[13Sep2026 20:57:56.703] [main/DEBUG] [cpw.mods.modlauncher.TransformStore/MODLAUNCHER]: Adding transformer net.minecraftforge.coremod.transformer.CoreModClassTransformer@3214bad to Target : CLASS {Lnet/minecraft/world/item/ItemStack;} {} {V}
[13Sep2026 20:57:56.703] [main/DEBUG] [cpw.mods.modlauncher.TransformStore/MODLAUNCHER]: Adding transformer net.minecraftforge.coremod.transformer.CoreModClassTransformer@52d7ab79 to Target : CLASS {Lnet/minecraft/network/play/client/CClientSettingsPacket;} {} {V}
[13Sep2026 20:57:56.704] [main/DEBUG] [cpw.mods.modlauncher.TransformStore/MODLAUNCHER]: Adding transformer net.minecraftforge.coremod.transformer.CoreModClassTransformer@f95d64d to Target : CLASS {Lnet/minecraft/server/commands/SummonCommand;} {} {V}
[13Sep2026 20:57:56.704] [main/DEBUG] [cpw.mods.modlauncher.TransformStore/MODLAUNCHER]: Adding transformer net.minecraftforge.coremod.transformer.CoreModClassTransformer@f95d64d to Target : CLASS {Lnet/minecraft/world/entity/npc/CatSpawner;} {} {V}
[13Sep2026 20:57:56.704] [main/DEBUG] [cpw.mods.modlauncher.TransformStore/MODLAUNCHER]: Adding transformer net.minecraftforge.coremod.transformer.CoreModClassTransformer@f95d64d to Target : CLASS {Lnet/minecraft/world/level/levelgen/PhantomSpawner;} {} {V}
[13Sep2026 20:57:56.704] [main/DEBUG] [cpw.mods.modlauncher.TransformStore/MODLAUNCHER]: Adding transformer net.minecraftforge.coremod.transformer.CoreModClassTransformer@f95d64d to Target : CLASS {Lnet/minecraft/world/entity/monster/ZombieVillager;} {} {V}
[13Sep2026 20:57:56.704] [main/DEBUG] [cpw.mods.modlauncher.TransformStore/MODLAUNCHER]: Adding transformer net.minecraftforge.coremod.transformer.CoreModClassTransformer@f95d64d to Target : CLASS {Lnet/minecraft/world/entity/raid/Raid;} {} {V}
[13Sep2026 20:57:56.704] [main/DEBUG] [cpw.mods.modlauncher.TransformStore/MODLAUNCHER]: Adding transformer net.minecraftforge.coremod.transformer.CoreModClassTransformer@f95d64d to Target : CLASS {Lnet/minecraft/world/entity/animal/frog/Tadpole;} {} {V}
[13Sep2026 20:57:56.704] [main/DEBUG] [cpw.mods.modlauncher.TransformStore/MODLAUNCHER]: Adding transformer net.minecraftforge.coremod.transformer.CoreModClassTransformer@f95d64d to Target : CLASS {Lnet/minecraft/world/entity/animal/horse/SkeletonTrapGoal;} {} {V}
[13Sep2026 20:57:56.704] [main/DEBUG] [cpw.mods.modlauncher.TransformStore/MODLAUNCHER]: Adding transformer net.minecraftforge.coremod.transformer.CoreModClassTransformer@f95d64d to Target : CLASS {Lnet/minecraft/world/level/levelgen/structure/structures/SwampHutPiece;} {} {V}
[13Sep2026 20:57:56.704] [main/DEBUG] [cpw.mods.modlauncher.TransformStore/MODLAUNCHER]: Adding transformer net.minecraftforge.coremod.transformer.CoreModClassTransformer@f95d64d to Target : CLASS {Lnet/minecraft/world/entity/ai/village/VillageSiege;} {} {V}
[13Sep2026 20:57:56.704] [main/DEBUG] [cpw.mods.modlauncher.TransformStore/MODLAUNCHER]: Adding transformer net.minecraftforge.coremod.transformer.CoreModClassTransformer@f95d64d to Target : CLASS {Lnet/minecraft/world/entity/npc/Villager;} {} {V}
[13Sep2026 20:57:56.704] [main/DEBUG] [cpw.mods.modlauncher.TransformStore/MODLAUNCHER]: Adding transformer net.minecraftforge.coremod.transformer.CoreModClassTransformer@f95d64d to Target : CLASS {Lnet/minecraft/world/level/levelgen/structure/templatesystem/StructureTemplate;} {} {V}
[13Sep2026 20:57:56.704] [main/DEBUG] [cpw.mods.modlauncher.TransformStore/MODLAUNCHER]: Adding transformer net.minecraftforge.coremod.transformer.CoreModClassTransformer@f95d64d to Target : CLASS {Lnet/minecraft/world/entity/EntityType;} {} {V}
[13Sep2026 20:57:56.705] [main/DEBUG] [cpw.mods.modlauncher.TransformStore/MODLAUNCHER]: Adding transformer net.minecraftforge.coremod.transformer.CoreModClassTransformer@f95d64d to Target : CLASS {Lnet/minecraft/world/entity/monster/Evoker$EvokerSummonSpellGoal;} {} {V}
[13Sep2026 20:57:56.705] [main/DEBUG] [cpw.mods.modlauncher.TransformStore/MODLAUNCHER]: Adding transformer net.minecraftforge.coremod.transformer.CoreModClassTransformer@f95d64d to Target : CLASS {Lnet/minecraft/world/entity/monster/Spider;} {} {V}
[13Sep2026 20:57:56.705] [main/DEBUG] [cpw.mods.modlauncher.TransformStore/MODLAUNCHER]: Adding transformer net.minecraftforge.coremod.transformer.CoreModClassTransformer@f95d64d to Target : CLASS {Lnet/minecraft/world/entity/monster/Strider;} {} {V}
[13Sep2026 20:57:56.705] [main/DEBUG] [cpw.mods.modlauncher.TransformStore/MODLAUNCHER]: Adding transformer net.minecraftforge.coremod.transformer.CoreModClassTransformer@f95d64d to Target : CLASS {Lnet/minecraft/world/level/NaturalSpawner;} {} {V}
[13Sep2026 20:57:56.705] [main/DEBUG] [cpw.mods.modlauncher.TransformStore/MODLAUNCHER]: Adding transformer net.minecraftforge.coremod.transformer.CoreModClassTransformer@f95d64d to Target : CLASS {Lnet/minecraft/world/level/levelgen/structure/structures/OceanMonumentPieces$OceanMonumentPiece;} {} {V}
[13Sep2026 20:57:56.705] [main/DEBUG] [cpw.mods.modlauncher.TransformStore/MODLAUNCHER]: Adding transformer net.minecraftforge.coremod.transformer.CoreModClassTransformer@f95d64d to Target : CLASS {Lnet/minecraft/server/commands/RaidCommand;} {} {V}
[13Sep2026 20:57:56.705] [main/DEBUG] [cpw.mods.modlauncher.TransformStore/MODLAUNCHER]: Adding transformer net.minecraftforge.coremod.transformer.CoreModClassTransformer@f95d64d to Target : CLASS {Lnet/minecraft/world/level/levelgen/structure/structures/OceanRuinPieces$OceanRuinPiece;} {} {V}
[13Sep2026 20:57:56.705] [main/DEBUG] [cpw.mods.modlauncher.TransformStore/MODLAUNCHER]: Adding transformer net.minecraftforge.coremod.transformer.CoreModClassTransformer@f95d64d to Target : CLASS {Lnet/minecraft/world/entity/monster/Zombie;} {} {V}
[13Sep2026 20:57:56.705] [main/DEBUG] [cpw.mods.modlauncher.TransformStore/MODLAUNCHER]: Adding transformer net.minecraftforge.coremod.transformer.CoreModClassTransformer@f95d64d to Target : CLASS {Lnet/minecraft/world/level/levelgen/structure/structures/WoodlandMansionPieces$WoodlandMansionPiece;} {} {V}
[13Sep2026 20:57:56.705] [main/DEBUG] [cpw.mods.modlauncher.TransformStore/MODLAUNCHER]: Adding transformer net.minecraftforge.coremod.transformer.CoreModClassTransformer@f95d64d to Target : CLASS {Lnet/minecraft/world/level/levelgen/PatrolSpawner;} {} {V}
[13Sep2026 20:57:56.705] [main/DEBUG] [cpw.mods.modlauncher.TransformStore/MODLAUNCHER]: Adding transformer net.minecraftforge.coremod.transformer.CoreModClassTransformer@288728e to Target : CLASS {Lnet/mcreator/jujutsucraft/procedures/SelectedProcedure;} {} {V}
[13Sep2026 20:57:56.705] [main/DEBUG] [cpw.mods.modlauncher.TransformStore/MODLAUNCHER]: Adding transformer net.minecraftforge.coremod.transformer.CoreModClassTransformer@b7d2d51 to Target : CLASS {Lnet/mcreator/jujutsucraft/procedures/SelectMahitoProcedure;} {} {V}
[13Sep2026 20:57:56.706] [main/DEBUG] [cpw.mods.modlauncher.TransformStore/MODLAUNCHER]: Adding transformer net.minecraftforge.coremod.transformer.CoreModClassTransformer@641ed324 to Target : CLASS {Lnet/mcreator/jujutsucraft/procedures/SelectRozetsuProcedure;} {} {V}
[13Sep2026 20:57:56.706] [main/DEBUG] [cpw.mods.modlauncher.TransformStore/MODLAUNCHER]: Adding transformer net.minecraftforge.coremod.transformer.CoreModClassTransformer@45984654 to Target : CLASS {Lnet/mcreator/jujutsucraft/procedures/ZonbaProcedure;} {} {V}
[13Sep2026 20:57:56.706] [main/DEBUG] [cpw.mods.modlauncher.TransformStore/MODLAUNCHER]: Adding transformer net.minecraftforge.coremod.transformer.CoreModClassTransformer@4c5406b to Target : CLASS {Lnet/minecraftforge/common/extensions/IForgeBlock;} {} {V}
[13Sep2026 20:57:56.706] [main/DEBUG] [cpw.mods.modlauncher.TransformStore/MODLAUNCHER]: Adding transformer net.minecraftforge.coremod.transformer.CoreModClassTransformer@66b0e207 to Target : CLASS {Lnet/minecraftforge/common/extensions/IForgeBlockState;} {} {V}
[13Sep2026 20:57:56.706] [main/DEBUG] [cpw.mods.modlauncher.TransformationServiceDecorator/MODLAUNCHER]: Initialized transformers for transformation service fml
[13Sep2026 20:57:59.056] [main/DEBUG] [mixin/]: Processing prepare() for PlatformAgent[MixinPlatformAgentDefault:ModLauncher Root Container(ModLauncher:4f56a0a2)]
[13Sep2026 20:57:59.057] [main/DEBUG] [mixin/]: Processing launch tasks for PlatformAgent[MixinPlatformAgentDefault:ModLauncher Root Container(ModLauncher:4f56a0a2)]
[13Sep2026 20:57:59.057] [main/DEBUG] [mixin/]: Adding mixin platform agents for container SecureJarResource(kuma_api)
[13Sep2026 20:57:59.057] [main/DEBUG] [mixin/]: Instancing new MixinPlatformAgentMinecraftForge for SecureJarResource(kuma_api)
[13Sep2026 20:57:59.057] [main/DEBUG] [mixin/]: MixinPlatformAgentMinecraftForge rejected container SecureJarResource(kuma_api)
[13Sep2026 20:57:59.057] [main/DEBUG] [mixin/]: Instancing new MixinPlatformAgentDefault for SecureJarResource(kuma_api)
[13Sep2026 20:57:59.057] [main/DEBUG] [mixin/]: MixinPlatformAgentDefault accepted container SecureJarResource(kuma_api)
[13Sep2026 20:57:59.057] [main/DEBUG] [mixin/]: Processing prepare() for PlatformAgent[MixinPlatformAgentDefault:SecureJarResource(kuma_api)]
[13Sep2026 20:57:59.057] [main/DEBUG] [mixin/]: Registering mixin config: kuma_api.mixins.json
[13Sep2026 20:57:59.097] [main/DEBUG] [mixin/]: Compatibility level JAVA_17 specified by kuma_api.mixins.json is higher than the maximum level supported by this version of mixin (JAVA_13).
[13Sep2026 20:57:59.105] [main/INFO] [mixin/]: Compatibility level set to JAVA_17
[13Sep2026 20:57:59.107] [main/DEBUG] [mixin/]: Registering mixin config: kuma_api.forge.mixins.json
[13Sep2026 20:57:59.117] [main/DEBUG] [mixin/]: Adding mixin platform agents for container SecureJarResource(fabric_renderer_api_v1)
[13Sep2026 20:57:59.118] [main/DEBUG] [mixin/]: Instancing new MixinPlatformAgentMinecraftForge for SecureJarResource(fabric_renderer_api_v1)
[13Sep2026 20:57:59.118] [main/DEBUG] [mixin/]: MixinPlatformAgentMinecraftForge rejected container SecureJarResource(fabric_renderer_api_v1)
[13Sep2026 20:57:59.118] [main/DEBUG] [mixin/]: Instancing new MixinPlatformAgentDefault for SecureJarResource(fabric_renderer_api_v1)
[13Sep2026 20:57:59.118] [main/DEBUG] [mixin/]: MixinPlatformAgentDefault accepted container SecureJarResource(fabric_renderer_api_v1)
[13Sep2026 20:57:59.118] [main/DEBUG] [mixin/]: Processing prepare() for PlatformAgent[MixinPlatformAgentDefault:SecureJarResource(fabric_renderer_api_v1)]
[13Sep2026 20:57:59.118] [main/DEBUG] [mixin/]: Registering mixin config: fabric-renderer-api-v1.mixins.json
[13Sep2026 20:57:59.127] [main/DEBUG] [mixin/]: Compatibility level JAVA_16 specified by fabric-renderer-api-v1.mixins.json is higher than the maximum level supported by this version of mixin (JAVA_13).
[13Sep2026 20:57:59.127] [main/DEBUG] [mixin/]: Registering mixin config: fabric-renderer-api-v1.debughud.mixins.json
[13Sep2026 20:57:59.135] [main/DEBUG] [mixin/]: Compatibility level JAVA_16 specified by fabric-renderer-api-v1.debughud.mixins.json is higher than the maximum level supported by this version of mixin (JAVA_13).
[13Sep2026 20:57:59.135] [main/DEBUG] [mixin/]: Adding mixin platform agents for container SecureJarResource(geckolib)
[13Sep2026 20:57:59.135] [main/DEBUG] [mixin/]: Instancing new MixinPlatformAgentMinecraftForge for SecureJarResource(geckolib)
[13Sep2026 20:57:59.135] [main/DEBUG] [mixin/]: MixinPlatformAgentMinecraftForge rejected container SecureJarResource(geckolib)
[13Sep2026 20:57:59.135] [main/DEBUG] [mixin/]: Instancing new MixinPlatformAgentDefault for SecureJarResource(geckolib)
[13Sep2026 20:57:59.135] [main/DEBUG] [mixin/]: MixinPlatformAgentDefault accepted container SecureJarResource(geckolib)
[13Sep2026 20:57:59.135] [main/DEBUG] [mixin/]: Processing prepare() for PlatformAgent[MixinPlatformAgentDefault:SecureJarResource(geckolib)]
[13Sep2026 20:57:59.135] [main/DEBUG] [mixin/]: Registering mixin config: geckolib.mixins.json
[13Sep2026 20:57:59.141] [main/DEBUG] [mixin/]: Adding mixin platform agents for container SecureJarResource(playeranimator)
[13Sep2026 20:57:59.141] [main/DEBUG] [mixin/]: Instancing new MixinPlatformAgentMinecraftForge for SecureJarResource(playeranimator)
[13Sep2026 20:57:59.141] [main/DEBUG] [mixin/]: MixinPlatformAgentMinecraftForge rejected container SecureJarResource(playeranimator)
[13Sep2026 20:57:59.141] [main/DEBUG] [mixin/]: Instancing new MixinPlatformAgentDefault for SecureJarResource(playeranimator)
[13Sep2026 20:57:59.141] [main/DEBUG] [mixin/]: MixinPlatformAgentDefault accepted container SecureJarResource(playeranimator)
[13Sep2026 20:57:59.141] [main/DEBUG] [mixin/]: Processing prepare() for PlatformAgent[MixinPlatformAgentDefault:SecureJarResource(playeranimator)]
[13Sep2026 20:57:59.141] [main/DEBUG] [mixin/]: Registering mixin config: playerAnimator-common.mixins.json
[13Sep2026 20:57:59.146] [main/DEBUG] [mixin/]: Compatibility level JAVA_16 specified by playerAnimator-common.mixins.json is higher than the maximum level supported by this version of mixin (JAVA_13).
[13Sep2026 20:57:59.147] [main/DEBUG] [mixin/]: Adding mixin platform agents for container SecureJarResource(fabric_item_api_v1)
[13Sep2026 20:57:59.147] [main/DEBUG] [mixin/]: Instancing new MixinPlatformAgentMinecraftForge for SecureJarResource(fabric_item_api_v1)
[13Sep2026 20:57:59.147] [main/DEBUG] [mixin/]: MixinPlatformAgentMinecraftForge rejected container SecureJarResource(fabric_item_api_v1)
[13Sep2026 20:57:59.147] [main/DEBUG] [mixin/]: Instancing new MixinPlatformAgentDefault for SecureJarResource(fabric_item_api_v1)
[13Sep2026 20:57:59.147] [main/DEBUG] [mixin/]: MixinPlatformAgentDefault accepted container SecureJarResource(fabric_item_api_v1)
[13Sep2026 20:57:59.147] [main/DEBUG] [mixin/]: Processing prepare() for PlatformAgent[MixinPlatformAgentDefault:SecureJarResource(fabric_item_api_v1)]
[13Sep2026 20:57:59.147] [main/DEBUG] [mixin/]: Registering mixin config: fabric-item-api-v1.mixins.json
[13Sep2026 20:57:59.151] [main/DEBUG] [mixin/]: Compatibility level JAVA_16 specified by fabric-item-api-v1.mixins.json is higher than the maximum level supported by this version of mixin (JAVA_13).
[13Sep2026 20:57:59.151] [main/DEBUG] [mixin/]: Registering mixin config: fabric-item-api-v1.client.mixins.json
[13Sep2026 20:57:59.157] [main/DEBUG] [mixin/]: Compatibility level JAVA_16 specified by fabric-item-api-v1.client.mixins.json is higher than the maximum level supported by this version of mixin (JAVA_13).
[13Sep2026 20:57:59.161] [main/ERROR] [mixin/]: Mixin config fabric-item-api-v1.client.mixins.json does not specify "minVersion" property
[13Sep2026 20:57:59.161] [main/DEBUG] [mixin/]: Adding mixin platform agents for container SecureJarResource(fabric_rendering_fluids_v1)
[13Sep2026 20:57:59.161] [main/DEBUG] [mixin/]: Instancing new MixinPlatformAgentMinecraftForge for SecureJarResource(fabric_rendering_fluids_v1)
[13Sep2026 20:57:59.161] [main/DEBUG] [mixin/]: MixinPlatformAgentMinecraftForge rejected container SecureJarResource(fabric_rendering_fluids_v1)
[13Sep2026 20:57:59.161] [main/DEBUG] [mixin/]: Instancing new MixinPlatformAgentDefault for SecureJarResource(fabric_rendering_fluids_v1)
[13Sep2026 20:57:59.161] [main/DEBUG] [mixin/]: MixinPlatformAgentDefault accepted container SecureJarResource(fabric_rendering_fluids_v1)
[13Sep2026 20:57:59.161] [main/DEBUG] [mixin/]: Processing prepare() for PlatformAgent[MixinPlatformAgentDefault:SecureJarResource(fabric_rendering_fluids_v1)]
[13Sep2026 20:57:59.161] [main/DEBUG] [mixin/]: Registering mixin config: fabric-rendering-fluids-v1.mixins.json
[13Sep2026 20:57:59.171] [main/DEBUG] [mixin/]: Compatibility level JAVA_16 specified by fabric-rendering-fluids-v1.mixins.json is higher than the maximum level supported by this version of mixin (JAVA_13).
[13Sep2026 20:57:59.171] [main/DEBUG] [mixin/]: Adding mixin platform agents for container SecureJarResource(fabric_models_v0)
[13Sep2026 20:57:59.171] [main/DEBUG] [mixin/]: Instancing new MixinPlatformAgentMinecraftForge for SecureJarResource(fabric_models_v0)
[13Sep2026 20:57:59.171] [main/DEBUG] [mixin/]: MixinPlatformAgentMinecraftForge rejected container SecureJarResource(fabric_models_v0)
[13Sep2026 20:57:59.171] [main/DEBUG] [mixin/]: Instancing new MixinPlatformAgentDefault for SecureJarResource(fabric_models_v0)
[13Sep2026 20:57:59.171] [main/DEBUG] [mixin/]: MixinPlatformAgentDefault accepted container SecureJarResource(fabric_models_v0)
[13Sep2026 20:57:59.171] [main/DEBUG] [mixin/]: Processing prepare() for PlatformAgent[MixinPlatformAgentDefault:SecureJarResource(fabric_models_v0)]
[13Sep2026 20:57:59.171] [main/DEBUG] [mixin/]: Adding mixin platform agents for container SecureJarResource(connectivity)
[13Sep2026 20:57:59.171] [main/DEBUG] [mixin/]: Instancing new MixinPlatformAgentMinecraftForge for SecureJarResource(connectivity)
[13Sep2026 20:57:59.171] [main/DEBUG] [mixin/]: MixinPlatformAgentMinecraftForge rejected container SecureJarResource(connectivity)
[13Sep2026 20:57:59.171] [main/DEBUG] [mixin/]: Instancing new MixinPlatformAgentDefault for SecureJarResource(connectivity)
[13Sep2026 20:57:59.171] [main/DEBUG] [mixin/]: MixinPlatformAgentDefault accepted container SecureJarResource(connectivity)
[13Sep2026 20:57:59.171] [main/DEBUG] [mixin/]: Processing prepare() for PlatformAgent[MixinPlatformAgentDefault:SecureJarResource(connectivity)]
[13Sep2026 20:57:59.171] [main/DEBUG] [mixin/]: Registering mixin config: connectivity.mixins.json
[13Sep2026 20:57:59.178] [main/DEBUG] [mixin/]: Adding mixin platform agents for container SecureJarResource(sophisticatedcore)
[13Sep2026 20:57:59.178] [main/DEBUG] [mixin/]: Instancing new MixinPlatformAgentMinecraftForge for SecureJarResource(sophisticatedcore)
[13Sep2026 20:57:59.178] [main/DEBUG] [mixin/]: MixinPlatformAgentMinecraftForge rejected container SecureJarResource(sophisticatedcore)
[13Sep2026 20:57:59.178] [main/DEBUG] [mixin/]: Instancing new MixinPlatformAgentDefault for SecureJarResource(sophisticatedcore)
[13Sep2026 20:57:59.178] [main/DEBUG] [mixin/]: MixinPlatformAgentDefault accepted container SecureJarResource(sophisticatedcore)
[13Sep2026 20:57:59.178] [main/DEBUG] [mixin/]: Processing prepare() for PlatformAgent[MixinPlatformAgentDefault:SecureJarResource(sophisticatedcore)]
[13Sep2026 20:57:59.178] [main/DEBUG] [mixin/]: Registering mixin config: sophisticatedcore.mixins.json
[13Sep2026 20:57:59.187] [main/DEBUG] [mixin/]: Registering mixin config: sophisticatedcore.create.mixins.json
[13Sep2026 20:57:59.193] [main/DEBUG] [mixin/]: Adding mixin platform agents for container SecureJarResource(fabric_convention_tags_v1)
[13Sep2026 20:57:59.195] [main/DEBUG] [mixin/]: Instancing new MixinPlatformAgentMinecraftForge for SecureJarResource(fabric_convention_tags_v1)
[13Sep2026 20:57:59.195] [main/DEBUG] [mixin/]: MixinPlatformAgentMinecraftForge rejected container SecureJarResource(fabric_convention_tags_v1)
[13Sep2026 20:57:59.195] [main/DEBUG] [mixin/]: Instancing new MixinPlatformAgentDefault for SecureJarResource(fabric_convention_tags_v1)
[13Sep2026 20:57:59.195] [main/DEBUG] [mixin/]: MixinPlatformAgentDefault accepted container SecureJarResource(fabric_convention_tags_v1)
[13Sep2026 20:57:59.195] [main/DEBUG] [mixin/]: Processing prepare() for PlatformAgent[MixinPlatformAgentDefault:SecureJarResource(fabric_convention_tags_v1)]
[13Sep2026 20:57:59.195] [main/DEBUG] [mixin/]: Adding mixin platform agents for container SecureJarResource(xaeroworldmap)
[13Sep2026 20:57:59.195] [main/DEBUG] [mixin/]: Instancing new MixinPlatformAgentMinecraftForge for SecureJarResource(xaeroworldmap)
[13Sep2026 20:57:59.195] [main/DEBUG] [mixin/]: MixinPlatformAgentMinecraftForge rejected container SecureJarResource(xaeroworldmap)
[13Sep2026 20:57:59.195] [main/DEBUG] [mixin/]: Instancing new MixinPlatformAgentDefault for SecureJarResource(xaeroworldmap)
[13Sep2026 20:57:59.195] [main/DEBUG] [mixin/]: MixinPlatformAgentDefault accepted container SecureJarResource(xaeroworldmap)
[13Sep2026 20:57:59.195] [main/DEBUG] [mixin/]: Processing prepare() for PlatformAgent[MixinPlatformAgentDefault:SecureJarResource(xaeroworldmap)]
[13Sep2026 20:57:59.195] [main/DEBUG] [mixin/]: Registering mixin config: xaeroworldmap.mixins.json
[13Sep2026 20:57:59.200] [main/DEBUG] [mixin/]: Registering mixin config: xaeroworldmap.forge.mixins.json
[13Sep2026 20:57:59.202] [main/DEBUG] [mixin/]: Adding mixin platform agents for container SecureJarResource(controlling)
[13Sep2026 20:57:59.202] [main/DEBUG] [mixin/]: Instancing new MixinPlatformAgentMinecraftForge for SecureJarResource(controlling)
[13Sep2026 20:57:59.202] [main/DEBUG] [mixin/]: MixinPlatformAgentMinecraftForge rejected container SecureJarResource(controlling)
[13Sep2026 20:57:59.202] [main/DEBUG] [mixin/]: Instancing new MixinPlatformAgentDefault for SecureJarResource(controlling)
[13Sep2026 20:57:59.202] [main/DEBUG] [mixin/]: MixinPlatformAgentDefault accepted container SecureJarResource(controlling)
[13Sep2026 20:57:59.202] [main/DEBUG] [mixin/]: Processing prepare() for PlatformAgent[MixinPlatformAgentDefault:SecureJarResource(controlling)]
[13Sep2026 20:57:59.202] [main/DEBUG] [mixin/]: Registering mixin config: controlling.mixins.json
[13Sep2026 20:57:59.205] [main/DEBUG] [mixin/]: Registering mixin config: controlling.forge.mixins.json
[13Sep2026 20:57:59.208] [main/DEBUG] [mixin/]: Adding mixin platform agents for container SecureJarResource(placebo)
[13Sep2026 20:57:59.208] [main/DEBUG] [mixin/]: Instancing new MixinPlatformAgentMinecraftForge for SecureJarResource(placebo)
[13Sep2026 20:57:59.208] [main/DEBUG] [mixin/]: MixinPlatformAgentMinecraftForge rejected container SecureJarResource(placebo)
[13Sep2026 20:57:59.208] [main/DEBUG] [mixin/]: Instancing new MixinPlatformAgentDefault for SecureJarResource(placebo)
[13Sep2026 20:57:59.208] [main/DEBUG] [mixin/]: MixinPlatformAgentDefault accepted container SecureJarResource(placebo)
[13Sep2026 20:57:59.208] [main/DEBUG] [mixin/]: Processing prepare() for PlatformAgent[MixinPlatformAgentDefault:SecureJarResource(placebo)]
[13Sep2026 20:57:59.208] [main/DEBUG] [mixin/]: Registering mixin config: placebo.mixins.json
[13Sep2026 20:57:59.211] [main/DEBUG] [mixin/]: Adding mixin platform agents for container SecureJarResource(modernfix)
[13Sep2026 20:57:59.211] [main/DEBUG] [mixin/]: Instancing new MixinPlatformAgentMinecraftForge for SecureJarResource(modernfix)
[13Sep2026 20:57:59.211] [main/DEBUG] [mixin/]: MixinPlatformAgentMinecraftForge rejected container SecureJarResource(modernfix)
[13Sep2026 20:57:59.211] [main/DEBUG] [mixin/]: Instancing new MixinPlatformAgentDefault for SecureJarResource(modernfix)
[13Sep2026 20:57:59.211] [main/DEBUG] [mixin/]: MixinPlatformAgentDefault accepted container SecureJarResource(modernfix)
[13Sep2026 20:57:59.211] [main/DEBUG] [mixin/]: Processing prepare() for PlatformAgent[MixinPlatformAgentDefault:SecureJarResource(modernfix)]
[13Sep2026 20:57:59.211] [main/DEBUG] [mixin/]: Registering mixin config: modernfix-modernfix.mixins.json
[13Sep2026 20:57:59.217] [main/DEBUG] [mixin/]: Adding mixin platform agents for container SecureJarResource(fabric_command_api_v1)
[13Sep2026 20:57:59.217] [main/DEBUG] [mixin/]: Instancing new MixinPlatformAgentMinecraftForge for SecureJarResource(fabric_command_api_v1)
[13Sep2026 20:57:59.217] [main/DEBUG] [mixin/]: MixinPlatformAgentMinecraftForge rejected container SecureJarResource(fabric_command_api_v1)
[13Sep2026 20:57:59.217] [main/DEBUG] [mixin/]: Instancing new MixinPlatformAgentDefault for SecureJarResource(fabric_command_api_v1)
[13Sep2026 20:57:59.217] [main/DEBUG] [mixin/]: MixinPlatformAgentDefault accepted container SecureJarResource(fabric_command_api_v1)
[13Sep2026 20:57:59.217] [main/DEBUG] [mixin/]: Processing prepare() for PlatformAgent[MixinPlatformAgentDefault:SecureJarResource(fabric_command_api_v1)]
[13Sep2026 20:57:59.217] [main/DEBUG] [mixin/]: Adding mixin platform agents for container SecureJarResource(fabric_block_view_api_v2)
[13Sep2026 20:57:59.217] [main/DEBUG] [mixin/]: Instancing new MixinPlatformAgentMinecraftForge for SecureJarResource(fabric_block_view_api_v2)
[13Sep2026 20:57:59.217] [main/DEBUG] [mixin/]: MixinPlatformAgentMinecraftForge rejected container SecureJarResource(fabric_block_view_api_v2)
[13Sep2026 20:57:59.217] [main/DEBUG] [mixin/]: Instancing new MixinPlatformAgentDefault for SecureJarResource(fabric_block_view_api_v2)
[13Sep2026 20:57:59.217] [main/DEBUG] [mixin/]: MixinPlatformAgentDefault accepted container SecureJarResource(fabric_block_view_api_v2)
[13Sep2026 20:57:59.218] [main/DEBUG] [mixin/]: Processing prepare() for PlatformAgent[MixinPlatformAgentDefault:SecureJarResource(fabric_block_view_api_v2)]
[13Sep2026 20:57:59.218] [main/DEBUG] [mixin/]: Registering mixin config: fabric-block-view-api-v2.mixins.json
[13Sep2026 20:57:59.222] [main/DEBUG] [mixin/]: Registering mixin config: fabric-block-view-api-v2.client.mixins.json
[13Sep2026 20:57:59.228] [main/DEBUG] [mixin/]: Adding mixin platform agents for container SecureJarResource(fabric_command_api_v2)
[13Sep2026 20:57:59.228] [main/DEBUG] [mixin/]: Instancing new MixinPlatformAgentMinecraftForge for SecureJarResource(fabric_command_api_v2)
[13Sep2026 20:57:59.228] [main/DEBUG] [mixin/]: MixinPlatformAgentMinecraftForge rejected container SecureJarResource(fabric_command_api_v2)
[13Sep2026 20:57:59.228] [main/DEBUG] [mixin/]: Instancing new MixinPlatformAgentDefault for SecureJarResource(fabric_command_api_v2)
[13Sep2026 20:57:59.228] [main/DEBUG] [mixin/]: MixinPlatformAgentDefault accepted container SecureJarResource(fabric_command_api_v2)
[13Sep2026 20:57:59.228] [main/DEBUG] [mixin/]: Processing prepare() for PlatformAgent[MixinPlatformAgentDefault:SecureJarResource(fabric_command_api_v2)]
[13Sep2026 20:57:59.228] [main/DEBUG] [mixin/]: Registering mixin config: fabric-command-api-v2.mixins.json
[13Sep2026 20:57:59.230] [main/DEBUG] [mixin/]: Compatibility level JAVA_16 specified by fabric-command-api-v2.mixins.json is higher than the maximum level supported by this version of mixin (JAVA_13).
[13Sep2026 20:57:59.231] [main/DEBUG] [mixin/]: Registering mixin config: fabric-command-api-v2.client.mixins.json
[13Sep2026 20:57:59.235] [main/DEBUG] [mixin/]: Compatibility level JAVA_16 specified by fabric-command-api-v2.client.mixins.json is higher than the maximum level supported by this version of mixin (JAVA_13).
[13Sep2026 20:57:59.236] [main/DEBUG] [mixin/]: Adding mixin platform agents for container SecureJarResource(fabric_data_attachment_api_v1)
[13Sep2026 20:57:59.236] [main/DEBUG] [mixin/]: Instancing new MixinPlatformAgentMinecraftForge for SecureJarResource(fabric_data_attachment_api_v1)
[13Sep2026 20:57:59.236] [main/DEBUG] [mixin/]: MixinPlatformAgentMinecraftForge rejected container SecureJarResource(fabric_data_attachment_api_v1)
[13Sep2026 20:57:59.236] [main/DEBUG] [mixin/]: Instancing new MixinPlatformAgentDefault for SecureJarResource(fabric_data_attachment_api_v1)
[13Sep2026 20:57:59.237] [main/DEBUG] [mixin/]: MixinPlatformAgentDefault accepted container SecureJarResource(fabric_data_attachment_api_v1)
[13Sep2026 20:57:59.237] [main/DEBUG] [mixin/]: Processing prepare() for PlatformAgent[MixinPlatformAgentDefault:SecureJarResource(fabric_data_attachment_api_v1)]
[13Sep2026 20:57:59.237] [main/DEBUG] [mixin/]: Registering mixin config: fabric-data-attachment-api-v1.mixins.json
[13Sep2026 20:57:59.241] [main/ERROR] [mixin/]: Mixin config fabric-data-attachment-api-v1.mixins.json does not specify "minVersion" property
[13Sep2026 20:57:59.242] [main/DEBUG] [mixin/]: Registering mixin config: fabric-data-attachment-api-v1.client.mixins.json
[13Sep2026 20:57:59.248] [main/ERROR] [mixin/]: Mixin config fabric-data-attachment-api-v1.client.mixins.json does not specify "minVersion" property
[13Sep2026 20:57:59.250] [main/DEBUG] [mixin/]: Adding mixin platform agents for container SecureJarResource(sophisticatedbackpacks)
[13Sep2026 20:57:59.250] [main/DEBUG] [mixin/]: Instancing new MixinPlatformAgentMinecraftForge for SecureJarResource(sophisticatedbackpacks)
[13Sep2026 20:57:59.250] [main/DEBUG] [mixin/]: MixinPlatformAgentMinecraftForge rejected container SecureJarResource(sophisticatedbackpacks)
[13Sep2026 20:57:59.250] [main/DEBUG] [mixin/]: Instancing new MixinPlatformAgentDefault for SecureJarResource(sophisticatedbackpacks)
[13Sep2026 20:57:59.250] [main/DEBUG] [mixin/]: MixinPlatformAgentDefault accepted container SecureJarResource(sophisticatedbackpacks)
[13Sep2026 20:57:59.251] [main/DEBUG] [mixin/]: Processing prepare() for PlatformAgent[MixinPlatformAgentDefault:SecureJarResource(sophisticatedbackpacks)]
[13Sep2026 20:57:59.251] [main/DEBUG] [mixin/]: Registering mixin config: sophisticatedbackpacks.mixins.json
[13Sep2026 20:57:59.253] [main/DEBUG] [mixin/]: Adding mixin platform agents for container SecureJarResource(balm)
[13Sep2026 20:57:59.256] [main/DEBUG] [mixin/]: Instancing new MixinPlatformAgentMinecraftForge for SecureJarResource(balm)
[13Sep2026 20:57:59.256] [main/DEBUG] [mixin/]: MixinPlatformAgentMinecraftForge rejected container SecureJarResource(balm)
[13Sep2026 20:57:59.256] [main/DEBUG] [mixin/]: Instancing new MixinPlatformAgentDefault for SecureJarResource(balm)
[13Sep2026 20:57:59.256] [main/DEBUG] [mixin/]: MixinPlatformAgentDefault accepted container SecureJarResource(balm)
[13Sep2026 20:57:59.256] [main/DEBUG] [mixin/]: Processing prepare() for PlatformAgent[MixinPlatformAgentDefault:SecureJarResource(balm)]
[13Sep2026 20:57:59.256] [main/DEBUG] [mixin/]: Registering mixin config: balm.mixins.json
[13Sep2026 20:57:59.269] [main/DEBUG] [mixin/]: Adding mixin platform agents for container SecureJarResource(fabric_screen_api_v1)
[13Sep2026 20:57:59.270] [main/DEBUG] [mixin/]: Instancing new MixinPlatformAgentMinecraftForge for SecureJarResource(fabric_screen_api_v1)
[13Sep2026 20:57:59.270] [main/DEBUG] [mixin/]: MixinPlatformAgentMinecraftForge rejected container SecureJarResource(fabric_screen_api_v1)
[13Sep2026 20:57:59.270] [main/DEBUG] [mixin/]: Instancing new MixinPlatformAgentDefault for SecureJarResource(fabric_screen_api_v1)
[13Sep2026 20:57:59.270] [main/DEBUG] [mixin/]: MixinPlatformAgentDefault accepted container SecureJarResource(fabric_screen_api_v1)
[13Sep2026 20:57:59.270] [main/DEBUG] [mixin/]: Processing prepare() for PlatformAgent[MixinPlatformAgentDefault:SecureJarResource(fabric_screen_api_v1)]
[13Sep2026 20:57:59.270] [main/DEBUG] [mixin/]: Registering mixin config: fabric-screen-api-v1.mixins.json
[13Sep2026 20:57:59.273] [main/DEBUG] [mixin/]: Compatibility level JAVA_16 specified by fabric-screen-api-v1.mixins.json is higher than the maximum level supported by this version of mixin (JAVA_13).
[13Sep2026 20:57:59.273] [main/DEBUG] [mixin/]: Adding mixin platform agents for container SecureJarResource(sodiumoptionsapi)
[13Sep2026 20:57:59.274] [main/DEBUG] [mixin/]: Instancing new MixinPlatformAgentMinecraftForge for SecureJarResource(sodiumoptionsapi)
[13Sep2026 20:57:59.274] [main/DEBUG] [mixin/]: MixinPlatformAgentMinecraftForge rejected container SecureJarResource(sodiumoptionsapi)
[13Sep2026 20:57:59.274] [main/DEBUG] [mixin/]: Instancing new MixinPlatformAgentDefault for SecureJarResource(sodiumoptionsapi)
[13Sep2026 20:57:59.274] [main/DEBUG] [mixin/]: MixinPlatformAgentDefault accepted container SecureJarResource(sodiumoptionsapi)
[13Sep2026 20:57:59.274] [main/DEBUG] [mixin/]: Processing prepare() for PlatformAgent[MixinPlatformAgentDefault:SecureJarResource(sodiumoptionsapi)]
[13Sep2026 20:57:59.274] [main/DEBUG] [mixin/]: Registering mixin config: mixins.sodiumoptionsapi.json
[13Sep2026 20:57:59.279] [main/DEBUG] [mixin/]: Adding mixin platform agents for container SecureJarResource(cloth_config)
[13Sep2026 20:57:59.279] [main/DEBUG] [mixin/]: Instancing new MixinPlatformAgentMinecraftForge for SecureJarResource(cloth_config)
[13Sep2026 20:57:59.279] [main/DEBUG] [mixin/]: MixinPlatformAgentMinecraftForge rejected container SecureJarResource(cloth_config)
[13Sep2026 20:57:59.279] [main/DEBUG] [mixin/]: Instancing new MixinPlatformAgentDefault for SecureJarResource(cloth_config)
[13Sep2026 20:57:59.279] [main/DEBUG] [mixin/]: MixinPlatformAgentDefault accepted container SecureJarResource(cloth_config)
[13Sep2026 20:57:59.279] [main/DEBUG] [mixin/]: Processing prepare() for PlatformAgent[MixinPlatformAgentDefault:SecureJarResource(cloth_config)]
[13Sep2026 20:57:59.279] [main/DEBUG] [mixin/]: Adding mixin platform agents for container SecureJarResource(sound_physics_remastered)
[13Sep2026 20:57:59.279] [main/DEBUG] [mixin/]: Instancing new MixinPlatformAgentMinecraftForge for SecureJarResource(sound_physics_remastered)
[13Sep2026 20:57:59.279] [main/DEBUG] [mixin/]: MixinPlatformAgentMinecraftForge rejected container SecureJarResource(sound_physics_remastered)
[13Sep2026 20:57:59.279] [main/DEBUG] [mixin/]: Instancing new MixinPlatformAgentDefault for SecureJarResource(sound_physics_remastered)
[13Sep2026 20:57:59.279] [main/DEBUG] [mixin/]: MixinPlatformAgentDefault accepted container SecureJarResource(sound_physics_remastered)
[13Sep2026 20:57:59.279] [main/DEBUG] [mixin/]: Processing prepare() for PlatformAgent[MixinPlatformAgentDefault:SecureJarResource(sound_physics_remastered)]
[13Sep2026 20:57:59.279] [main/DEBUG] [mixin/]: Adding mixin platform agents for container SecureJarResource(dummmmmmy)
[13Sep2026 20:57:59.279] [main/DEBUG] [mixin/]: Instancing new MixinPlatformAgentMinecraftForge for SecureJarResource(dummmmmmy)
[13Sep2026 20:57:59.279] [main/DEBUG] [mixin/]: MixinPlatformAgentMinecraftForge rejected container SecureJarResource(dummmmmmy)
[13Sep2026 20:57:59.279] [main/DEBUG] [mixin/]: Instancing new MixinPlatformAgentDefault for SecureJarResource(dummmmmmy)
[13Sep2026 20:57:59.279] [main/DEBUG] [mixin/]: MixinPlatformAgentDefault accepted container SecureJarResource(dummmmmmy)
[13Sep2026 20:57:59.279] [main/DEBUG] [mixin/]: Processing prepare() for PlatformAgent[MixinPlatformAgentDefault:SecureJarResource(dummmmmmy)]
[13Sep2026 20:57:59.279] [main/DEBUG] [mixin/]: Registering mixin config: dummmmmmy-common.mixins.json
[13Sep2026 20:57:59.284] [main/DEBUG] [mixin/]: Adding mixin platform agents for container SecureJarResource(fabric_api)
[13Sep2026 20:57:59.284] [main/DEBUG] [mixin/]: Instancing new MixinPlatformAgentMinecraftForge for SecureJarResource(fabric_api)
[13Sep2026 20:57:59.285] [main/DEBUG] [mixin/]: MixinPlatformAgentMinecraftForge rejected container SecureJarResource(fabric_api)
[13Sep2026 20:57:59.285] [main/DEBUG] [mixin/]: Instancing new MixinPlatformAgentDefault for SecureJarResource(fabric_api)
[13Sep2026 20:57:59.285] [main/DEBUG] [mixin/]: MixinPlatformAgentDefault accepted container SecureJarResource(fabric_api)
[13Sep2026 20:57:59.285] [main/DEBUG] [mixin/]: Processing prepare() for PlatformAgent[MixinPlatformAgentDefault:SecureJarResource(fabric_api)]
[13Sep2026 20:57:59.285] [main/DEBUG] [mixin/]: Adding mixin platform agents for container SecureJarResource(almirionapi)
[13Sep2026 20:57:59.285] [main/DEBUG] [mixin/]: Instancing new MixinPlatformAgentMinecraftForge for SecureJarResource(almirionapi)
[13Sep2026 20:57:59.285] [main/DEBUG] [mixin/]: MixinPlatformAgentMinecraftForge rejected container SecureJarResource(almirionapi)
[13Sep2026 20:57:59.285] [main/DEBUG] [mixin/]: Instancing new MixinPlatformAgentDefault for SecureJarResource(almirionapi)
[13Sep2026 20:57:59.285] [main/DEBUG] [mixin/]: MixinPlatformAgentDefault accepted container SecureJarResource(almirionapi)
[13Sep2026 20:57:59.285] [main/DEBUG] [mixin/]: Processing prepare() for PlatformAgent[MixinPlatformAgentDefault:SecureJarResource(almirionapi)]
[13Sep2026 20:57:59.285] [main/DEBUG] [mixin/]: Adding mixin platform agents for container SecureJarResource(fabric_content_registries_v0)
[13Sep2026 20:57:59.285] [main/DEBUG] [mixin/]: Instancing new MixinPlatformAgentMinecraftForge for SecureJarResource(fabric_content_registries_v0)
[13Sep2026 20:57:59.285] [main/DEBUG] [mixin/]: MixinPlatformAgentMinecraftForge rejected container SecureJarResource(fabric_content_registries_v0)
[13Sep2026 20:57:59.285] [main/DEBUG] [mixin/]: Instancing new MixinPlatformAgentDefault for SecureJarResource(fabric_content_registries_v0)
[13Sep2026 20:57:59.285] [main/DEBUG] [mixin/]: MixinPlatformAgentDefault accepted container SecureJarResource(fabric_content_registries_v0)
[13Sep2026 20:57:59.285] [main/DEBUG] [mixin/]: Processing prepare() for PlatformAgent[MixinPlatformAgentDefault:SecureJarResource(fabric_content_registries_v0)]
[13Sep2026 20:57:59.285] [main/DEBUG] [mixin/]: Registering mixin config: fabric-content-registries-v0.mixins.json
[13Sep2026 20:57:59.293] [main/DEBUG] [mixin/]: Compatibility level JAVA_16 specified by fabric-content-registries-v0.mixins.json is higher than the maximum level supported by this version of mixin (JAVA_13).
[13Sep2026 20:57:59.293] [main/DEBUG] [mixin/]: Adding mixin platform agents for container SecureJarResource(sodiumdynamiclights)
[13Sep2026 20:57:59.293] [main/DEBUG] [mixin/]: Instancing new MixinPlatformAgentMinecraftForge for SecureJarResource(sodiumdynamiclights)
[13Sep2026 20:57:59.293] [main/DEBUG] [mixin/]: MixinPlatformAgentMinecraftForge rejected container SecureJarResource(sodiumdynamiclights)
[13Sep2026 20:57:59.293] [main/DEBUG] [mixin/]: Instancing new MixinPlatformAgentDefault for SecureJarResource(sodiumdynamiclights)
[13Sep2026 20:57:59.293] [main/DEBUG] [mixin/]: MixinPlatformAgentDefault accepted container SecureJarResource(sodiumdynamiclights)
[13Sep2026 20:57:59.293] [main/DEBUG] [mixin/]: Processing prepare() for PlatformAgent[MixinPlatformAgentDefault:SecureJarResource(sodiumdynamiclights)]
[13Sep2026 20:57:59.294] [main/DEBUG] [mixin/]: Registering mixin config: mixins.sodiumdynamiclights.json
[13Sep2026 20:57:59.299] [main/DEBUG] [mixin/]: Adding mixin platform agents for container SecureJarResource(embeddium)
[13Sep2026 20:57:59.299] [main/DEBUG] [mixin/]: Instancing new MixinPlatformAgentMinecraftForge for SecureJarResource(embeddium)
[13Sep2026 20:57:59.299] [main/DEBUG] [mixin/]: MixinPlatformAgentMinecraftForge rejected container SecureJarResource(embeddium)
[13Sep2026 20:57:59.299] [main/DEBUG] [mixin/]: Instancing new MixinPlatformAgentDefault for SecureJarResource(embeddium)
[13Sep2026 20:57:59.299] [main/DEBUG] [mixin/]: MixinPlatformAgentDefault accepted container SecureJarResource(embeddium)
[13Sep2026 20:57:59.299] [main/DEBUG] [mixin/]: Processing prepare() for PlatformAgent[MixinPlatformAgentDefault:SecureJarResource(embeddium)]
[13Sep2026 20:57:59.299] [main/DEBUG] [mixin/]: Registering mixin config: embeddium.mixins.json
[13Sep2026 20:57:59.316] [main/DEBUG] [mixin/]: Adding mixin platform agents for container SecureJarResource(entity_model_features)
[13Sep2026 20:57:59.316] [main/DEBUG] [mixin/]: Instancing new MixinPlatformAgentMinecraftForge for SecureJarResource(entity_model_features)
[13Sep2026 20:57:59.317] [main/DEBUG] [mixin/]: MixinPlatformAgentMinecraftForge rejected container SecureJarResource(entity_model_features)
[13Sep2026 20:57:59.317] [main/DEBUG] [mixin/]: Instancing new MixinPlatformAgentDefault for SecureJarResource(entity_model_features)
[13Sep2026 20:57:59.317] [main/DEBUG] [mixin/]: MixinPlatformAgentDefault accepted container SecureJarResource(entity_model_features)
[13Sep2026 20:57:59.317] [main/DEBUG] [mixin/]: Processing prepare() for PlatformAgent[MixinPlatformAgentDefault:SecureJarResource(entity_model_features)]
[13Sep2026 20:57:59.317] [main/DEBUG] [mixin/]: Registering mixin config: entity_model_features.mixins.json
[13Sep2026 20:57:59.324] [main/DEBUG] [mixin/]: Adding mixin platform agents for container SecureJarResource(extraquests)
[13Sep2026 20:57:59.324] [main/DEBUG] [mixin/]: Instancing new MixinPlatformAgentMinecraftForge for SecureJarResource(extraquests)
[13Sep2026 20:57:59.324] [main/DEBUG] [mixin/]: MixinPlatformAgentMinecraftForge rejected container SecureJarResource(extraquests)
[13Sep2026 20:57:59.324] [main/DEBUG] [mixin/]: Instancing new MixinPlatformAgentDefault for SecureJarResource(extraquests)
[13Sep2026 20:57:59.324] [main/DEBUG] [mixin/]: MixinPlatformAgentDefault accepted container SecureJarResource(extraquests)
[13Sep2026 20:57:59.324] [main/DEBUG] [mixin/]: Processing prepare() for PlatformAgent[MixinPlatformAgentDefault:SecureJarResource(extraquests)]
[13Sep2026 20:57:59.324] [main/DEBUG] [mixin/]: Registering mixin config: extraquests.mixins.json
[13Sep2026 20:57:59.329] [main/DEBUG] [mixin/]: Adding mixin platform agents for container SecureJarResource(entity_texture_features)
[13Sep2026 20:57:59.329] [main/DEBUG] [mixin/]: Instancing new MixinPlatformAgentMinecraftForge for SecureJarResource(entity_texture_features)
[13Sep2026 20:57:59.329] [main/DEBUG] [mixin/]: MixinPlatformAgentMinecraftForge rejected container SecureJarResource(entity_texture_features)
[13Sep2026 20:57:59.329] [main/DEBUG] [mixin/]: Instancing new MixinPlatformAgentDefault for SecureJarResource(entity_texture_features)
[13Sep2026 20:57:59.330] [main/DEBUG] [mixin/]: MixinPlatformAgentDefault accepted container SecureJarResource(entity_texture_features)
[13Sep2026 20:57:59.330] [main/DEBUG] [mixin/]: Processing prepare() for PlatformAgent[MixinPlatformAgentDefault:SecureJarResource(entity_texture_features)]
[13Sep2026 20:57:59.330] [main/DEBUG] [mixin/]: Registering mixin config: entity_texture_features.mixins.json
[13Sep2026 20:57:59.332] [main/DEBUG] [mixin/]: Compatibility level JAVA_16 specified by entity_texture_features.mixins.json is higher than the maximum level supported by this version of mixin (JAVA_13).
[13Sep2026 20:57:59.332] [main/DEBUG] [mixin/]: Adding mixin platform agents for container SecureJarResource(fabric_game_rule_api_v1)
[13Sep2026 20:57:59.333] [main/DEBUG] [mixin/]: Instancing new MixinPlatformAgentMinecraftForge for SecureJarResource(fabric_game_rule_api_v1)
[13Sep2026 20:57:59.333] [main/DEBUG] [mixin/]: MixinPlatformAgentMinecraftForge rejected container SecureJarResource(fabric_game_rule_api_v1)
[13Sep2026 20:57:59.333] [main/DEBUG] [mixin/]: Instancing new MixinPlatformAgentDefault for SecureJarResource(fabric_game_rule_api_v1)
[13Sep2026 20:57:59.333] [main/DEBUG] [mixin/]: MixinPlatformAgentDefault accepted container SecureJarResource(fabric_game_rule_api_v1)
[13Sep2026 20:57:59.333] [main/DEBUG] [mixin/]: Processing prepare() for PlatformAgent[MixinPlatformAgentDefault:SecureJarResource(fabric_game_rule_api_v1)]
[13Sep2026 20:57:59.333] [main/DEBUG] [mixin/]: Registering mixin config: fabric-game-rule-api-v1.mixins.json
[13Sep2026 20:57:59.335] [main/DEBUG] [mixin/]: Compatibility level JAVA_16 specified by fabric-game-rule-api-v1.mixins.json is higher than the maximum level supported by this version of mixin (JAVA_13).
[13Sep2026 20:57:59.336] [main/DEBUG] [mixin/]: Registering mixin config: fabric-game-rule-api-v1.client.mixins.json
[13Sep2026 20:57:59.338] [main/DEBUG] [mixin/]: Compatibility level JAVA_16 specified by fabric-game-rule-api-v1.client.mixins.json is higher than the maximum level supported by this version of mixin (JAVA_13).
[13Sep2026 20:57:59.338] [main/DEBUG] [mixin/]: Adding mixin platform agents for container SecureJarResource(ambientsounds)
[13Sep2026 20:57:59.338] [main/DEBUG] [mixin/]: Instancing new MixinPlatformAgentMinecraftForge for SecureJarResource(ambientsounds)
[13Sep2026 20:57:59.338] [main/DEBUG] [mixin/]: MixinPlatformAgentMinecraftForge rejected container SecureJarResource(ambientsounds)
[13Sep2026 20:57:59.338] [main/DEBUG] [mixin/]: Instancing new MixinPlatformAgentDefault for SecureJarResource(ambientsounds)
[13Sep2026 20:57:59.338] [main/DEBUG] [mixin/]: MixinPlatformAgentDefault accepted container SecureJarResource(ambientsounds)
[13Sep2026 20:57:59.338] [main/DEBUG] [mixin/]: Processing prepare() for PlatformAgent[MixinPlatformAgentDefault:SecureJarResource(ambientsounds)]
[13Sep2026 20:57:59.338] [main/DEBUG] [mixin/]: Registering mixin config: ambientsounds.mixins.json
[13Sep2026 20:57:59.340] [main/DEBUG] [mixin/]: Adding mixin platform agents for container SecureJarResource(fabric_api_lookup_api_v1)
[13Sep2026 20:57:59.340] [main/DEBUG] [mixin/]: Instancing new MixinPlatformAgentMinecraftForge for SecureJarResource(fabric_api_lookup_api_v1)
[13Sep2026 20:57:59.340] [main/DEBUG] [mixin/]: MixinPlatformAgentMinecraftForge rejected container SecureJarResource(fabric_api_lookup_api_v1)
[13Sep2026 20:57:59.340] [main/DEBUG] [mixin/]: Instancing new MixinPlatformAgentDefault for SecureJarResource(fabric_api_lookup_api_v1)
[13Sep2026 20:57:59.340] [main/DEBUG] [mixin/]: MixinPlatformAgentDefault accepted container SecureJarResource(fabric_api_lookup_api_v1)
[13Sep2026 20:57:59.340] [main/DEBUG] [mixin/]: Processing prepare() for PlatformAgent[MixinPlatformAgentDefault:SecureJarResource(fabric_api_lookup_api_v1)]
[13Sep2026 20:57:59.341] [main/DEBUG] [mixin/]: Registering mixin config: fabric-api-lookup-api-v1.mixins.json
[13Sep2026 20:57:59.344] [main/DEBUG] [mixin/]: Compatibility level JAVA_16 specified by fabric-api-lookup-api-v1.mixins.json is higher than the maximum level supported by this version of mixin (JAVA_13).
[13Sep2026 20:57:59.344] [main/DEBUG] [mixin/]: Adding mixin platform agents for container SecureJarResource(chunky)
[13Sep2026 20:57:59.344] [main/DEBUG] [mixin/]: Instancing new MixinPlatformAgentMinecraftForge for SecureJarResource(chunky)
[13Sep2026 20:57:59.344] [main/DEBUG] [mixin/]: MixinPlatformAgentMinecraftForge rejected container SecureJarResource(chunky)
[13Sep2026 20:57:59.344] [main/DEBUG] [mixin/]: Instancing new MixinPlatformAgentDefault for SecureJarResource(chunky)
[13Sep2026 20:57:59.344] [main/DEBUG] [mixin/]: MixinPlatformAgentDefault accepted container SecureJarResource(chunky)
[13Sep2026 20:57:59.345] [main/DEBUG] [mixin/]: Processing prepare() for PlatformAgent[MixinPlatformAgentDefault:SecureJarResource(chunky)]
[13Sep2026 20:57:59.345] [main/DEBUG] [mixin/]: Adding mixin platform agents for container SecureJarResource(jjcnbtfix)
[13Sep2026 20:57:59.345] [main/DEBUG] [mixin/]: Instancing new MixinPlatformAgentMinecraftForge for SecureJarResource(jjcnbtfix)
[13Sep2026 20:57:59.345] [main/DEBUG] [mixin/]: MixinPlatformAgentMinecraftForge rejected container SecureJarResource(jjcnbtfix)
[13Sep2026 20:57:59.345] [main/DEBUG] [mixin/]: Instancing new MixinPlatformAgentDefault for SecureJarResource(jjcnbtfix)
[13Sep2026 20:57:59.345] [main/DEBUG] [mixin/]: MixinPlatformAgentDefault accepted container SecureJarResource(jjcnbtfix)
[13Sep2026 20:57:59.345] [main/DEBUG] [mixin/]: Processing prepare() for PlatformAgent[MixinPlatformAgentDefault:SecureJarResource(jjcnbtfix)]
[13Sep2026 20:57:59.345] [main/DEBUG] [mixin/]: Registering mixin config: jjcnbtfix.mixins.json
[13Sep2026 20:57:59.350] [main/DEBUG] [mixin/]: Adding mixin platform agents for container SecureJarResource(bobby)
[13Sep2026 20:57:59.350] [main/DEBUG] [mixin/]: Instancing new MixinPlatformAgentMinecraftForge for SecureJarResource(bobby)
[13Sep2026 20:57:59.351] [main/DEBUG] [mixin/]: MixinPlatformAgentMinecraftForge rejected container SecureJarResource(bobby)
[13Sep2026 20:57:59.351] [main/DEBUG] [mixin/]: Instancing new MixinPlatformAgentDefault for SecureJarResource(bobby)
[13Sep2026 20:57:59.351] [main/DEBUG] [mixin/]: MixinPlatformAgentDefault accepted container SecureJarResource(bobby)
[13Sep2026 20:57:59.351] [main/DEBUG] [mixin/]: Processing prepare() for PlatformAgent[MixinPlatformAgentDefault:SecureJarResource(bobby)]
[13Sep2026 20:57:59.351] [main/DEBUG] [mixin/]: Registering mixin config: bobby.mixins.json
[13Sep2026 20:57:59.352] [main/DEBUG] [mixin/]: Compatibility level JAVA_16 specified by bobby.mixins.json is higher than the maximum level supported by this version of mixin (JAVA_13).
[13Sep2026 20:57:59.353] [main/DEBUG] [mixin/]: Adding mixin platform agents for container SecureJarResource(spark)
[13Sep2026 20:57:59.353] [main/DEBUG] [mixin/]: Instancing new MixinPlatformAgentMinecraftForge for SecureJarResource(spark)
[13Sep2026 20:57:59.353] [main/DEBUG] [mixin/]: MixinPlatformAgentMinecraftForge rejected container SecureJarResource(spark)
[13Sep2026 20:57:59.353] [main/DEBUG] [mixin/]: Instancing new MixinPlatformAgentDefault for SecureJarResource(spark)
[13Sep2026 20:57:59.353] [main/DEBUG] [mixin/]: MixinPlatformAgentDefault accepted container SecureJarResource(spark)
[13Sep2026 20:57:59.353] [main/DEBUG] [mixin/]: Processing prepare() for PlatformAgent[MixinPlatformAgentDefault:SecureJarResource(spark)]
[13Sep2026 20:57:59.353] [main/DEBUG] [mixin/]: Adding mixin platform agents for container SecureJarResource(curios)
[13Sep2026 20:57:59.353] [main/DEBUG] [mixin/]: Instancing new MixinPlatformAgentMinecraftForge for SecureJarResource(curios)
[13Sep2026 20:57:59.353] [main/DEBUG] [mixin/]: MixinPlatformAgentMinecraftForge rejected container SecureJarResource(curios)
[13Sep2026 20:57:59.353] [main/DEBUG] [mixin/]: Instancing new MixinPlatformAgentDefault for SecureJarResource(curios)
[13Sep2026 20:57:59.357] [main/DEBUG] [mixin/]: MixinPlatformAgentDefault accepted container SecureJarResource(curios)
[13Sep2026 20:57:59.357] [main/DEBUG] [mixin/]: Processing prepare() for PlatformAgent[MixinPlatformAgentDefault:SecureJarResource(curios)]
[13Sep2026 20:57:59.357] [main/DEBUG] [mixin/]: Registering mixin config: curios.mixins.json
[13Sep2026 20:57:59.359] [main/DEBUG] [mixin/]: Adding mixin platform agents for container SecureJarResource(patchouli)
[13Sep2026 20:57:59.359] [main/DEBUG] [mixin/]: Instancing new MixinPlatformAgentMinecraftForge for SecureJarResource(patchouli)
[13Sep2026 20:57:59.359] [main/DEBUG] [mixin/]: MixinPlatformAgentMinecraftForge rejected container SecureJarResource(patchouli)
[13Sep2026 20:57:59.359] [main/DEBUG] [mixin/]: Instancing new MixinPlatformAgentDefault for SecureJarResource(patchouli)
[13Sep2026 20:57:59.359] [main/DEBUG] [mixin/]: MixinPlatformAgentDefault accepted container SecureJarResource(patchouli)
[13Sep2026 20:57:59.362] [main/DEBUG] [mixin/]: Processing prepare() for PlatformAgent[MixinPlatformAgentDefault:SecureJarResource(patchouli)]
[13Sep2026 20:57:59.362] [main/DEBUG] [mixin/]: Registering mixin config: patchouli_xplat.mixins.json
[13Sep2026 20:57:59.364] [main/DEBUG] [mixin/]: Adding mixin platform agents for container SecureJarResource(extralib)
[13Sep2026 20:57:59.367] [main/DEBUG] [mixin/]: Instancing new MixinPlatformAgentMinecraftForge for SecureJarResource(extralib)
[13Sep2026 20:57:59.367] [main/DEBUG] [mixin/]: MixinPlatformAgentMinecraftForge rejected container SecureJarResource(extralib)
[13Sep2026 20:57:59.367] [main/DEBUG] [mixin/]: Instancing new MixinPlatformAgentDefault for SecureJarResource(extralib)
[13Sep2026 20:57:59.367] [main/DEBUG] [mixin/]: MixinPlatformAgentDefault accepted container SecureJarResource(extralib)
[13Sep2026 20:57:59.367] [main/DEBUG] [mixin/]: Processing prepare() for PlatformAgent[MixinPlatformAgentDefault:SecureJarResource(extralib)]
[13Sep2026 20:57:59.367] [main/DEBUG] [mixin/]: Adding mixin platform agents for container SecureJarResource(searchables)
[13Sep2026 20:57:59.367] [main/DEBUG] [mixin/]: Instancing new MixinPlatformAgentMinecraftForge for SecureJarResource(searchables)
[13Sep2026 20:57:59.367] [main/DEBUG] [mixin/]: MixinPlatformAgentMinecraftForge rejected container SecureJarResource(searchables)
[13Sep2026 20:57:59.367] [main/DEBUG] [mixin/]: Instancing new MixinPlatformAgentDefault for SecureJarResource(searchables)
[13Sep2026 20:57:59.367] [main/DEBUG] [mixin/]: MixinPlatformAgentDefault accepted container SecureJarResource(searchables)
[13Sep2026 20:57:59.367] [main/DEBUG] [mixin/]: Processing prepare() for PlatformAgent[MixinPlatformAgentDefault:SecureJarResource(searchables)]
[13Sep2026 20:57:59.367] [main/DEBUG] [mixin/]: Registering mixin config: searchables.mixins.json
[13Sep2026 20:57:59.370] [main/DEBUG] [mixin/]: Registering mixin config: searchables.forge.mixins.json
[13Sep2026 20:57:59.372] [main/DEBUG] [mixin/]: Adding mixin platform agents for container SecureJarResource(fabric_entity_events_v1)
[13Sep2026 20:57:59.372] [main/DEBUG] [mixin/]: Instancing new MixinPlatformAgentMinecraftForge for SecureJarResource(fabric_entity_events_v1)
[13Sep2026 20:57:59.372] [main/DEBUG] [mixin/]: MixinPlatformAgentMinecraftForge rejected container SecureJarResource(fabric_entity_events_v1)
[13Sep2026 20:57:59.372] [main/DEBUG] [mixin/]: Instancing new MixinPlatformAgentDefault for SecureJarResource(fabric_entity_events_v1)
[13Sep2026 20:57:59.372] [main/DEBUG] [mixin/]: MixinPlatformAgentDefault accepted container SecureJarResource(fabric_entity_events_v1)
[13Sep2026 20:57:59.372] [main/DEBUG] [mixin/]: Processing prepare() for PlatformAgent[MixinPlatformAgentDefault:SecureJarResource(fabric_entity_events_v1)]
[13Sep2026 20:57:59.372] [main/DEBUG] [mixin/]: Registering mixin config: fabric-entity-events-v1.mixins.json
[13Sep2026 20:57:59.374] [main/DEBUG] [mixin/]: Compatibility level JAVA_16 specified by fabric-entity-events-v1.mixins.json is higher than the maximum level supported by this version of mixin (JAVA_13).
[13Sep2026 20:57:59.374] [main/DEBUG] [mixin/]: Registering mixin config: fabric-entity-events-v1.client.mixins.json
[13Sep2026 20:57:59.376] [main/DEBUG] [mixin/]: Compatibility level JAVA_16 specified by fabric-entity-events-v1.client.mixins.json is higher than the maximum level supported by this version of mixin (JAVA_13).
[13Sep2026 20:57:59.376] [main/DEBUG] [mixin/]: Adding mixin platform agents for container SecureJarResource(worldedit)
[13Sep2026 20:57:59.376] [main/DEBUG] [mixin/]: Instancing new MixinPlatformAgentMinecraftForge for SecureJarResource(worldedit)
[13Sep2026 20:57:59.376] [main/DEBUG] [mixin/]: MixinPlatformAgentMinecraftForge rejected container SecureJarResource(worldedit)
[13Sep2026 20:57:59.376] [main/DEBUG] [mixin/]: Instancing new MixinPlatformAgentDefault for SecureJarResource(worldedit)
[13Sep2026 20:57:59.376] [main/DEBUG] [mixin/]: MixinPlatformAgentDefault accepted container SecureJarResource(worldedit)
[13Sep2026 20:57:59.376] [main/DEBUG] [mixin/]: Processing prepare() for PlatformAgent[MixinPlatformAgentDefault:SecureJarResource(worldedit)]
[13Sep2026 20:57:59.376] [main/DEBUG] [mixin/]: Adding mixin platform agents for container SecureJarResource(architectury)
[13Sep2026 20:57:59.376] [main/DEBUG] [mixin/]: Instancing new MixinPlatformAgentMinecraftForge for SecureJarResource(architectury)
[13Sep2026 20:57:59.376] [main/DEBUG] [mixin/]: MixinPlatformAgentMinecraftForge rejected container SecureJarResource(architectury)
[13Sep2026 20:57:59.376] [main/DEBUG] [mixin/]: Instancing new MixinPlatformAgentDefault for SecureJarResource(architectury)
[13Sep2026 20:57:59.376] [main/DEBUG] [mixin/]: MixinPlatformAgentDefault accepted container SecureJarResource(architectury)
[13Sep2026 20:57:59.376] [main/DEBUG] [mixin/]: Processing prepare() for PlatformAgent[MixinPlatformAgentDefault:SecureJarResource(architectury)]
[13Sep2026 20:57:59.376] [main/DEBUG] [mixin/]: Registering mixin config: architectury.mixins.json
[13Sep2026 20:57:59.378] [main/DEBUG] [mixin/]: Compatibility level JAVA_16 specified by architectury.mixins.json is higher than the maximum level supported by this version of mixin (JAVA_13).
[13Sep2026 20:57:59.378] [main/DEBUG] [mixin/]: Registering mixin config: architectury-common.mixins.json
[13Sep2026 20:57:59.380] [main/DEBUG] [mixin/]: Compatibility level JAVA_16 specified by architectury-common.mixins.json is higher than the maximum level supported by this version of mixin (JAVA_13).
[13Sep2026 20:57:59.380] [main/DEBUG] [mixin/]: Adding mixin platform agents for container SecureJarResource(nerb)
[13Sep2026 20:57:59.380] [main/DEBUG] [mixin/]: Instancing new MixinPlatformAgentMinecraftForge for SecureJarResource(nerb)
[13Sep2026 20:57:59.380] [main/DEBUG] [mixin/]: MixinPlatformAgentMinecraftForge rejected container SecureJarResource(nerb)
[13Sep2026 20:57:59.380] [main/DEBUG] [mixin/]: Instancing new MixinPlatformAgentDefault for SecureJarResource(nerb)
[13Sep2026 20:57:59.381] [main/DEBUG] [mixin/]: MixinPlatformAgentDefault accepted container SecureJarResource(nerb)
[13Sep2026 20:57:59.381] [main/DEBUG] [mixin/]: Processing prepare() for PlatformAgent[MixinPlatformAgentDefault:SecureJarResource(nerb)]
[13Sep2026 20:57:59.381] [main/DEBUG] [mixin/]: Registering mixin config: nerb-common.mixins.json
[13Sep2026 20:57:59.382] [main/DEBUG] [mixin/]: Adding mixin platform agents for container SecureJarResource(aiimprovements)
[13Sep2026 20:57:59.383] [main/DEBUG] [mixin/]: Instancing new MixinPlatformAgentMinecraftForge for SecureJarResource(aiimprovements)
[13Sep2026 20:57:59.383] [main/DEBUG] [mixin/]: MixinPlatformAgentMinecraftForge rejected container SecureJarResource(aiimprovements)
[13Sep2026 20:57:59.383] [main/DEBUG] [mixin/]: Instancing new MixinPlatformAgentDefault for SecureJarResource(aiimprovements)
[13Sep2026 20:57:59.383] [main/DEBUG] [mixin/]: MixinPlatformAgentDefault accepted container SecureJarResource(aiimprovements)
[13Sep2026 20:57:59.383] [main/DEBUG] [mixin/]: Processing prepare() for PlatformAgent[MixinPlatformAgentDefault:SecureJarResource(aiimprovements)]
[13Sep2026 20:57:59.383] [main/DEBUG] [mixin/]: Adding mixin platform agents for container SecureJarResource(fabric_loot_api_v2)
[13Sep2026 20:57:59.383] [main/DEBUG] [mixin/]: Instancing new MixinPlatformAgentMinecraftForge for SecureJarResource(fabric_loot_api_v2)
[13Sep2026 20:57:59.383] [main/DEBUG] [mixin/]: MixinPlatformAgentMinecraftForge rejected container SecureJarResource(fabric_loot_api_v2)
[13Sep2026 20:57:59.383] [main/DEBUG] [mixin/]: Instancing new MixinPlatformAgentDefault for SecureJarResource(fabric_loot_api_v2)
[13Sep2026 20:57:59.383] [main/DEBUG] [mixin/]: MixinPlatformAgentDefault accepted container SecureJarResource(fabric_loot_api_v2)
[13Sep2026 20:57:59.383] [main/DEBUG] [mixin/]: Processing prepare() for PlatformAgent[MixinPlatformAgentDefault:SecureJarResource(fabric_loot_api_v2)]
[13Sep2026 20:57:59.383] [main/DEBUG] [mixin/]: Registering mixin config: fabric-loot-api-v2.mixins.json
[13Sep2026 20:57:59.385] [main/DEBUG] [mixin/]: Compatibility level JAVA_8 specified by fabric-loot-api-v2.mixins.json is lower than the default level supported by the current mixin service (JAVA_16).
[13Sep2026 20:57:59.385] [main/DEBUG] [mixin/]: Adding mixin platform agents for container SecureJarResource(cupboard)
[13Sep2026 20:57:59.385] [main/DEBUG] [mixin/]: Instancing new MixinPlatformAgentMinecraftForge for SecureJarResource(cupboard)
[13Sep2026 20:57:59.385] [main/DEBUG] [mixin/]: MixinPlatformAgentMinecraftForge rejected container SecureJarResource(cupboard)
[13Sep2026 20:57:59.385] [main/DEBUG] [mixin/]: Instancing new MixinPlatformAgentDefault for SecureJarResource(cupboard)
[13Sep2026 20:57:59.385] [main/DEBUG] [mixin/]: MixinPlatformAgentDefault accepted container SecureJarResource(cupboard)
[13Sep2026 20:57:59.385] [main/DEBUG] [mixin/]: Processing prepare() for PlatformAgent[MixinPlatformAgentDefault:SecureJarResource(cupboard)]
[13Sep2026 20:57:59.385] [main/DEBUG] [mixin/]: Registering mixin config: cupboard.mixins.json
[13Sep2026 20:57:59.387] [main/DEBUG] [mixin/]: Adding mixin platform agents for container SecureJarResource(transition)
[13Sep2026 20:57:59.387] [main/DEBUG] [mixin/]: Instancing new MixinPlatformAgentMinecraftForge for SecureJarResource(transition)
[13Sep2026 20:57:59.387] [main/DEBUG] [mixin/]: MixinPlatformAgentMinecraftForge rejected container SecureJarResource(transition)
[13Sep2026 20:57:59.387] [main/DEBUG] [mixin/]: Instancing new MixinPlatformAgentDefault for SecureJarResource(transition)
[13Sep2026 20:57:59.387] [main/DEBUG] [mixin/]: MixinPlatformAgentDefault accepted container SecureJarResource(transition)
[13Sep2026 20:57:59.387] [main/DEBUG] [mixin/]: Processing prepare() for PlatformAgent[MixinPlatformAgentDefault:SecureJarResource(transition)]
[13Sep2026 20:57:59.387] [main/DEBUG] [mixin/]: Registering mixin config: transition.mixins.json
[13Sep2026 20:57:59.389] [main/DEBUG] [mixin/]: Adding mixin platform agents for container SecureJarResource(fabric_rendering_data_attachment_v1)
[13Sep2026 20:57:59.389] [main/DEBUG] [mixin/]: Instancing new MixinPlatformAgentMinecraftForge for SecureJarResource(fabric_rendering_data_attachment_v1)
[13Sep2026 20:57:59.389] [main/DEBUG] [mixin/]: MixinPlatformAgentMinecraftForge rejected container SecureJarResource(fabric_rendering_data_attachment_v1)
[13Sep2026 20:57:59.389] [main/DEBUG] [mixin/]: Instancing new MixinPlatformAgentDefault for SecureJarResource(fabric_rendering_data_attachment_v1)
[13Sep2026 20:57:59.389] [main/DEBUG] [mixin/]: MixinPlatformAgentDefault accepted container SecureJarResource(fabric_rendering_data_attachment_v1)
[13Sep2026 20:57:59.389] [main/DEBUG] [mixin/]: Processing prepare() for PlatformAgent[MixinPlatformAgentDefault:SecureJarResource(fabric_rendering_data_attachment_v1)]
[13Sep2026 20:57:59.390] [main/DEBUG] [mixin/]: Registering mixin config: fabric-rendering-data-attachment-v1.mixins.json
[13Sep2026 20:57:59.392] [main/DEBUG] [mixin/]: Registering mixin config: fabric-rendering-data-attachment-v1.client.mixins.json
[13Sep2026 20:57:59.394] [main/DEBUG] [mixin/]: Adding mixin platform agents for container SecureJarResource(fabric_networking_api_v1)
[13Sep2026 20:57:59.394] [main/DEBUG] [mixin/]: Instancing new MixinPlatformAgentMinecraftForge for SecureJarResource(fabric_networking_api_v1)
[13Sep2026 20:57:59.394] [main/DEBUG] [mixin/]: MixinPlatformAgentMinecraftForge rejected container SecureJarResource(fabric_networking_api_v1)
[13Sep2026 20:57:59.394] [main/DEBUG] [mixin/]: Instancing new MixinPlatformAgentDefault for SecureJarResource(fabric_networking_api_v1)
[13Sep2026 20:57:59.394] [main/DEBUG] [mixin/]: MixinPlatformAgentDefault accepted container SecureJarResource(fabric_networking_api_v1)
[13Sep2026 20:57:59.394] [main/DEBUG] [mixin/]: Processing prepare() for PlatformAgent[MixinPlatformAgentDefault:SecureJarResource(fabric_networking_api_v1)]
[13Sep2026 20:57:59.394] [main/DEBUG] [mixin/]: Registering mixin config: fabric-networking-api-v1.mixins.json
[13Sep2026 20:57:59.396] [main/DEBUG] [mixin/]: Compatibility level JAVA_16 specified by fabric-networking-api-v1.mixins.json is higher than the maximum level supported by this version of mixin (JAVA_13).
[13Sep2026 20:57:59.396] [main/DEBUG] [mixin/]: Registering mixin config: fabric-networking-api-v1.client.mixins.json
[13Sep2026 20:57:59.398] [main/DEBUG] [mixin/]: Compatibility level JAVA_16 specified by fabric-networking-api-v1.client.mixins.json is higher than the maximum level supported by this version of mixin (JAVA_13).
[13Sep2026 20:57:59.398] [main/DEBUG] [mixin/]: Adding mixin platform agents for container SecureJarResource(hugestructureblocks)
[13Sep2026 20:57:59.398] [main/DEBUG] [mixin/]: Instancing new MixinPlatformAgentMinecraftForge for SecureJarResource(hugestructureblocks)
[13Sep2026 20:57:59.398] [main/DEBUG] [mixin/]: MixinPlatformAgentMinecraftForge rejected container SecureJarResource(hugestructureblocks)
[13Sep2026 20:57:59.398] [main/DEBUG] [mixin/]: Instancing new MixinPlatformAgentDefault for SecureJarResource(hugestructureblocks)
[13Sep2026 20:57:59.398] [main/DEBUG] [mixin/]: MixinPlatformAgentDefault accepted container SecureJarResource(hugestructureblocks)
[13Sep2026 20:57:59.399] [main/DEBUG] [mixin/]: Processing prepare() for PlatformAgent[MixinPlatformAgentDefault:SecureJarResource(hugestructureblocks)]
[13Sep2026 20:57:59.399] [main/DEBUG] [mixin/]: Registering mixin config: hugestructureblocks.mixins.json
[13Sep2026 20:57:59.400] [main/DEBUG] [mixin/]: Adding mixin platform agents for container SecureJarResource(bindingvow)
[13Sep2026 20:57:59.401] [main/DEBUG] [mixin/]: Instancing new MixinPlatformAgentMinecraftForge for SecureJarResource(bindingvow)
[13Sep2026 20:57:59.401] [main/DEBUG] [mixin/]: MixinPlatformAgentMinecraftForge rejected container SecureJarResource(bindingvow)
[13Sep2026 20:57:59.401] [main/DEBUG] [mixin/]: Instancing new MixinPlatformAgentDefault for SecureJarResource(bindingvow)
[13Sep2026 20:57:59.401] [main/DEBUG] [mixin/]: MixinPlatformAgentDefault accepted container SecureJarResource(bindingvow)
[13Sep2026 20:57:59.401] [main/DEBUG] [mixin/]: Processing prepare() for PlatformAgent[MixinPlatformAgentDefault:SecureJarResource(bindingvow)]
[13Sep2026 20:57:59.401] [main/DEBUG] [mixin/]: Adding mixin platform agents for container SecureJarResource(fabric_lifecycle_events_v1)
[13Sep2026 20:57:59.401] [main/DEBUG] [mixin/]: Instancing new MixinPlatformAgentMinecraftForge for SecureJarResource(fabric_lifecycle_events_v1)
[13Sep2026 20:57:59.401] [main/DEBUG] [mixin/]: MixinPlatformAgentMinecraftForge rejected container SecureJarResource(fabric_lifecycle_events_v1)
[13Sep2026 20:57:59.401] [main/DEBUG] [mixin/]: Instancing new MixinPlatformAgentDefault for SecureJarResource(fabric_lifecycle_events_v1)
[13Sep2026 20:57:59.401] [main/DEBUG] [mixin/]: MixinPlatformAgentDefault accepted container SecureJarResource(fabric_lifecycle_events_v1)
[13Sep2026 20:57:59.401] [main/DEBUG] [mixin/]: Processing prepare() for PlatformAgent[MixinPlatformAgentDefault:SecureJarResource(fabric_lifecycle_events_v1)]
[13Sep2026 20:57:59.401] [main/DEBUG] [mixin/]: Registering mixin config: fabric-lifecycle-events-v1.mixins.json
[13Sep2026 20:57:59.405] [main/DEBUG] [mixin/]: Registering mixin config: fabric-lifecycle-events-v1.client.mixins.json
[13Sep2026 20:57:59.407] [main/DEBUG] [mixin/]: Compatibility level JAVA_16 specified by fabric-lifecycle-events-v1.client.mixins.json is higher than the maximum level supported by this version of mixin (JAVA_13).
[13Sep2026 20:57:59.408] [main/DEBUG] [mixin/]: Adding mixin platform agents for container SecureJarResource(quickskin)
[13Sep2026 20:57:59.408] [main/DEBUG] [mixin/]: Instancing new MixinPlatformAgentMinecraftForge for SecureJarResource(quickskin)
[13Sep2026 20:57:59.408] [main/DEBUG] [mixin/]: MixinPlatformAgentMinecraftForge rejected container SecureJarResource(quickskin)
[13Sep2026 20:57:59.408] [main/DEBUG] [mixin/]: Instancing new MixinPlatformAgentDefault for SecureJarResource(quickskin)
[13Sep2026 20:57:59.408] [main/DEBUG] [mixin/]: MixinPlatformAgentDefault accepted container SecureJarResource(quickskin)
[13Sep2026 20:57:59.408] [main/DEBUG] [mixin/]: Processing prepare() for PlatformAgent[MixinPlatformAgentDefault:SecureJarResource(quickskin)]
[13Sep2026 20:57:59.408] [main/DEBUG] [mixin/]: Registering mixin config: quickskin.mixins.json
[13Sep2026 20:57:59.412] [main/DEBUG] [mixin/]: Registering mixin config: quickskin-ears.mixins.json
[13Sep2026 20:57:59.414] [main/DEBUG] [mixin/]: Adding mixin platform agents for container SecureJarResource(fabric_key_binding_api_v1)
[13Sep2026 20:57:59.414] [main/DEBUG] [mixin/]: Instancing new MixinPlatformAgentMinecraftForge for SecureJarResource(fabric_key_binding_api_v1)
[13Sep2026 20:57:59.414] [main/DEBUG] [mixin/]: MixinPlatformAgentMinecraftForge rejected container SecureJarResource(fabric_key_binding_api_v1)
[13Sep2026 20:57:59.414] [main/DEBUG] [mixin/]: Instancing new MixinPlatformAgentDefault for SecureJarResource(fabric_key_binding_api_v1)
[13Sep2026 20:57:59.414] [main/DEBUG] [mixin/]: MixinPlatformAgentDefault accepted container SecureJarResource(fabric_key_binding_api_v1)
[13Sep2026 20:57:59.415] [main/DEBUG] [mixin/]: Processing prepare() for PlatformAgent[MixinPlatformAgentDefault:SecureJarResource(fabric_key_binding_api_v1)]
[13Sep2026 20:57:59.415] [main/DEBUG] [mixin/]: Registering mixin config: fabric-key-binding-api-v1.mixins.json
[13Sep2026 20:57:59.416] [main/DEBUG] [mixin/]: Compatibility level JAVA_16 specified by fabric-key-binding-api-v1.mixins.json is higher than the maximum level supported by this version of mixin (JAVA_13).
[13Sep2026 20:57:59.416] [main/DEBUG] [mixin/]: Adding mixin platform agents for container SecureJarResource(betteradvancements)
[13Sep2026 20:57:59.417] [main/DEBUG] [mixin/]: Instancing new MixinPlatformAgentMinecraftForge for SecureJarResource(betteradvancements)
[13Sep2026 20:57:59.417] [main/DEBUG] [mixin/]: MixinPlatformAgentMinecraftForge rejected container SecureJarResource(betteradvancements)
[13Sep2026 20:57:59.417] [main/DEBUG] [mixin/]: Instancing new MixinPlatformAgentDefault for SecureJarResource(betteradvancements)
[13Sep2026 20:57:59.417] [main/DEBUG] [mixin/]: MixinPlatformAgentDefault accepted container SecureJarResource(betteradvancements)
[13Sep2026 20:57:59.417] [main/DEBUG] [mixin/]: Processing prepare() for PlatformAgent[MixinPlatformAgentDefault:SecureJarResource(betteradvancements)]
[13Sep2026 20:57:59.417] [main/DEBUG] [mixin/]: Adding mixin platform agents for container SecureJarResource(fabric_client_tags_api_v1)
[13Sep2026 20:57:59.417] [main/DEBUG] [mixin/]: Instancing new MixinPlatformAgentMinecraftForge for SecureJarResource(fabric_client_tags_api_v1)
[13Sep2026 20:57:59.417] [main/DEBUG] [mixin/]: MixinPlatformAgentMinecraftForge rejected container SecureJarResource(fabric_client_tags_api_v1)
[13Sep2026 20:57:59.417] [main/DEBUG] [mixin/]: Instancing new MixinPlatformAgentDefault for SecureJarResource(fabric_client_tags_api_v1)
[13Sep2026 20:57:59.417] [main/DEBUG] [mixin/]: MixinPlatformAgentDefault accepted container SecureJarResource(fabric_client_tags_api_v1)
[13Sep2026 20:57:59.417] [main/DEBUG] [mixin/]: Processing prepare() for PlatformAgent[MixinPlatformAgentDefault:SecureJarResource(fabric_client_tags_api_v1)]
[13Sep2026 20:57:59.417] [main/DEBUG] [mixin/]: Adding mixin platform agents for container SecureJarResource(almirioncore)
[13Sep2026 20:57:59.417] [main/DEBUG] [mixin/]: Instancing new MixinPlatformAgentMinecraftForge for SecureJarResource(almirioncore)
[13Sep2026 20:57:59.417] [main/DEBUG] [mixin/]: MixinPlatformAgentMinecraftForge rejected container SecureJarResource(almirioncore)
[13Sep2026 20:57:59.417] [main/DEBUG] [mixin/]: Instancing new MixinPlatformAgentDefault for SecureJarResource(almirioncore)
[13Sep2026 20:57:59.417] [main/DEBUG] [mixin/]: MixinPlatformAgentDefault accepted container SecureJarResource(almirioncore)
[13Sep2026 20:57:59.417] [main/DEBUG] [mixin/]: Processing prepare() for PlatformAgent[MixinPlatformAgentDefault:SecureJarResource(almirioncore)]
[13Sep2026 20:57:59.417] [main/DEBUG] [mixin/]: Adding mixin platform agents for container SecureJarResource(fabric_transfer_api_v1)
[13Sep2026 20:57:59.417] [main/DEBUG] [mixin/]: Instancing new MixinPlatformAgentMinecraftForge for SecureJarResource(fabric_transfer_api_v1)
[13Sep2026 20:57:59.417] [main/DEBUG] [mixin/]: MixinPlatformAgentMinecraftForge rejected container SecureJarResource(fabric_transfer_api_v1)
[13Sep2026 20:57:59.417] [main/DEBUG] [mixin/]: Instancing new MixinPlatformAgentDefault for SecureJarResource(fabric_transfer_api_v1)
[13Sep2026 20:57:59.417] [main/DEBUG] [mixin/]: MixinPlatformAgentDefault accepted container SecureJarResource(fabric_transfer_api_v1)
[13Sep2026 20:57:59.417] [main/DEBUG] [mixin/]: Processing prepare() for PlatformAgent[MixinPlatformAgentDefault:SecureJarResource(fabric_transfer_api_v1)]
[13Sep2026 20:57:59.417] [main/DEBUG] [mixin/]: Registering mixin config: fabric-transfer-api-v1.mixins.json
[13Sep2026 20:57:59.419] [main/DEBUG] [mixin/]: Compatibility level JAVA_16 specified by fabric-transfer-api-v1.mixins.json is higher than the maximum level supported by this version of mixin (JAVA_13).
[13Sep2026 20:57:59.419] [main/DEBUG] [mixin/]: Adding mixin platform agents for container SecureJarResource(fabric_dimensions_v1)
[13Sep2026 20:57:59.419] [main/DEBUG] [mixin/]: Instancing new MixinPlatformAgentMinecraftForge for SecureJarResource(fabric_dimensions_v1)
[13Sep2026 20:57:59.419] [main/DEBUG] [mixin/]: MixinPlatformAgentMinecraftForge rejected container SecureJarResource(fabric_dimensions_v1)
[13Sep2026 20:57:59.419] [main/DEBUG] [mixin/]: Instancing new MixinPlatformAgentDefault for SecureJarResource(fabric_dimensions_v1)
[13Sep2026 20:57:59.420] [main/DEBUG] [mixin/]: MixinPlatformAgentDefault accepted container SecureJarResource(fabric_dimensions_v1)
[13Sep2026 20:57:59.420] [main/DEBUG] [mixin/]: Processing prepare() for PlatformAgent[MixinPlatformAgentDefault:SecureJarResource(fabric_dimensions_v1)]
[13Sep2026 20:57:59.420] [main/DEBUG] [mixin/]: Adding mixin platform agents for container SecureJarResource(rhino)
[13Sep2026 20:57:59.420] [main/DEBUG] [mixin/]: Instancing new MixinPlatformAgentMinecraftForge for SecureJarResource(rhino)
[13Sep2026 20:57:59.420] [main/DEBUG] [mixin/]: MixinPlatformAgentMinecraftForge rejected container SecureJarResource(rhino)
[13Sep2026 20:57:59.420] [main/DEBUG] [mixin/]: Instancing new MixinPlatformAgentDefault for SecureJarResource(rhino)
[13Sep2026 20:57:59.420] [main/DEBUG] [mixin/]: MixinPlatformAgentDefault accepted container SecureJarResource(rhino)
[13Sep2026 20:57:59.420] [main/DEBUG] [mixin/]: Processing prepare() for PlatformAgent[MixinPlatformAgentDefault:SecureJarResource(rhino)]
[13Sep2026 20:57:59.420] [main/DEBUG] [mixin/]: Registering mixin config: rhino-common.mixins.json
[13Sep2026 20:57:59.422] [main/DEBUG] [mixin/]: Adding mixin platform agents for container SecureJarResource(retrodamageindicators)
[13Sep2026 20:57:59.422] [main/DEBUG] [mixin/]: Instancing new MixinPlatformAgentMinecraftForge for SecureJarResource(retrodamageindicators)
[13Sep2026 20:57:59.422] [main/DEBUG] [mixin/]: MixinPlatformAgentMinecraftForge rejected container SecureJarResource(retrodamageindicators)
[13Sep2026 20:57:59.422] [main/DEBUG] [mixin/]: Instancing new MixinPlatformAgentDefault for SecureJarResource(retrodamageindicators)
[13Sep2026 20:57:59.422] [main/DEBUG] [mixin/]: MixinPlatformAgentDefault accepted container SecureJarResource(retrodamageindicators)
[13Sep2026 20:57:59.422] [main/DEBUG] [mixin/]: Processing prepare() for PlatformAgent[MixinPlatformAgentDefault:SecureJarResource(retrodamageindicators)]
[13Sep2026 20:57:59.423] [main/DEBUG] [mixin/]: Registering mixin config: retrodamageindicators.mixins.json
[13Sep2026 20:57:59.425] [main/DEBUG] [mixin/]: Adding mixin platform agents for container SecureJarResource(ftblibrary)
[13Sep2026 20:57:59.425] [main/DEBUG] [mixin/]: Instancing new MixinPlatformAgentMinecraftForge for SecureJarResource(ftblibrary)
[13Sep2026 20:57:59.425] [main/DEBUG] [mixin/]: MixinPlatformAgentMinecraftForge rejected container SecureJarResource(ftblibrary)
[13Sep2026 20:57:59.425] [main/DEBUG] [mixin/]: Instancing new MixinPlatformAgentDefault for SecureJarResource(ftblibrary)
[13Sep2026 20:57:59.425] [main/DEBUG] [mixin/]: MixinPlatformAgentDefault accepted container SecureJarResource(ftblibrary)
[13Sep2026 20:57:59.425] [main/DEBUG] [mixin/]: Processing prepare() for PlatformAgent[MixinPlatformAgentDefault:SecureJarResource(ftblibrary)]
[13Sep2026 20:57:59.425] [main/DEBUG] [mixin/]: Registering mixin config: ftblibrary-common.mixins.json
[13Sep2026 20:57:59.427] [main/DEBUG] [mixin/]: Compatibility level JAVA_8 specified by ftblibrary-common.mixins.json is lower than the default level supported by the current mixin service (JAVA_16).
[13Sep2026 20:57:59.427] [main/DEBUG] [mixin/]: Adding mixin platform agents for container SecureJarResource(ftbteams)
[13Sep2026 20:57:59.427] [main/DEBUG] [mixin/]: Instancing new MixinPlatformAgentMinecraftForge for SecureJarResource(ftbteams)
[13Sep2026 20:57:59.427] [main/DEBUG] [mixin/]: MixinPlatformAgentMinecraftForge rejected container SecureJarResource(ftbteams)
[13Sep2026 20:57:59.428] [main/DEBUG] [mixin/]: Instancing new MixinPlatformAgentDefault for SecureJarResource(ftbteams)
[13Sep2026 20:57:59.428] [main/DEBUG] [mixin/]: MixinPlatformAgentDefault accepted container SecureJarResource(ftbteams)
[13Sep2026 20:57:59.428] [main/DEBUG] [mixin/]: Processing prepare() for PlatformAgent[MixinPlatformAgentDefault:SecureJarResource(ftbteams)]
[13Sep2026 20:57:59.428] [main/DEBUG] [mixin/]: Adding mixin platform agents for container SecureJarResource(limitedchunks)
[13Sep2026 20:57:59.428] [main/DEBUG] [mixin/]: Instancing new MixinPlatformAgentMinecraftForge for SecureJarResource(limitedchunks)
[13Sep2026 20:57:59.428] [main/DEBUG] [mixin/]: MixinPlatformAgentMinecraftForge rejected container SecureJarResource(limitedchunks)
[13Sep2026 20:57:59.428] [main/DEBUG] [mixin/]: Instancing new MixinPlatformAgentDefault for SecureJarResource(limitedchunks)
[13Sep2026 20:57:59.428] [main/DEBUG] [mixin/]: MixinPlatformAgentDefault accepted container SecureJarResource(limitedchunks)
[13Sep2026 20:57:59.428] [main/DEBUG] [mixin/]: Processing prepare() for PlatformAgent[MixinPlatformAgentDefault:SecureJarResource(limitedchunks)]
[13Sep2026 20:57:59.428] [main/DEBUG] [mixin/]: Registering mixin config: limitedchunks.mixins.json
[13Sep2026 20:57:59.433] [main/DEBUG] [mixin/]: Adding mixin platform agents for container SecureJarResource(octolib)
[13Sep2026 20:57:59.433] [main/DEBUG] [mixin/]: Instancing new MixinPlatformAgentMinecraftForge for SecureJarResource(octolib)
[13Sep2026 20:57:59.433] [main/DEBUG] [mixin/]: MixinPlatformAgentMinecraftForge rejected container SecureJarResource(octolib)
[13Sep2026 20:57:59.433] [main/DEBUG] [mixin/]: Instancing new MixinPlatformAgentDefault for SecureJarResource(octolib)
[13Sep2026 20:57:59.434] [main/DEBUG] [mixin/]: MixinPlatformAgentDefault accepted container SecureJarResource(octolib)
[13Sep2026 20:57:59.434] [main/DEBUG] [mixin/]: Processing prepare() for PlatformAgent[MixinPlatformAgentDefault:SecureJarResource(octolib)]
[13Sep2026 20:57:59.434] [main/DEBUG] [mixin/]: Adding mixin platform agents for container SecureJarResource(fabric_model_loading_api_v1)
[13Sep2026 20:57:59.434] [main/DEBUG] [mixin/]: Instancing new MixinPlatformAgentMinecraftForge for SecureJarResource(fabric_model_loading_api_v1)
[13Sep2026 20:57:59.434] [main/DEBUG] [mixin/]: MixinPlatformAgentMinecraftForge rejected container SecureJarResource(fabric_model_loading_api_v1)
[13Sep2026 20:57:59.434] [main/DEBUG] [mixin/]: Instancing new MixinPlatformAgentDefault for SecureJarResource(fabric_model_loading_api_v1)
[13Sep2026 20:57:59.434] [main/DEBUG] [mixin/]: MixinPlatformAgentDefault accepted container SecureJarResource(fabric_model_loading_api_v1)
[13Sep2026 20:57:59.434] [main/DEBUG] [mixin/]: Processing prepare() for PlatformAgent[MixinPlatformAgentDefault:SecureJarResource(fabric_model_loading_api_v1)]
[13Sep2026 20:57:59.434] [main/DEBUG] [mixin/]: Registering mixin config: fabric-model-loading-api-v1.mixins.json
[13Sep2026 20:57:59.438] [main/DEBUG] [mixin/]: Adding mixin platform agents for container SecureJarResource(jei)
[13Sep2026 20:57:59.438] [main/DEBUG] [mixin/]: Instancing new MixinPlatformAgentMinecraftForge for SecureJarResource(jei)
[13Sep2026 20:57:59.438] [main/DEBUG] [mixin/]: MixinPlatformAgentMinecraftForge rejected container SecureJarResource(jei)
[13Sep2026 20:57:59.438] [main/DEBUG] [mixin/]: Instancing new MixinPlatformAgentDefault for SecureJarResource(jei)
[13Sep2026 20:57:59.438] [main/DEBUG] [mixin/]: MixinPlatformAgentDefault accepted container SecureJarResource(jei)
[13Sep2026 20:57:59.438] [main/DEBUG] [mixin/]: Processing prepare() for PlatformAgent[MixinPlatformAgentDefault:SecureJarResource(jei)]
[13Sep2026 20:57:59.438] [main/DEBUG] [mixin/]: Adding mixin platform agents for container SecureJarResource(kubejs)
[13Sep2026 20:57:59.438] [main/DEBUG] [mixin/]: Instancing new MixinPlatformAgentMinecraftForge for SecureJarResource(kubejs)
[13Sep2026 20:57:59.439] [main/DEBUG] [mixin/]: MixinPlatformAgentMinecraftForge rejected container SecureJarResource(kubejs)
[13Sep2026 20:57:59.439] [main/DEBUG] [mixin/]: Instancing new MixinPlatformAgentDefault for SecureJarResource(kubejs)
[13Sep2026 20:57:59.439] [main/DEBUG] [mixin/]: MixinPlatformAgentDefault accepted container SecureJarResource(kubejs)
[13Sep2026 20:57:59.439] [main/DEBUG] [mixin/]: Processing prepare() for PlatformAgent[MixinPlatformAgentDefault:SecureJarResource(kubejs)]
[13Sep2026 20:57:59.439] [main/DEBUG] [mixin/]: Registering mixin config: kubejs-forge.mixins.json
[13Sep2026 20:57:59.441] [main/DEBUG] [mixin/]: Registering mixin config: kubejs-common.mixins.json
[13Sep2026 20:57:59.445] [main/DEBUG] [mixin/]: Adding mixin platform agents for container SecureJarResource(attributefix)
[13Sep2026 20:57:59.445] [main/DEBUG] [mixin/]: Instancing new MixinPlatformAgentMinecraftForge for SecureJarResource(attributefix)
[13Sep2026 20:57:59.445] [main/DEBUG] [mixin/]: MixinPlatformAgentMinecraftForge rejected container SecureJarResource(attributefix)
[13Sep2026 20:57:59.446] [main/DEBUG] [mixin/]: Instancing new MixinPlatformAgentDefault for SecureJarResource(attributefix)
[13Sep2026 20:57:59.446] [main/DEBUG] [mixin/]: MixinPlatformAgentDefault accepted container SecureJarResource(attributefix)
[13Sep2026 20:57:59.447] [main/DEBUG] [mixin/]: Processing prepare() for PlatformAgent[MixinPlatformAgentDefault:SecureJarResource(attributefix)]
[13Sep2026 20:57:59.447] [main/DEBUG] [mixin/]: Registering mixin config: attributefix.mixins.json
[13Sep2026 20:57:59.449] [main/DEBUG] [mixin/]: Adding mixin platform agents for container SecureJarResource(xaerolib)
[13Sep2026 20:57:59.449] [main/DEBUG] [mixin/]: Instancing new MixinPlatformAgentMinecraftForge for SecureJarResource(xaerolib)
[13Sep2026 20:57:59.449] [main/DEBUG] [mixin/]: MixinPlatformAgentMinecraftForge rejected container SecureJarResource(xaerolib)
[13Sep2026 20:57:59.449] [main/DEBUG] [mixin/]: Instancing new MixinPlatformAgentDefault for SecureJarResource(xaerolib)
[13Sep2026 20:57:59.449] [main/DEBUG] [mixin/]: MixinPlatformAgentDefault accepted container SecureJarResource(xaerolib)
[13Sep2026 20:57:59.449] [main/DEBUG] [mixin/]: Processing prepare() for PlatformAgent[MixinPlatformAgentDefault:SecureJarResource(xaerolib)]
[13Sep2026 20:57:59.449] [main/DEBUG] [mixin/]: Registering mixin config: xaerolib.mixins.json
[13Sep2026 20:57:59.455] [main/DEBUG] [mixin/]: Registering mixin config: xaerolib.forge.mixins.json
[13Sep2026 20:57:59.457] [main/DEBUG] [mixin/]: Adding mixin platform agents for container SecureJarResource(pehkui)
[13Sep2026 20:57:59.458] [main/DEBUG] [mixin/]: Instancing new MixinPlatformAgentMinecraftForge for SecureJarResource(pehkui)
[13Sep2026 20:57:59.458] [main/DEBUG] [mixin/]: MixinPlatformAgentMinecraftForge rejected container SecureJarResource(pehkui)
[13Sep2026 20:57:59.458] [main/DEBUG] [mixin/]: Instancing new MixinPlatformAgentDefault for SecureJarResource(pehkui)
[13Sep2026 20:57:59.458] [main/DEBUG] [mixin/]: MixinPlatformAgentDefault accepted container SecureJarResource(pehkui)
[13Sep2026 20:57:59.458] [main/DEBUG] [mixin/]: Processing prepare() for PlatformAgent[MixinPlatformAgentDefault:SecureJarResource(pehkui)]
[13Sep2026 20:57:59.458] [main/DEBUG] [mixin/]: Registering mixin config: pehkui.mixins.json
[13Sep2026 20:57:59.461] [main/DEBUG] [mixin/]: Adding mixin platform agents for container SecureJarResource(fabric_screen_handler_api_v1)
[13Sep2026 20:57:59.463] [main/DEBUG] [mixin/]: Instancing new MixinPlatformAgentMinecraftForge for SecureJarResource(fabric_screen_handler_api_v1)
[13Sep2026 20:57:59.463] [main/DEBUG] [mixin/]: MixinPlatformAgentMinecraftForge rejected container SecureJarResource(fabric_screen_handler_api_v1)
[13Sep2026 20:57:59.463] [main/DEBUG] [mixin/]: Instancing new MixinPlatformAgentDefault for SecureJarResource(fabric_screen_handler_api_v1)
[13Sep2026 20:57:59.463] [main/DEBUG] [mixin/]: MixinPlatformAgentDefault accepted container SecureJarResource(fabric_screen_handler_api_v1)
[13Sep2026 20:57:59.463] [main/DEBUG] [mixin/]: Processing prepare() for PlatformAgent[MixinPlatformAgentDefault:SecureJarResource(fabric_screen_handler_api_v1)]
[13Sep2026 20:57:59.463] [main/DEBUG] [mixin/]: Registering mixin config: fabric-screen-handler-api-v1.mixins.json
[13Sep2026 20:57:59.465] [main/DEBUG] [mixin/]: Compatibility level JAVA_16 specified by fabric-screen-handler-api-v1.mixins.json is higher than the maximum level supported by this version of mixin (JAVA_13).
[13Sep2026 20:57:59.465] [main/DEBUG] [mixin/]: Adding mixin platform agents for container SecureJarResource(fabric_resource_loader_v0)
[13Sep2026 20:57:59.465] [main/DEBUG] [mixin/]: Instancing new MixinPlatformAgentMinecraftForge for SecureJarResource(fabric_resource_loader_v0)
[13Sep2026 20:57:59.465] [main/DEBUG] [mixin/]: MixinPlatformAgentMinecraftForge rejected container SecureJarResource(fabric_resource_loader_v0)
[13Sep2026 20:57:59.465] [main/DEBUG] [mixin/]: Instancing new MixinPlatformAgentDefault for SecureJarResource(fabric_resource_loader_v0)
[13Sep2026 20:57:59.465] [main/DEBUG] [mixin/]: MixinPlatformAgentDefault accepted container SecureJarResource(fabric_resource_loader_v0)
[13Sep2026 20:57:59.466] [main/DEBUG] [mixin/]: Processing prepare() for PlatformAgent[MixinPlatformAgentDefault:SecureJarResource(fabric_resource_loader_v0)]
[13Sep2026 20:57:59.466] [main/DEBUG] [mixin/]: Registering mixin config: fabric-resource-loader-v0.mixins.json
[13Sep2026 20:57:59.467] [main/DEBUG] [mixin/]: Compatibility level JAVA_16 specified by fabric-resource-loader-v0.mixins.json is higher than the maximum level supported by this version of mixin (JAVA_13).
[13Sep2026 20:57:59.467] [main/DEBUG] [mixin/]: Registering mixin config: fabric-resource-loader-v0.client.mixins.json
[13Sep2026 20:57:59.472] [main/DEBUG] [mixin/]: Compatibility level JAVA_16 specified by fabric-resource-loader-v0.client.mixins.json is higher than the maximum level supported by this version of mixin (JAVA_13).
[13Sep2026 20:57:59.473] [main/DEBUG] [mixin/]: Adding mixin platform agents for container SecureJarResource(trender)
[13Sep2026 20:57:59.473] [main/DEBUG] [mixin/]: Instancing new MixinPlatformAgentMinecraftForge for SecureJarResource(trender)
[13Sep2026 20:57:59.473] [main/DEBUG] [mixin/]: MixinPlatformAgentMinecraftForge rejected container SecureJarResource(trender)
[13Sep2026 20:57:59.473] [main/DEBUG] [mixin/]: Instancing new MixinPlatformAgentDefault for SecureJarResource(trender)
[13Sep2026 20:57:59.473] [main/DEBUG] [mixin/]: MixinPlatformAgentDefault accepted container SecureJarResource(trender)
[13Sep2026 20:57:59.474] [main/DEBUG] [mixin/]: Processing prepare() for PlatformAgent[MixinPlatformAgentDefault:SecureJarResource(trender)]
[13Sep2026 20:57:59.474] [main/DEBUG] [mixin/]: Registering mixin config: trender.mixins.json
[13Sep2026 20:57:59.477] [main/DEBUG] [mixin/]: Adding mixin platform agents for container SecureJarResource(fabric_rendering_v1)
[13Sep2026 20:57:59.478] [main/DEBUG] [mixin/]: Instancing new MixinPlatformAgentMinecraftForge for SecureJarResource(fabric_rendering_v1)
[13Sep2026 20:57:59.478] [main/DEBUG] [mixin/]: MixinPlatformAgentMinecraftForge rejected container SecureJarResource(fabric_rendering_v1)
[13Sep2026 20:57:59.478] [main/DEBUG] [mixin/]: Instancing new MixinPlatformAgentDefault for SecureJarResource(fabric_rendering_v1)
[13Sep2026 20:57:59.478] [main/DEBUG] [mixin/]: MixinPlatformAgentDefault accepted container SecureJarResource(fabric_rendering_v1)
[13Sep2026 20:57:59.478] [main/DEBUG] [mixin/]: Processing prepare() for PlatformAgent[MixinPlatformAgentDefault:SecureJarResource(fabric_rendering_v1)]
[13Sep2026 20:57:59.478] [main/DEBUG] [mixin/]: Registering mixin config: fabric-rendering-v1.mixins.json
[13Sep2026 20:57:59.480] [main/DEBUG] [mixin/]: Compatibility level JAVA_16 specified by fabric-rendering-v1.mixins.json is higher than the maximum level supported by this version of mixin (JAVA_13).
[13Sep2026 20:57:59.480] [main/DEBUG] [mixin/]: Adding mixin platform agents for container SecureJarResource(chloride)
[13Sep2026 20:57:59.480] [main/DEBUG] [mixin/]: Instancing new MixinPlatformAgentMinecraftForge for SecureJarResource(chloride)
[13Sep2026 20:57:59.480] [main/DEBUG] [mixin/]: MixinPlatformAgentMinecraftForge rejected container SecureJarResource(chloride)
[13Sep2026 20:57:59.480] [main/DEBUG] [mixin/]: Instancing new MixinPlatformAgentDefault for SecureJarResource(chloride)
[13Sep2026 20:57:59.480] [main/DEBUG] [mixin/]: MixinPlatformAgentDefault accepted container SecureJarResource(chloride)
[13Sep2026 20:57:59.480] [main/DEBUG] [mixin/]: Processing prepare() for PlatformAgent[MixinPlatformAgentDefault:SecureJarResource(chloride)]
[13Sep2026 20:57:59.480] [main/DEBUG] [mixin/]: Registering mixin config: chloride.mixin.json
[13Sep2026 20:57:59.482] [main/DEBUG] [mixin/]: Adding mixin platform agents for container SecureJarResource(waystones)
[13Sep2026 20:57:59.482] [main/DEBUG] [mixin/]: Instancing new MixinPlatformAgentMinecraftForge for SecureJarResource(waystones)
[13Sep2026 20:57:59.482] [main/DEBUG] [mixin/]: MixinPlatformAgentMinecraftForge rejected container SecureJarResource(waystones)
[13Sep2026 20:57:59.482] [main/DEBUG] [mixin/]: Instancing new MixinPlatformAgentDefault for SecureJarResource(waystones)
[13Sep2026 20:57:59.482] [main/DEBUG] [mixin/]: MixinPlatformAgentDefault accepted container SecureJarResource(waystones)
[13Sep2026 20:57:59.482] [main/DEBUG] [mixin/]: Processing prepare() for PlatformAgent[MixinPlatformAgentDefault:SecureJarResource(waystones)]
[13Sep2026 20:57:59.483] [main/DEBUG] [mixin/]: Registering mixin config: waystones.mixins.json
[13Sep2026 20:57:59.484] [main/DEBUG] [mixin/]: Adding mixin platform agents for container SecureJarResource(fabric_renderer_indigo)
[13Sep2026 20:57:59.484] [main/DEBUG] [mixin/]: Instancing new MixinPlatformAgentMinecraftForge for SecureJarResource(fabric_renderer_indigo)
[13Sep2026 20:57:59.485] [main/DEBUG] [mixin/]: MixinPlatformAgentMinecraftForge rejected container SecureJarResource(fabric_renderer_indigo)
[13Sep2026 20:57:59.485] [main/DEBUG] [mixin/]: Instancing new MixinPlatformAgentDefault for SecureJarResource(fabric_renderer_indigo)
[13Sep2026 20:57:59.485] [main/DEBUG] [mixin/]: MixinPlatformAgentDefault accepted container SecureJarResource(fabric_renderer_indigo)
[13Sep2026 20:57:59.485] [main/DEBUG] [mixin/]: Processing prepare() for PlatformAgent[MixinPlatformAgentDefault:SecureJarResource(fabric_renderer_indigo)]
[13Sep2026 20:57:59.485] [main/DEBUG] [mixin/]: Registering mixin config: fabric-renderer-indigo.mixins.json
[13Sep2026 20:57:59.487] [main/DEBUG] [mixin/]: Compatibility level JAVA_16 specified by fabric-renderer-indigo.mixins.json is higher than the maximum level supported by this version of mixin (JAVA_13).
[13Sep2026 20:57:59.487] [main/DEBUG] [mixin/]: Adding mixin platform agents for container SecureJarResource(fastsuite)
[13Sep2026 20:57:59.487] [main/DEBUG] [mixin/]: Instancing new MixinPlatformAgentMinecraftForge for SecureJarResource(fastsuite)
[13Sep2026 20:57:59.487] [main/DEBUG] [mixin/]: MixinPlatformAgentMinecraftForge rejected container SecureJarResource(fastsuite)
[13Sep2026 20:57:59.487] [main/DEBUG] [mixin/]: Instancing new MixinPlatformAgentDefault for SecureJarResource(fastsuite)
[13Sep2026 20:57:59.487] [main/DEBUG] [mixin/]: MixinPlatformAgentDefault accepted container SecureJarResource(fastsuite)
[13Sep2026 20:57:59.487] [main/DEBUG] [mixin/]: Processing prepare() for PlatformAgent[MixinPlatformAgentDefault:SecureJarResource(fastsuite)]
[13Sep2026 20:57:59.487] [main/DEBUG] [mixin/]: Registering mixin config: fastsuite.mixins.json
[13Sep2026 20:57:59.491] [main/DEBUG] [mixin/]: Adding mixin platform agents for container SecureJarResource(clumps)
[13Sep2026 20:57:59.491] [main/DEBUG] [mixin/]: Instancing new MixinPlatformAgentMinecraftForge for SecureJarResource(clumps)
[13Sep2026 20:57:59.491] [main/DEBUG] [mixin/]: MixinPlatformAgentMinecraftForge rejected container SecureJarResource(clumps)
[13Sep2026 20:57:59.491] [main/DEBUG] [mixin/]: Instancing new MixinPlatformAgentDefault for SecureJarResource(clumps)
[13Sep2026 20:57:59.491] [main/DEBUG] [mixin/]: MixinPlatformAgentDefault accepted container SecureJarResource(clumps)
[13Sep2026 20:57:59.491] [main/DEBUG] [mixin/]: Processing prepare() for PlatformAgent[MixinPlatformAgentDefault:SecureJarResource(clumps)]
[13Sep2026 20:57:59.491] [main/DEBUG] [mixin/]: Registering mixin config: clumps.mixins.json
[13Sep2026 20:57:59.493] [main/DEBUG] [mixin/]: Adding mixin platform agents for container SecureJarResource(fastasyncworldsave)
[13Sep2026 20:57:59.494] [main/DEBUG] [mixin/]: Instancing new MixinPlatformAgentMinecraftForge for SecureJarResource(fastasyncworldsave)
[13Sep2026 20:57:59.494] [main/DEBUG] [mixin/]: MixinPlatformAgentMinecraftForge rejected container SecureJarResource(fastasyncworldsave)
[13Sep2026 20:57:59.494] [main/DEBUG] [mixin/]: Instancing new MixinPlatformAgentDefault for SecureJarResource(fastasyncworldsave)
[13Sep2026 20:57:59.494] [main/DEBUG] [mixin/]: MixinPlatformAgentDefault accepted container SecureJarResource(fastasyncworldsave)
[13Sep2026 20:57:59.494] [main/DEBUG] [mixin/]: Processing prepare() for PlatformAgent[MixinPlatformAgentDefault:SecureJarResource(fastasyncworldsave)]
[13Sep2026 20:57:59.494] [main/DEBUG] [mixin/]: Registering mixin config: fastasyncworldsave.mixins.json
[13Sep2026 20:57:59.497] [main/DEBUG] [mixin/]: Adding mixin platform agents for container SecureJarResource(fabric_mining_level_api_v1)
[13Sep2026 20:57:59.497] [main/DEBUG] [mixin/]: Instancing new MixinPlatformAgentMinecraftForge for SecureJarResource(fabric_mining_level_api_v1)
[13Sep2026 20:57:59.497] [main/DEBUG] [mixin/]: MixinPlatformAgentMinecraftForge rejected container SecureJarResource(fabric_mining_level_api_v1)
[13Sep2026 20:57:59.497] [main/DEBUG] [mixin/]: Instancing new MixinPlatformAgentDefault for SecureJarResource(fabric_mining_level_api_v1)
[13Sep2026 20:57:59.497] [main/DEBUG] [mixin/]: MixinPlatformAgentDefault accepted container SecureJarResource(fabric_mining_level_api_v1)
[13Sep2026 20:57:59.497] [main/DEBUG] [mixin/]: Processing prepare() for PlatformAgent[MixinPlatformAgentDefault:SecureJarResource(fabric_mining_level_api_v1)]
[13Sep2026 20:57:59.497] [main/DEBUG] [mixin/]: Registering mixin config: fabric-mining-level-api-v1.mixins.json
[13Sep2026 20:57:59.499] [main/DEBUG] [mixin/]: Compatibility level JAVA_16 specified by fabric-mining-level-api-v1.mixins.json is higher than the maximum level supported by this version of mixin (JAVA_13).
[13Sep2026 20:57:59.499] [main/DEBUG] [mixin/]: Adding mixin platform agents for container SecureJarResource(aaa_particles)
[13Sep2026 20:57:59.500] [main/DEBUG] [mixin/]: Instancing new MixinPlatformAgentMinecraftForge for SecureJarResource(aaa_particles)
[13Sep2026 20:57:59.500] [main/DEBUG] [mixin/]: MixinPlatformAgentMinecraftForge rejected container SecureJarResource(aaa_particles)
[13Sep2026 20:57:59.500] [main/DEBUG] [mixin/]: Instancing new MixinPlatformAgentDefault for SecureJarResource(aaa_particles)
[13Sep2026 20:57:59.500] [main/DEBUG] [mixin/]: MixinPlatformAgentDefault accepted container SecureJarResource(aaa_particles)
[13Sep2026 20:57:59.500] [main/DEBUG] [mixin/]: Processing prepare() for PlatformAgent[MixinPlatformAgentDefault:SecureJarResource(aaa_particles)]
[13Sep2026 20:57:59.500] [main/DEBUG] [mixin/]: Registering mixin config: aaa_particles-common.mixins.json
[13Sep2026 20:57:59.503] [main/DEBUG] [mixin/]: Registering mixin config: aaa_particles.mixins.json
[13Sep2026 20:57:59.505] [main/DEBUG] [mixin/]: Adding mixin platform agents for container SecureJarResource(badmobs)
[13Sep2026 20:57:59.505] [main/DEBUG] [mixin/]: Instancing new MixinPlatformAgentMinecraftForge for SecureJarResource(badmobs)
[13Sep2026 20:57:59.505] [main/DEBUG] [mixin/]: MixinPlatformAgentMinecraftForge rejected container SecureJarResource(badmobs)
[13Sep2026 20:57:59.505] [main/DEBUG] [mixin/]: Instancing new MixinPlatformAgentDefault for SecureJarResource(badmobs)
[13Sep2026 20:57:59.505] [main/DEBUG] [mixin/]: MixinPlatformAgentDefault accepted container SecureJarResource(badmobs)
[13Sep2026 20:57:59.505] [main/DEBUG] [mixin/]: Processing prepare() for PlatformAgent[MixinPlatformAgentDefault:SecureJarResource(badmobs)]
[13Sep2026 20:57:59.505] [main/DEBUG] [mixin/]: Adding mixin platform agents for container SecureJarResource(txnilib)
[13Sep2026 20:57:59.505] [main/DEBUG] [mixin/]: Instancing new MixinPlatformAgentMinecraftForge for SecureJarResource(txnilib)
[13Sep2026 20:57:59.505] [main/DEBUG] [mixin/]: MixinPlatformAgentMinecraftForge rejected container SecureJarResource(txnilib)
[13Sep2026 20:57:59.505] [main/DEBUG] [mixin/]: Instancing new MixinPlatformAgentDefault for SecureJarResource(txnilib)
[13Sep2026 20:57:59.505] [main/DEBUG] [mixin/]: MixinPlatformAgentDefault accepted container SecureJarResource(txnilib)
[13Sep2026 20:57:59.505] [main/DEBUG] [mixin/]: Processing prepare() for PlatformAgent[MixinPlatformAgentDefault:SecureJarResource(txnilib)]
[13Sep2026 20:57:59.505] [main/DEBUG] [mixin/]: Registering mixin config: mixins.txnilib.json
[13Sep2026 20:57:59.507] [main/DEBUG] [mixin/]: Adding mixin platform agents for container SecureJarResource(memoryleakfix)
[13Sep2026 20:57:59.507] [main/DEBUG] [mixin/]: Instancing new MixinPlatformAgentMinecraftForge for SecureJarResource(memoryleakfix)
[13Sep2026 20:57:59.507] [main/DEBUG] [mixin/]: MixinPlatformAgentMinecraftForge rejected container SecureJarResource(memoryleakfix)
[13Sep2026 20:57:59.507] [main/DEBUG] [mixin/]: Instancing new MixinPlatformAgentDefault for SecureJarResource(memoryleakfix)
[13Sep2026 20:57:59.507] [main/DEBUG] [mixin/]: MixinPlatformAgentDefault accepted container SecureJarResource(memoryleakfix)
[13Sep2026 20:57:59.507] [main/DEBUG] [mixin/]: Processing prepare() for PlatformAgent[MixinPlatformAgentDefault:SecureJarResource(memoryleakfix)]
[13Sep2026 20:57:59.507] [main/DEBUG] [mixin/]: Registering mixin config: memoryleakfix.mixins.json
[13Sep2026 20:57:59.509] [main/DEBUG] [mixin/]: Compatibility level JAVA_8 specified by memoryleakfix.mixins.json is lower than the default level supported by the current mixin service (JAVA_16).
[13Sep2026 20:57:59.509] [main/DEBUG] [mixin/]: Adding mixin platform agents for container SecureJarResource(almplaceholderfix)
[13Sep2026 20:57:59.509] [main/DEBUG] [mixin/]: Instancing new MixinPlatformAgentMinecraftForge for SecureJarResource(almplaceholderfix)
[13Sep2026 20:57:59.510] [main/DEBUG] [mixin/]: MixinPlatformAgentMinecraftForge rejected container SecureJarResource(almplaceholderfix)
[13Sep2026 20:57:59.510] [main/DEBUG] [mixin/]: Instancing new MixinPlatformAgentDefault for SecureJarResource(almplaceholderfix)
[13Sep2026 20:57:59.510] [main/DEBUG] [mixin/]: MixinPlatformAgentDefault accepted container SecureJarResource(almplaceholderfix)
[13Sep2026 20:57:59.510] [main/DEBUG] [mixin/]: Processing prepare() for PlatformAgent[MixinPlatformAgentDefault:SecureJarResource(almplaceholderfix)]
[13Sep2026 20:57:59.510] [main/DEBUG] [mixin/]: Registering mixin config: almplaceholderfix.mixins.json
[13Sep2026 20:57:59.512] [main/DEBUG] [mixin/]: Adding mixin platform agents for container SecureJarResource(fabric_particles_v1)
[13Sep2026 20:57:59.512] [main/DEBUG] [mixin/]: Instancing new MixinPlatformAgentMinecraftForge for SecureJarResource(fabric_particles_v1)
[13Sep2026 20:57:59.512] [main/DEBUG] [mixin/]: MixinPlatformAgentMinecraftForge rejected container SecureJarResource(fabric_particles_v1)
[13Sep2026 20:57:59.512] [main/DEBUG] [mixin/]: Instancing new MixinPlatformAgentDefault for SecureJarResource(fabric_particles_v1)
[13Sep2026 20:57:59.512] [main/DEBUG] [mixin/]: MixinPlatformAgentDefault accepted container SecureJarResource(fabric_particles_v1)
[13Sep2026 20:57:59.513] [main/DEBUG] [mixin/]: Processing prepare() for PlatformAgent[MixinPlatformAgentDefault:SecureJarResource(fabric_particles_v1)]
[13Sep2026 20:57:59.513] [main/DEBUG] [mixin/]: Registering mixin config: fabric-particles-v1.client.mixins.json
[13Sep2026 20:57:59.514] [main/DEBUG] [mixin/]: Compatibility level JAVA_16 specified by fabric-particles-v1.client.mixins.json is higher than the maximum level supported by this version of mixin (JAVA_13).
[13Sep2026 20:57:59.515] [main/DEBUG] [mixin/]: Adding mixin platform agents for container SecureJarResource(ftbchunks)
[13Sep2026 20:57:59.515] [main/DEBUG] [mixin/]: Instancing new MixinPlatformAgentMinecraftForge for SecureJarResource(ftbchunks)
[13Sep2026 20:57:59.515] [main/DEBUG] [mixin/]: MixinPlatformAgentMinecraftForge rejected container SecureJarResource(ftbchunks)
[13Sep2026 20:57:59.515] [main/DEBUG] [mixin/]: Instancing new MixinPlatformAgentDefault for SecureJarResource(ftbchunks)
[13Sep2026 20:57:59.515] [main/DEBUG] [mixin/]: MixinPlatformAgentDefault accepted container SecureJarResource(ftbchunks)
[13Sep2026 20:57:59.515] [main/DEBUG] [mixin/]: Processing prepare() for PlatformAgent[MixinPlatformAgentDefault:SecureJarResource(ftbchunks)]
[13Sep2026 20:57:59.515] [main/DEBUG] [mixin/]: Registering mixin config: ftbchunks-common.mixins.json
[13Sep2026 20:57:59.517] [main/DEBUG] [mixin/]: Adding mixin platform agents for container SecureJarResource(forge)
[13Sep2026 20:57:59.517] [main/DEBUG] [mixin/]: Instancing new MixinPlatformAgentMinecraftForge for SecureJarResource(forge)
[13Sep2026 20:57:59.517] [main/DEBUG] [mixin/]: MixinPlatformAgentMinecraftForge rejected container SecureJarResource(forge)
[13Sep2026 20:57:59.517] [main/DEBUG] [mixin/]: Instancing new MixinPlatformAgentDefault for SecureJarResource(forge)
[13Sep2026 20:57:59.517] [main/DEBUG] [mixin/]: MixinPlatformAgentDefault accepted container SecureJarResource(forge)
[13Sep2026 20:57:59.517] [main/DEBUG] [mixin/]: Processing prepare() for PlatformAgent[MixinPlatformAgentDefault:SecureJarResource(forge)]
[13Sep2026 20:57:59.517] [main/DEBUG] [mixin/]: Adding mixin platform agents for container SecureJarResource(jujutsucraftfix)
[13Sep2026 20:57:59.518] [main/DEBUG] [mixin/]: Instancing new MixinPlatformAgentMinecraftForge for SecureJarResource(jujutsucraftfix)
[13Sep2026 20:57:59.518] [main/DEBUG] [mixin/]: MixinPlatformAgentMinecraftForge rejected container SecureJarResource(jujutsucraftfix)
[13Sep2026 20:57:59.518] [main/DEBUG] [mixin/]: Instancing new MixinPlatformAgentDefault for SecureJarResource(jujutsucraftfix)
[13Sep2026 20:57:59.518] [main/DEBUG] [mixin/]: MixinPlatformAgentDefault accepted container SecureJarResource(jujutsucraftfix)
[13Sep2026 20:57:59.518] [main/DEBUG] [mixin/]: Processing prepare() for PlatformAgent[MixinPlatformAgentDefault:SecureJarResource(jujutsucraftfix)]
[13Sep2026 20:57:59.518] [main/DEBUG] [mixin/]: Registering mixin config: jujutsucraftfix.mixins.json
[13Sep2026 20:57:59.520] [main/DEBUG] [mixin/]: Adding mixin platform agents for container SecureJarResource(fabric_transitive_access_wideners_v1)
[13Sep2026 20:57:59.520] [main/DEBUG] [mixin/]: Instancing new MixinPlatformAgentMinecraftForge for SecureJarResource(fabric_transitive_access_wideners_v1)
[13Sep2026 20:57:59.520] [main/DEBUG] [mixin/]: MixinPlatformAgentMinecraftForge rejected container SecureJarResource(fabric_transitive_access_wideners_v1)
[13Sep2026 20:57:59.520] [main/DEBUG] [mixin/]: Instancing new MixinPlatformAgentDefault for SecureJarResource(fabric_transitive_access_wideners_v1)
[13Sep2026 20:57:59.520] [main/DEBUG] [mixin/]: MixinPlatformAgentDefault accepted container SecureJarResource(fabric_transitive_access_wideners_v1)
[13Sep2026 20:57:59.520] [main/DEBUG] [mixin/]: Processing prepare() for PlatformAgent[MixinPlatformAgentDefault:SecureJarResource(fabric_transitive_access_wideners_v1)]
[13Sep2026 20:57:59.520] [main/DEBUG] [mixin/]: Adding mixin platform agents for container SecureJarResource(minecraft)
[13Sep2026 20:57:59.520] [main/DEBUG] [mixin/]: Instancing new MixinPlatformAgentMinecraftForge for SecureJarResource(minecraft)
[13Sep2026 20:57:59.520] [main/DEBUG] [mixin/]: MixinPlatformAgentMinecraftForge rejected container SecureJarResource(minecraft)
[13Sep2026 20:57:59.521] [main/DEBUG] [mixin/]: Instancing new MixinPlatformAgentDefault for SecureJarResource(minecraft)
[13Sep2026 20:57:59.521] [main/DEBUG] [mixin/]: MixinPlatformAgentDefault accepted container SecureJarResource(minecraft)
[13Sep2026 20:57:59.521] [main/DEBUG] [mixin/]: Processing prepare() for PlatformAgent[MixinPlatformAgentDefault:SecureJarResource(minecraft)]
[13Sep2026 20:57:59.521] [main/DEBUG] [mixin/]: Adding mixin platform agents for container SecureJarResource(jujutsucraft)
[13Sep2026 20:57:59.521] [main/DEBUG] [mixin/]: Instancing new MixinPlatformAgentMinecraftForge for SecureJarResource(jujutsucraft)
[13Sep2026 20:57:59.521] [main/DEBUG] [mixin/]: MixinPlatformAgentMinecraftForge rejected container SecureJarResource(jujutsucraft)
[13Sep2026 20:57:59.521] [main/DEBUG] [mixin/]: Instancing new MixinPlatformAgentDefault for SecureJarResource(jujutsucraft)
[13Sep2026 20:57:59.521] [main/DEBUG] [mixin/]: MixinPlatformAgentDefault accepted container SecureJarResource(jujutsucraft)
[13Sep2026 20:57:59.521] [main/DEBUG] [mixin/]: Processing prepare() for PlatformAgent[MixinPlatformAgentDefault:SecureJarResource(jujutsucraft)]
[13Sep2026 20:57:59.521] [main/DEBUG] [mixin/]: Adding mixin platform agents for container SecureJarResource(almirion_utilities)
[13Sep2026 20:57:59.521] [main/DEBUG] [mixin/]: Instancing new MixinPlatformAgentMinecraftForge for SecureJarResource(almirion_utilities)
[13Sep2026 20:57:59.521] [main/DEBUG] [mixin/]: MixinPlatformAgentMinecraftForge rejected container SecureJarResource(almirion_utilities)
[13Sep2026 20:57:59.521] [main/DEBUG] [mixin/]: Instancing new MixinPlatformAgentDefault for SecureJarResource(almirion_utilities)
[13Sep2026 20:57:59.521] [main/DEBUG] [mixin/]: MixinPlatformAgentDefault accepted container SecureJarResource(almirion_utilities)
[13Sep2026 20:57:59.521] [main/DEBUG] [mixin/]: Processing prepare() for PlatformAgent[MixinPlatformAgentDefault:SecureJarResource(almirion_utilities)]
[13Sep2026 20:57:59.521] [main/DEBUG] [mixin/]: Registering mixin config: almirion_utilities.mixins.json
[13Sep2026 20:57:59.524] [main/DEBUG] [mixin/]: Adding mixin platform agents for container SecureJarResource(jujutsucraftutility)
[13Sep2026 20:57:59.528] [main/DEBUG] [mixin/]: Instancing new MixinPlatformAgentMinecraftForge for SecureJarResource(jujutsucraftutility)
[13Sep2026 20:57:59.528] [main/DEBUG] [mixin/]: MixinPlatformAgentMinecraftForge rejected container SecureJarResource(jujutsucraftutility)
[13Sep2026 20:57:59.528] [main/DEBUG] [mixin/]: Instancing new MixinPlatformAgentDefault for SecureJarResource(jujutsucraftutility)
[13Sep2026 20:57:59.528] [main/DEBUG] [mixin/]: MixinPlatformAgentDefault accepted container SecureJarResource(jujutsucraftutility)
[13Sep2026 20:57:59.528] [main/DEBUG] [mixin/]: Processing prepare() for PlatformAgent[MixinPlatformAgentDefault:SecureJarResource(jujutsucraftutility)]
[13Sep2026 20:57:59.528] [main/DEBUG] [mixin/]: Registering mixin config: jujutsucraftutility.mixins.json
[13Sep2026 20:57:59.530] [main/ERROR] [mixin/]: Mixin config jujutsucraftutility.mixins.json does not specify "minVersion" property
[13Sep2026 20:57:59.530] [main/DEBUG] [mixin/]: Adding mixin platform agents for container SecureJarResource(slyrienjujutsu)
[13Sep2026 20:57:59.530] [main/DEBUG] [mixin/]: Instancing new MixinPlatformAgentMinecraftForge for SecureJarResource(slyrienjujutsu)
[13Sep2026 20:57:59.530] [main/DEBUG] [mixin/]: MixinPlatformAgentMinecraftForge rejected container SecureJarResource(slyrienjujutsu)
[13Sep2026 20:57:59.530] [main/DEBUG] [mixin/]: Instancing new MixinPlatformAgentDefault for SecureJarResource(slyrienjujutsu)
[13Sep2026 20:57:59.530] [main/DEBUG] [mixin/]: MixinPlatformAgentDefault accepted container SecureJarResource(slyrienjujutsu)
[13Sep2026 20:57:59.530] [main/DEBUG] [mixin/]: Processing prepare() for PlatformAgent[MixinPlatformAgentDefault:SecureJarResource(slyrienjujutsu)]
[13Sep2026 20:57:59.530] [main/DEBUG] [mixin/]: Registering mixin config: slyrienjujutsu.mixins.json
[13Sep2026 20:57:59.534] [main/DEBUG] [mixin/]: Adding mixin platform agents for container SecureJarResource(jujutsuslop)
[13Sep2026 20:57:59.534] [main/DEBUG] [mixin/]: Instancing new MixinPlatformAgentMinecraftForge for SecureJarResource(jujutsuslop)
[13Sep2026 20:57:59.534] [main/DEBUG] [mixin/]: MixinPlatformAgentMinecraftForge rejected container SecureJarResource(jujutsuslop)
[13Sep2026 20:57:59.534] [main/DEBUG] [mixin/]: Instancing new MixinPlatformAgentDefault for SecureJarResource(jujutsuslop)
[13Sep2026 20:57:59.534] [main/DEBUG] [mixin/]: MixinPlatformAgentDefault accepted container SecureJarResource(jujutsuslop)
[13Sep2026 20:57:59.535] [main/DEBUG] [mixin/]: Processing prepare() for PlatformAgent[MixinPlatformAgentDefault:SecureJarResource(jujutsuslop)]
[13Sep2026 20:57:59.538] [main/DEBUG] [mixin/]: Registering mixin config: jujutsuslop.mixins.json
[13Sep2026 20:57:59.540] [main/DEBUG] [mixin/]: Adding mixin platform agents for container SecureJarResource(jjsh)
[13Sep2026 20:57:59.540] [main/DEBUG] [mixin/]: Instancing new MixinPlatformAgentMinecraftForge for SecureJarResource(jjsh)
[13Sep2026 20:57:59.540] [main/DEBUG] [mixin/]: MixinPlatformAgentMinecraftForge rejected container SecureJarResource(jjsh)
[13Sep2026 20:57:59.540] [main/DEBUG] [mixin/]: Instancing new MixinPlatformAgentDefault for SecureJarResource(jjsh)
[13Sep2026 20:57:59.540] [main/DEBUG] [mixin/]: MixinPlatformAgentDefault accepted container SecureJarResource(jjsh)
[13Sep2026 20:57:59.540] [main/DEBUG] [mixin/]: Processing prepare() for PlatformAgent[MixinPlatformAgentDefault:SecureJarResource(jjsh)]
[13Sep2026 20:57:59.543] [main/DEBUG] [mixin/]: Registering mixin config: jjsh.mixins.json
[13Sep2026 20:57:59.545] [main/DEBUG] [mixin/]: Adding mixin platform agents for container SecureJarResource(smoothchunk)
[13Sep2026 20:57:59.545] [main/DEBUG] [mixin/]: Instancing new MixinPlatformAgentMinecraftForge for SecureJarResource(smoothchunk)
[13Sep2026 20:57:59.545] [main/DEBUG] [mixin/]: MixinPlatformAgentMinecraftForge rejected container SecureJarResource(smoothchunk)
[13Sep2026 20:57:59.545] [main/DEBUG] [mixin/]: Instancing new MixinPlatformAgentDefault for SecureJarResource(smoothchunk)
[13Sep2026 20:57:59.545] [main/DEBUG] [mixin/]: MixinPlatformAgentDefault accepted container SecureJarResource(smoothchunk)
[13Sep2026 20:57:59.545] [main/DEBUG] [mixin/]: Processing prepare() for PlatformAgent[MixinPlatformAgentDefault:SecureJarResource(smoothchunk)]
[13Sep2026 20:57:59.545] [main/DEBUG] [mixin/]: Registering mixin config: smoothchunk.mixins.json
[13Sep2026 20:57:59.550] [main/DEBUG] [mixin/]: Adding mixin platform agents for container SecureJarResource(moonlight)
[13Sep2026 20:57:59.550] [main/DEBUG] [mixin/]: Instancing new MixinPlatformAgentMinecraftForge for SecureJarResource(moonlight)
[13Sep2026 20:57:59.550] [main/DEBUG] [mixin/]: MixinPlatformAgentMinecraftForge rejected container SecureJarResource(moonlight)
[13Sep2026 20:57:59.550] [main/DEBUG] [mixin/]: Instancing new MixinPlatformAgentDefault for SecureJarResource(moonlight)
[13Sep2026 20:57:59.550] [main/DEBUG] [mixin/]: MixinPlatformAgentDefault accepted container SecureJarResource(moonlight)
[13Sep2026 20:57:59.550] [main/DEBUG] [mixin/]: Processing prepare() for PlatformAgent[MixinPlatformAgentDefault:SecureJarResource(moonlight)]
[13Sep2026 20:57:59.550] [main/DEBUG] [mixin/]: Registering mixin config: moonlight-common.mixins.json
[13Sep2026 20:57:59.555] [main/DEBUG] [mixin/]: Registering mixin config: moonlight.mixins.json
[13Sep2026 20:57:59.557] [main/DEBUG] [mixin/]: Adding mixin platform agents for container SecureJarResource(slyrienmodern)
[13Sep2026 20:57:59.560] [main/DEBUG] [mixin/]: Instancing new MixinPlatformAgentMinecraftForge for SecureJarResource(slyrienmodern)
[13Sep2026 20:57:59.560] [main/DEBUG] [mixin/]: MixinPlatformAgentMinecraftForge rejected container SecureJarResource(slyrienmodern)
[13Sep2026 20:57:59.560] [main/DEBUG] [mixin/]: Instancing new MixinPlatformAgentDefault for SecureJarResource(slyrienmodern)
[13Sep2026 20:57:59.560] [main/DEBUG] [mixin/]: MixinPlatformAgentDefault accepted container SecureJarResource(slyrienmodern)
[13Sep2026 20:57:59.561] [main/DEBUG] [mixin/]: Processing prepare() for PlatformAgent[MixinPlatformAgentDefault:SecureJarResource(slyrienmodern)]
[13Sep2026 20:57:59.561] [main/DEBUG] [mixin/]: Registering mixin config: modern_jujutsu.mixins.json
[13Sep2026 20:57:59.562] [main/DEBUG] [mixin/]: Adding mixin platform agents for container SecureJarResource(fabric_api_base)
[13Sep2026 20:57:59.562] [main/DEBUG] [mixin/]: Instancing new MixinPlatformAgentMinecraftForge for SecureJarResource(fabric_api_base)
[13Sep2026 20:57:59.562] [main/DEBUG] [mixin/]: MixinPlatformAgentMinecraftForge rejected container SecureJarResource(fabric_api_base)
[13Sep2026 20:57:59.563] [main/DEBUG] [mixin/]: Instancing new MixinPlatformAgentDefault for SecureJarResource(fabric_api_base)
[13Sep2026 20:57:59.563] [main/DEBUG] [mixin/]: MixinPlatformAgentDefault accepted container SecureJarResource(fabric_api_base)
[13Sep2026 20:57:59.563] [main/DEBUG] [mixin/]: Processing prepare() for PlatformAgent[MixinPlatformAgentDefault:SecureJarResource(fabric_api_base)]
[13Sep2026 20:57:59.563] [main/DEBUG] [mixin/]: Registering mixin config: fabric-api-base.init.mixins.json
[13Sep2026 20:57:59.564] [main/DEBUG] [mixin/]: Adding mixin platform agents for container SecureJarResource(mousetweaks)
[13Sep2026 20:57:59.564] [main/DEBUG] [mixin/]: Instancing new MixinPlatformAgentMinecraftForge for SecureJarResource(mousetweaks)
[13Sep2026 20:57:59.564] [main/DEBUG] [mixin/]: MixinPlatformAgentMinecraftForge rejected container SecureJarResource(mousetweaks)
[13Sep2026 20:57:59.564] [main/DEBUG] [mixin/]: Instancing new MixinPlatformAgentDefault for SecureJarResource(mousetweaks)
[13Sep2026 20:57:59.564] [main/DEBUG] [mixin/]: MixinPlatformAgentDefault accepted container SecureJarResource(mousetweaks)
[13Sep2026 20:57:59.565] [main/DEBUG] [mixin/]: Processing prepare() for PlatformAgent[MixinPlatformAgentDefault:SecureJarResource(mousetweaks)]
[13Sep2026 20:57:59.565] [main/DEBUG] [mixin/]: Registering mixin config: mousetweaks.mixins.json
[13Sep2026 20:57:59.566] [main/DEBUG] [mixin/]: Adding mixin platform agents for container SecureJarResource(geto_storage_fix)
[13Sep2026 20:57:59.566] [main/DEBUG] [mixin/]: Instancing new MixinPlatformAgentMinecraftForge for SecureJarResource(geto_storage_fix)
[13Sep2026 20:57:59.566] [main/DEBUG] [mixin/]: MixinPlatformAgentMinecraftForge rejected container SecureJarResource(geto_storage_fix)
[13Sep2026 20:57:59.566] [main/DEBUG] [mixin/]: Instancing new MixinPlatformAgentDefault for SecureJarResource(geto_storage_fix)
[13Sep2026 20:57:59.566] [main/DEBUG] [mixin/]: MixinPlatformAgentDefault accepted container SecureJarResource(geto_storage_fix)
[13Sep2026 20:57:59.566] [main/DEBUG] [mixin/]: Processing prepare() for PlatformAgent[MixinPlatformAgentDefault:SecureJarResource(geto_storage_fix)]
[13Sep2026 20:57:59.567] [main/DEBUG] [mixin/]: Registering mixin config: geto_storage_fix.mixins.json
[13Sep2026 20:57:59.568] [main/DEBUG] [mixin/]: Adding mixin platform agents for container SecureJarResource(ftbquests)
[13Sep2026 20:57:59.569] [main/DEBUG] [mixin/]: Instancing new MixinPlatformAgentMinecraftForge for SecureJarResource(ftbquests)
[13Sep2026 20:57:59.569] [main/DEBUG] [mixin/]: MixinPlatformAgentMinecraftForge rejected container SecureJarResource(ftbquests)
[13Sep2026 20:57:59.569] [main/DEBUG] [mixin/]: Instancing new MixinPlatformAgentDefault for SecureJarResource(ftbquests)
[13Sep2026 20:57:59.569] [main/DEBUG] [mixin/]: MixinPlatformAgentDefault accepted container SecureJarResource(ftbquests)
[13Sep2026 20:57:59.569] [main/DEBUG] [mixin/]: Processing prepare() for PlatformAgent[MixinPlatformAgentDefault:SecureJarResource(ftbquests)]
[13Sep2026 20:57:59.569] [main/DEBUG] [mixin/]: Adding mixin platform agents for container SecureJarResource(ftbxmodcompat)
[13Sep2026 20:57:59.569] [main/DEBUG] [mixin/]: Instancing new MixinPlatformAgentMinecraftForge for SecureJarResource(ftbxmodcompat)
[13Sep2026 20:57:59.569] [main/DEBUG] [mixin/]: MixinPlatformAgentMinecraftForge rejected container SecureJarResource(ftbxmodcompat)
[13Sep2026 20:57:59.569] [main/DEBUG] [mixin/]: Instancing new MixinPlatformAgentDefault for SecureJarResource(ftbxmodcompat)
[13Sep2026 20:57:59.569] [main/DEBUG] [mixin/]: MixinPlatformAgentDefault accepted container SecureJarResource(ftbxmodcompat)
[13Sep2026 20:57:59.569] [main/DEBUG] [mixin/]: Processing prepare() for PlatformAgent[MixinPlatformAgentDefault:SecureJarResource(ftbxmodcompat)]
[13Sep2026 20:57:59.569] [main/DEBUG] [mixin/]: Adding mixin platform agents for container SecureJarResource(fabric_blockrenderlayer_v1)
[13Sep2026 20:57:59.569] [main/DEBUG] [mixin/]: Instancing new MixinPlatformAgentMinecraftForge for SecureJarResource(fabric_blockrenderlayer_v1)
[13Sep2026 20:57:59.569] [main/DEBUG] [mixin/]: MixinPlatformAgentMinecraftForge rejected container SecureJarResource(fabric_blockrenderlayer_v1)
[13Sep2026 20:57:59.569] [main/DEBUG] [mixin/]: Instancing new MixinPlatformAgentDefault for SecureJarResource(fabric_blockrenderlayer_v1)
[13Sep2026 20:57:59.569] [main/DEBUG] [mixin/]: MixinPlatformAgentDefault accepted container SecureJarResource(fabric_blockrenderlayer_v1)
[13Sep2026 20:57:59.569] [main/DEBUG] [mixin/]: Processing prepare() for PlatformAgent[MixinPlatformAgentDefault:SecureJarResource(fabric_blockrenderlayer_v1)]
[13Sep2026 20:57:59.569] [main/DEBUG] [mixin/]: Registering mixin config: fabric-blockrenderlayer-v1.mixins.json
[13Sep2026 20:57:59.571] [main/DEBUG] [mixin/]: Adding mixin platform agents for container SecureJarResource(mixinsquared)
[13Sep2026 20:57:59.571] [main/DEBUG] [mixin/]: Instancing new MixinPlatformAgentMinecraftForge for SecureJarResource(mixinsquared)
[13Sep2026 20:57:59.571] [main/DEBUG] [mixin/]: MixinPlatformAgentMinecraftForge rejected container SecureJarResource(mixinsquared)
[13Sep2026 20:57:59.571] [main/DEBUG] [mixin/]: Instancing new MixinPlatformAgentDefault for SecureJarResource(mixinsquared)
[13Sep2026 20:57:59.571] [main/DEBUG] [mixin/]: MixinPlatformAgentDefault accepted container SecureJarResource(mixinsquared)
[13Sep2026 20:57:59.572] [main/DEBUG] [mixin/]: Processing prepare() for PlatformAgent[MixinPlatformAgentDefault:SecureJarResource(mixinsquared)]
[13Sep2026 20:57:59.572] [main/DEBUG] [mixin/]: Registering mixin config: mixinsquared.init.mixins.json
[13Sep2026 20:57:59.574] [main/DEBUG] [mixin/]: Adding mixin platform agents for container SecureJarResource(jade)
[13Sep2026 20:57:59.574] [main/DEBUG] [mixin/]: Instancing new MixinPlatformAgentMinecraftForge for SecureJarResource(jade)
[13Sep2026 20:57:59.574] [main/DEBUG] [mixin/]: MixinPlatformAgentMinecraftForge rejected container SecureJarResource(jade)
[13Sep2026 20:57:59.574] [main/DEBUG] [mixin/]: Instancing new MixinPlatformAgentDefault for SecureJarResource(jade)
[13Sep2026 20:57:59.574] [main/DEBUG] [mixin/]: MixinPlatformAgentDefault accepted container SecureJarResource(jade)
[13Sep2026 20:57:59.574] [main/DEBUG] [mixin/]: Processing prepare() for PlatformAgent[MixinPlatformAgentDefault:SecureJarResource(jade)]
[13Sep2026 20:57:59.574] [main/DEBUG] [mixin/]: Registering mixin config: jade.mixins.json
[13Sep2026 20:57:59.576] [main/DEBUG] [mixin/]: Compatibility level JAVA_16 specified by jade.mixins.json is higher than the maximum level supported by this version of mixin (JAVA_13).
[13Sep2026 20:57:59.577] [main/DEBUG] [mixin/]: Adding mixin platform agents for container SecureJarResource(creativecore)
[13Sep2026 20:57:59.577] [main/DEBUG] [mixin/]: Instancing new MixinPlatformAgentMinecraftForge for SecureJarResource(creativecore)
[13Sep2026 20:57:59.577] [main/DEBUG] [mixin/]: MixinPlatformAgentMinecraftForge rejected container SecureJarResource(creativecore)
[13Sep2026 20:57:59.577] [main/DEBUG] [mixin/]: Instancing new MixinPlatformAgentDefault for SecureJarResource(creativecore)
[13Sep2026 20:57:59.577] [main/DEBUG] [mixin/]: MixinPlatformAgentDefault accepted container SecureJarResource(creativecore)
[13Sep2026 20:57:59.577] [main/DEBUG] [mixin/]: Processing prepare() for PlatformAgent[MixinPlatformAgentDefault:SecureJarResource(creativecore)]
[13Sep2026 20:57:59.577] [main/DEBUG] [mixin/]: Registering mixin config: creativecore.mixins.json
[13Sep2026 20:57:59.599] [main/DEBUG] [mixin/]: Registering mixin config: creativecore.forge.mixins.json
[13Sep2026 20:57:59.605] [main/DEBUG] [mixin/]: Adding mixin platform agents for container SecureJarResource(fabric_block_api_v1)
[13Sep2026 20:57:59.605] [main/DEBUG] [mixin/]: Instancing new MixinPlatformAgentMinecraftForge for SecureJarResource(fabric_block_api_v1)
[13Sep2026 20:57:59.605] [main/DEBUG] [mixin/]: MixinPlatformAgentMinecraftForge rejected container SecureJarResource(fabric_block_api_v1)
[13Sep2026 20:57:59.606] [main/DEBUG] [mixin/]: Instancing new MixinPlatformAgentDefault for SecureJarResource(fabric_block_api_v1)
[13Sep2026 20:57:59.606] [main/DEBUG] [mixin/]: MixinPlatformAgentDefault accepted container SecureJarResource(fabric_block_api_v1)
[13Sep2026 20:57:59.606] [main/DEBUG] [mixin/]: Processing prepare() for PlatformAgent[MixinPlatformAgentDefault:SecureJarResource(fabric_block_api_v1)]
[13Sep2026 20:57:59.606] [main/DEBUG] [mixin/]: Adding mixin platform agents for container SecureJarResource(fabric_resource_conditions_api_v1)
[13Sep2026 20:57:59.606] [main/DEBUG] [mixin/]: Instancing new MixinPlatformAgentMinecraftForge for SecureJarResource(fabric_resource_conditions_api_v1)
[13Sep2026 20:57:59.606] [main/DEBUG] [mixin/]: MixinPlatformAgentMinecraftForge rejected container SecureJarResource(fabric_resource_conditions_api_v1)
[13Sep2026 20:57:59.606] [main/DEBUG] [mixin/]: Instancing new MixinPlatformAgentDefault for SecureJarResource(fabric_resource_conditions_api_v1)
[13Sep2026 20:57:59.606] [main/DEBUG] [mixin/]: MixinPlatformAgentDefault accepted container SecureJarResource(fabric_resource_conditions_api_v1)
[13Sep2026 20:57:59.606] [main/DEBUG] [mixin/]: Processing prepare() for PlatformAgent[MixinPlatformAgentDefault:SecureJarResource(fabric_resource_conditions_api_v1)]
[13Sep2026 20:57:59.606] [main/DEBUG] [mixin/]: Registering mixin config: fabric-resource-conditions-api-v1.mixins.json
[13Sep2026 20:57:59.615] [main/DEBUG] [mixin/]: Compatibility level JAVA_16 specified by fabric-resource-conditions-api-v1.mixins.json is higher than the maximum level supported by this version of mixin (JAVA_13).
[13Sep2026 20:57:59.616] [main/DEBUG] [mixin/]: Adding mixin platform agents for container SecureJarResource(golden_age_jujutsu)
[13Sep2026 20:57:59.616] [main/DEBUG] [mixin/]: Instancing new MixinPlatformAgentMinecraftForge for SecureJarResource(golden_age_jujutsu)
[13Sep2026 20:57:59.616] [main/DEBUG] [mixin/]: MixinPlatformAgentMinecraftForge rejected container SecureJarResource(golden_age_jujutsu)
[13Sep2026 20:57:59.616] [main/DEBUG] [mixin/]: Instancing new MixinPlatformAgentDefault for SecureJarResource(golden_age_jujutsu)
[13Sep2026 20:57:59.616] [main/DEBUG] [mixin/]: MixinPlatformAgentDefault accepted container SecureJarResource(golden_age_jujutsu)
[13Sep2026 20:57:59.616] [main/DEBUG] [mixin/]: Processing prepare() for PlatformAgent[MixinPlatformAgentDefault:SecureJarResource(golden_age_jujutsu)]
[13Sep2026 20:57:59.616] [main/DEBUG] [mixin/]: Adding mixin platform agents for container SecureJarResource(ftbxaerocompat)
[13Sep2026 20:57:59.616] [main/DEBUG] [mixin/]: Instancing new MixinPlatformAgentMinecraftForge for SecureJarResource(ftbxaerocompat)
[13Sep2026 20:57:59.616] [main/DEBUG] [mixin/]: MixinPlatformAgentMinecraftForge rejected container SecureJarResource(ftbxaerocompat)
[13Sep2026 20:57:59.616] [main/DEBUG] [mixin/]: Instancing new MixinPlatformAgentDefault for SecureJarResource(ftbxaerocompat)
[13Sep2026 20:57:59.616] [main/DEBUG] [mixin/]: MixinPlatformAgentDefault accepted container SecureJarResource(ftbxaerocompat)
[13Sep2026 20:57:59.616] [main/DEBUG] [mixin/]: Processing prepare() for PlatformAgent[MixinPlatformAgentDefault:SecureJarResource(ftbxaerocompat)]
[13Sep2026 20:57:59.616] [main/DEBUG] [mixin/]: Registering mixin config: ftbxaerocompat.mixins.json
[13Sep2026 20:57:59.622] [main/DEBUG] [mixin/]: Adding mixin platform agents for container SecureJarResource(xaerominimap)
[13Sep2026 20:57:59.625] [main/DEBUG] [mixin/]: Instancing new MixinPlatformAgentMinecraftForge for SecureJarResource(xaerominimap)
[13Sep2026 20:57:59.625] [main/DEBUG] [mixin/]: MixinPlatformAgentMinecraftForge rejected container SecureJarResource(xaerominimap)
[13Sep2026 20:57:59.625] [main/DEBUG] [mixin/]: Instancing new MixinPlatformAgentDefault for SecureJarResource(xaerominimap)
[13Sep2026 20:57:59.626] [main/DEBUG] [mixin/]: MixinPlatformAgentDefault accepted container SecureJarResource(xaerominimap)
[13Sep2026 20:57:59.626] [main/DEBUG] [mixin/]: Processing prepare() for PlatformAgent[MixinPlatformAgentDefault:SecureJarResource(xaerominimap)]
[13Sep2026 20:57:59.626] [main/DEBUG] [mixin/]: Registering mixin config: xaerohud.mixins.json
[13Sep2026 20:57:59.634] [main/DEBUG] [mixin/]: Registering mixin config: xaerohud.forge.mixins.json
[13Sep2026 20:57:59.642] [main/DEBUG] [mixin/]: Registering mixin config: xaerominimap.mixins.json
[13Sep2026 20:57:59.648] [main/DEBUG] [mixin/]: Registering mixin config: xaerominimap.forge.mixins.json
[13Sep2026 20:57:59.654] [main/DEBUG] [mixin/]: Adding mixin platform agents for container SecureJarResource(fabric_item_group_api_v1)
[13Sep2026 20:57:59.654] [main/DEBUG] [mixin/]: Instancing new MixinPlatformAgentMinecraftForge for SecureJarResource(fabric_item_group_api_v1)
[13Sep2026 20:57:59.654] [main/DEBUG] [mixin/]: MixinPlatformAgentMinecraftForge rejected container SecureJarResource(fabric_item_group_api_v1)
[13Sep2026 20:57:59.654] [main/DEBUG] [mixin/]: Instancing new MixinPlatformAgentDefault for SecureJarResource(fabric_item_group_api_v1)
[13Sep2026 20:57:59.654] [main/DEBUG] [mixin/]: MixinPlatformAgentDefault accepted container SecureJarResource(fabric_item_group_api_v1)
[13Sep2026 20:57:59.655] [main/DEBUG] [mixin/]: Processing prepare() for PlatformAgent[MixinPlatformAgentDefault:SecureJarResource(fabric_item_group_api_v1)]
[13Sep2026 20:57:59.655] [main/DEBUG] [mixin/]: Registering mixin config: fabric-item-group-api-v1.mixins.json
[13Sep2026 20:57:59.660] [main/ERROR] [mixin/]: Mixin config fabric-item-group-api-v1.mixins.json does not specify "minVersion" property
[13Sep2026 20:57:59.660] [main/DEBUG] [mixin/]: Registering mixin config: fabric-item-group-api-v1.client.mixins.json
[13Sep2026 20:57:59.665] [main/ERROR] [mixin/]: Mixin config fabric-item-group-api-v1.client.mixins.json does not specify "minVersion" property
[13Sep2026 20:57:59.665] [main/DEBUG] [mixin/]: Adding mixin platform agents for container SecureJarResource(clearlagplus)
[13Sep2026 20:57:59.665] [main/DEBUG] [mixin/]: Instancing new MixinPlatformAgentMinecraftForge for SecureJarResource(clearlagplus)
[13Sep2026 20:57:59.666] [main/DEBUG] [mixin/]: MixinPlatformAgentMinecraftForge rejected container SecureJarResource(clearlagplus)
[13Sep2026 20:57:59.666] [main/DEBUG] [mixin/]: Instancing new MixinPlatformAgentDefault for SecureJarResource(clearlagplus)
[13Sep2026 20:57:59.666] [main/DEBUG] [mixin/]: MixinPlatformAgentDefault accepted container SecureJarResource(clearlagplus)
[13Sep2026 20:57:59.666] [main/DEBUG] [mixin/]: Processing prepare() for PlatformAgent[MixinPlatformAgentDefault:SecureJarResource(clearlagplus)]
[13Sep2026 20:57:59.666] [main/DEBUG] [mixin/]: Adding mixin platform agents for container SecureJarResource(entityculling)
[13Sep2026 20:57:59.666] [main/DEBUG] [mixin/]: Instancing new MixinPlatformAgentMinecraftForge for SecureJarResource(entityculling)
[13Sep2026 20:57:59.666] [main/DEBUG] [mixin/]: MixinPlatformAgentMinecraftForge rejected container SecureJarResource(entityculling)
[13Sep2026 20:57:59.666] [main/DEBUG] [mixin/]: Instancing new MixinPlatformAgentDefault for SecureJarResource(entityculling)
[13Sep2026 20:57:59.666] [main/DEBUG] [mixin/]: MixinPlatformAgentDefault accepted container SecureJarResource(entityculling)
[13Sep2026 20:57:59.666] [main/DEBUG] [mixin/]: Processing prepare() for PlatformAgent[MixinPlatformAgentDefault:SecureJarResource(entityculling)]
[13Sep2026 20:57:59.666] [main/DEBUG] [mixin/]: Registering mixin config: entityculling.mixins.json
[13Sep2026 20:57:59.691] [main/DEBUG] [mixin/]: Compatibility level JAVA_16 specified by entityculling.mixins.json is higher than the maximum level supported by this version of mixin (JAVA_13).
[13Sep2026 20:57:59.691] [main/DEBUG] [mixin/]: Adding mixin platform agents for container SecureJarResource(fabric_biome_api_v1)
[13Sep2026 20:57:59.691] [main/DEBUG] [mixin/]: Instancing new MixinPlatformAgentMinecraftForge for SecureJarResource(fabric_biome_api_v1)
[13Sep2026 20:57:59.691] [main/DEBUG] [mixin/]: MixinPlatformAgentMinecraftForge rejected container SecureJarResource(fabric_biome_api_v1)
[13Sep2026 20:57:59.691] [main/DEBUG] [mixin/]: Instancing new MixinPlatformAgentDefault for SecureJarResource(fabric_biome_api_v1)
[13Sep2026 20:57:59.691] [main/DEBUG] [mixin/]: MixinPlatformAgentDefault accepted container SecureJarResource(fabric_biome_api_v1)
[13Sep2026 20:57:59.691] [main/DEBUG] [mixin/]: Processing prepare() for PlatformAgent[MixinPlatformAgentDefault:SecureJarResource(fabric_biome_api_v1)]
[13Sep2026 20:57:59.691] [main/DEBUG] [mixin/]: Registering mixin config: fabric-biome-api-v1.mixins.json
[13Sep2026 20:57:59.699] [main/DEBUG] [mixin/]: Compatibility level JAVA_16 specified by fabric-biome-api-v1.mixins.json is higher than the maximum level supported by this version of mixin (JAVA_13).
[13Sep2026 20:57:59.702] [main/DEBUG] [mixin/]: Adding mixin platform agents for container SecureJarResource(damageindicator)
[13Sep2026 20:57:59.702] [main/DEBUG] [mixin/]: Instancing new MixinPlatformAgentMinecraftForge for SecureJarResource(damageindicator)
[13Sep2026 20:57:59.702] [main/DEBUG] [mixin/]: MixinPlatformAgentMinecraftForge rejected container SecureJarResource(damageindicator)
[13Sep2026 20:57:59.702] [main/DEBUG] [mixin/]: Instancing new MixinPlatformAgentDefault for SecureJarResource(damageindicator)
[13Sep2026 20:57:59.702] [main/DEBUG] [mixin/]: MixinPlatformAgentDefault accepted container SecureJarResource(damageindicator)
[13Sep2026 20:57:59.702] [main/DEBUG] [mixin/]: Processing prepare() for PlatformAgent[MixinPlatformAgentDefault:SecureJarResource(damageindicator)]
[13Sep2026 20:57:59.702] [main/DEBUG] [mixin/]: Adding mixin platform agents for container SecureJarResource(fabric_registry_sync_v0)
[13Sep2026 20:57:59.702] [main/DEBUG] [mixin/]: Instancing new MixinPlatformAgentMinecraftForge for SecureJarResource(fabric_registry_sync_v0)
[13Sep2026 20:57:59.702] [main/DEBUG] [mixin/]: MixinPlatformAgentMinecraftForge rejected container SecureJarResource(fabric_registry_sync_v0)
[13Sep2026 20:57:59.702] [main/DEBUG] [mixin/]: Instancing new MixinPlatformAgentDefault for SecureJarResource(fabric_registry_sync_v0)
[13Sep2026 20:57:59.702] [main/DEBUG] [mixin/]: MixinPlatformAgentDefault accepted container SecureJarResource(fabric_registry_sync_v0)
[13Sep2026 20:57:59.702] [main/DEBUG] [mixin/]: Processing prepare() for PlatformAgent[MixinPlatformAgentDefault:SecureJarResource(fabric_registry_sync_v0)]
[13Sep2026 20:57:59.702] [main/DEBUG] [mixin/]: Registering mixin config: fabric-registry-sync-v0.mixins.json
[13Sep2026 20:57:59.712] [main/DEBUG] [mixin/]: Compatibility level JAVA_16 specified by fabric-registry-sync-v0.mixins.json is higher than the maximum level supported by this version of mixin (JAVA_13).
[13Sep2026 20:57:59.714] [main/DEBUG] [mixin/]: Registering mixin config: fabric-registry-sync-v0.client.mixins.json
[13Sep2026 20:57:59.719] [main/DEBUG] [mixin/]: Compatibility level JAVA_16 specified by fabric-registry-sync-v0.client.mixins.json is higher than the maximum level supported by this version of mixin (JAVA_13).
[13Sep2026 20:57:59.720] [main/DEBUG] [mixin/]: Adding mixin platform agents for container SecureJarResource(immediatelyfast)
[13Sep2026 20:57:59.720] [main/DEBUG] [mixin/]: Instancing new MixinPlatformAgentMinecraftForge for SecureJarResource(immediatelyfast)
[13Sep2026 20:57:59.720] [main/DEBUG] [mixin/]: MixinPlatformAgentMinecraftForge rejected container SecureJarResource(immediatelyfast)
[13Sep2026 20:57:59.720] [main/DEBUG] [mixin/]: Instancing new MixinPlatformAgentDefault for SecureJarResource(immediatelyfast)
[13Sep2026 20:57:59.720] [main/DEBUG] [mixin/]: MixinPlatformAgentDefault accepted container SecureJarResource(immediatelyfast)
[13Sep2026 20:57:59.721] [main/DEBUG] [mixin/]: Processing prepare() for PlatformAgent[MixinPlatformAgentDefault:SecureJarResource(immediatelyfast)]
[13Sep2026 20:57:59.721] [main/DEBUG] [mixin/]: Registering mixin config: immediatelyfast-common.mixins.json
[13Sep2026 20:57:59.729] [main/DEBUG] [mixin/]: Registering mixin config: immediatelyfast-forge.mixins.json
[13Sep2026 20:57:59.737] [main/DEBUG] [mixin/]: Adding mixin platform agents for container SecureJarResource(jujutsucrafts)
[13Sep2026 20:57:59.737] [main/DEBUG] [mixin/]: Instancing new MixinPlatformAgentMinecraftForge for SecureJarResource(jujutsucrafts)
[13Sep2026 20:57:59.737] [main/DEBUG] [mixin/]: MixinPlatformAgentMinecraftForge rejected container SecureJarResource(jujutsucrafts)
[13Sep2026 20:57:59.737] [main/DEBUG] [mixin/]: Instancing new MixinPlatformAgentDefault for SecureJarResource(jujutsucrafts)
[13Sep2026 20:57:59.737] [main/DEBUG] [mixin/]: MixinPlatformAgentDefault accepted container SecureJarResource(jujutsucrafts)
[13Sep2026 20:57:59.737] [main/DEBUG] [mixin/]: Processing prepare() for PlatformAgent[MixinPlatformAgentDefault:SecureJarResource(jujutsucrafts)]
[13Sep2026 20:57:59.737] [main/DEBUG] [mixin/]: Registering mixin config: mixins.jujutsucrafts.json
[13Sep2026 20:57:59.740] [main/DEBUG] [mixin/]: Adding mixin platform agents for container SecureJarResource(gbf)
[13Sep2026 20:57:59.740] [main/DEBUG] [mixin/]: Instancing new MixinPlatformAgentMinecraftForge for SecureJarResource(gbf)
[13Sep2026 20:57:59.740] [main/DEBUG] [mixin/]: MixinPlatformAgentMinecraftForge rejected container SecureJarResource(gbf)
[13Sep2026 20:57:59.740] [main/DEBUG] [mixin/]: Instancing new MixinPlatformAgentDefault for SecureJarResource(gbf)
[13Sep2026 20:57:59.740] [main/DEBUG] [mixin/]: MixinPlatformAgentDefault accepted container SecureJarResource(gbf)
[13Sep2026 20:57:59.740] [main/DEBUG] [mixin/]: Processing prepare() for PlatformAgent[MixinPlatformAgentDefault:SecureJarResource(gbf)]
[13Sep2026 20:57:59.740] [main/DEBUG] [mixin/]: Registering mixin config: gbf.mixins.json
[13Sep2026 20:57:59.758] [main/DEBUG] [mixin/]: Compatibility level JAVA_8 specified by gbf.mixins.json is lower than the default level supported by the current mixin service (JAVA_16).
[13Sep2026 20:57:59.763] [main/DEBUG] [mixin/]: Adding mixin platform agents for container SecureJarResource(fabric_recipe_api_v1)
[13Sep2026 20:57:59.763] [main/DEBUG] [mixin/]: Instancing new MixinPlatformAgentMinecraftForge for SecureJarResource(fabric_recipe_api_v1)
[13Sep2026 20:57:59.763] [main/DEBUG] [mixin/]: MixinPlatformAgentMinecraftForge rejected container SecureJarResource(fabric_recipe_api_v1)
[13Sep2026 20:57:59.763] [main/DEBUG] [mixin/]: Instancing new MixinPlatformAgentDefault for SecureJarResource(fabric_recipe_api_v1)
[13Sep2026 20:57:59.763] [main/DEBUG] [mixin/]: MixinPlatformAgentDefault accepted container SecureJarResource(fabric_recipe_api_v1)
[13Sep2026 20:57:59.763] [main/DEBUG] [mixin/]: Processing prepare() for PlatformAgent[MixinPlatformAgentDefault:SecureJarResource(fabric_recipe_api_v1)]
[13Sep2026 20:57:59.764] [main/DEBUG] [mixin/]: Registering mixin config: fabric-recipe-api-v1.mixins.json
[13Sep2026 20:57:59.769] [main/DEBUG] [mixin/]: Adding mixin platform agents for container SecureJarResource(lootr)
[13Sep2026 20:57:59.771] [main/DEBUG] [mixin/]: Instancing new MixinPlatformAgentMinecraftForge for SecureJarResource(lootr)
[13Sep2026 20:57:59.771] [main/DEBUG] [mixin/]: MixinPlatformAgentMinecraftForge rejected container SecureJarResource(lootr)
[13Sep2026 20:57:59.771] [main/DEBUG] [mixin/]: Instancing new MixinPlatformAgentDefault for SecureJarResource(lootr)
[13Sep2026 20:57:59.771] [main/DEBUG] [mixin/]: MixinPlatformAgentDefault accepted container SecureJarResource(lootr)
[13Sep2026 20:57:59.771] [main/DEBUG] [mixin/]: Processing prepare() for PlatformAgent[MixinPlatformAgentDefault:SecureJarResource(lootr)]
[13Sep2026 20:57:59.771] [main/DEBUG] [mixin/]: Registering mixin config: lootr.mixins.json
[13Sep2026 20:57:59.783] [main/DEBUG] [mixin/]: Adding mixin platform agents for container SecureJarResource(ferritecore)
[13Sep2026 20:57:59.783] [main/DEBUG] [mixin/]: Instancing new MixinPlatformAgentMinecraftForge for SecureJarResource(ferritecore)
[13Sep2026 20:57:59.783] [main/DEBUG] [mixin/]: MixinPlatformAgentMinecraftForge rejected container SecureJarResource(ferritecore)
[13Sep2026 20:57:59.783] [main/DEBUG] [mixin/]: Instancing new MixinPlatformAgentDefault for SecureJarResource(ferritecore)
[13Sep2026 20:57:59.783] [main/DEBUG] [mixin/]: MixinPlatformAgentDefault accepted container SecureJarResource(ferritecore)
[13Sep2026 20:57:59.783] [main/DEBUG] [mixin/]: Processing prepare() for PlatformAgent[MixinPlatformAgentDefault:SecureJarResource(ferritecore)]
[13Sep2026 20:57:59.783] [main/DEBUG] [mixin/]: Registering mixin config: ferritecore.predicates.mixin.json
[13Sep2026 20:57:59.788] [main/DEBUG] [mixin/]: Registering mixin config: ferritecore.fastmap.mixin.json
[13Sep2026 20:57:59.796] [main/DEBUG] [mixin/]: Registering mixin config: ferritecore.mrl.mixin.json
[13Sep2026 20:57:59.801] [main/DEBUG] [mixin/]: Registering mixin config: ferritecore.dedupmultipart.mixin.json
[13Sep2026 20:57:59.810] [main/DEBUG] [mixin/]: Registering mixin config: ferritecore.blockstatecache.mixin.json
[13Sep2026 20:57:59.819] [main/DEBUG] [mixin/]: Registering mixin config: ferritecore.dedupbakedquad.mixin.json
[13Sep2026 20:57:59.832] [main/DEBUG] [mixin/]: Registering mixin config: ferritecore.threaddetec.mixin.json
[13Sep2026 20:57:59.844] [main/DEBUG] [mixin/]: Registering mixin config: ferritecore.modelsides.mixin.json
[13Sep2026 20:57:59.852] [main/DEBUG] [mixin/]: Adding mixin platform agents for container SecureJarResource(fabric_object_builder_api_v1)
[13Sep2026 20:57:59.853] [main/DEBUG] [mixin/]: Instancing new MixinPlatformAgentMinecraftForge for SecureJarResource(fabric_object_builder_api_v1)
[13Sep2026 20:57:59.853] [main/DEBUG] [mixin/]: MixinPlatformAgentMinecraftForge rejected container SecureJarResource(fabric_object_builder_api_v1)
[13Sep2026 20:57:59.853] [main/DEBUG] [mixin/]: Instancing new MixinPlatformAgentDefault for SecureJarResource(fabric_object_builder_api_v1)
[13Sep2026 20:57:59.853] [main/DEBUG] [mixin/]: MixinPlatformAgentDefault accepted container SecureJarResource(fabric_object_builder_api_v1)
[13Sep2026 20:57:59.853] [main/DEBUG] [mixin/]: Processing prepare() for PlatformAgent[MixinPlatformAgentDefault:SecureJarResource(fabric_object_builder_api_v1)]
[13Sep2026 20:57:59.853] [main/DEBUG] [mixin/]: Registering mixin config: fabric-object-builder-v1.mixins.json
[13Sep2026 20:57:59.863] [main/DEBUG] [mixin/]: Compatibility level JAVA_16 specified by fabric-object-builder-v1.mixins.json is higher than the maximum level supported by this version of mixin (JAVA_13).
[13Sep2026 20:57:59.863] [main/DEBUG] [mixin/]: Adding mixin platform agents for container SecureJarResource(embeddium_extra)
[13Sep2026 20:57:59.863] [main/DEBUG] [mixin/]: Instancing new MixinPlatformAgentMinecraftForge for SecureJarResource(embeddium_extra)
[13Sep2026 20:57:59.863] [main/DEBUG] [mixin/]: MixinPlatformAgentMinecraftForge rejected container SecureJarResource(embeddium_extra)
[13Sep2026 20:57:59.863] [main/DEBUG] [mixin/]: Instancing new MixinPlatformAgentDefault for SecureJarResource(embeddium_extra)
[13Sep2026 20:57:59.863] [main/DEBUG] [mixin/]: MixinPlatformAgentDefault accepted container SecureJarResource(embeddium_extra)
[13Sep2026 20:57:59.863] [main/DEBUG] [mixin/]: Processing prepare() for PlatformAgent[MixinPlatformAgentDefault:SecureJarResource(embeddium_extra)]
[13Sep2026 20:57:59.863] [main/DEBUG] [mixin/]: Registering mixin config: sodium-extra.mixins.json
[13Sep2026 20:57:59.869] [main/DEBUG] [mixin/]: Adding mixin platform agents for container SecureJarResource(immersivemessages)
[13Sep2026 20:57:59.869] [main/DEBUG] [mixin/]: Instancing new MixinPlatformAgentMinecraftForge for SecureJarResource(immersivemessages)
[13Sep2026 20:57:59.869] [main/DEBUG] [mixin/]: MixinPlatformAgentMinecraftForge rejected container SecureJarResource(immersivemessages)
[13Sep2026 20:57:59.869] [main/DEBUG] [mixin/]: Instancing new MixinPlatformAgentDefault for SecureJarResource(immersivemessages)
[13Sep2026 20:57:59.869] [main/DEBUG] [mixin/]: MixinPlatformAgentDefault accepted container SecureJarResource(immersivemessages)
[13Sep2026 20:57:59.869] [main/DEBUG] [mixin/]: Processing prepare() for PlatformAgent[MixinPlatformAgentDefault:SecureJarResource(immersivemessages)]
[13Sep2026 20:57:59.869] [main/DEBUG] [mixin/]: Registering mixin config: mixins.immersivemessages.json
[13Sep2026 20:57:59.879] [main/DEBUG] [mixin/]: Adding mixin platform agents for container SecureJarResource(fabric_sound_api_v1)
[13Sep2026 20:57:59.879] [main/DEBUG] [mixin/]: Instancing new MixinPlatformAgentMinecraftForge for SecureJarResource(fabric_sound_api_v1)
[13Sep2026 20:57:59.879] [main/DEBUG] [mixin/]: MixinPlatformAgentMinecraftForge rejected container SecureJarResource(fabric_sound_api_v1)
[13Sep2026 20:57:59.879] [main/DEBUG] [mixin/]: Instancing new MixinPlatformAgentDefault for SecureJarResource(fabric_sound_api_v1)
[13Sep2026 20:57:59.879] [main/DEBUG] [mixin/]: MixinPlatformAgentDefault accepted container SecureJarResource(fabric_sound_api_v1)
[13Sep2026 20:57:59.879] [main/DEBUG] [mixin/]: Processing prepare() for PlatformAgent[MixinPlatformAgentDefault:SecureJarResource(fabric_sound_api_v1)]
[13Sep2026 20:57:59.879] [main/DEBUG] [mixin/]: Registering mixin config: fabric-sound-api-v1.mixins.json
[13Sep2026 20:57:59.887] [main/DEBUG] [mixin/]: Adding mixin platform agents for container SecureJarResource(fabric_message_api_v1)
[13Sep2026 20:57:59.887] [main/DEBUG] [mixin/]: Instancing new MixinPlatformAgentMinecraftForge for SecureJarResource(fabric_message_api_v1)
[13Sep2026 20:57:59.887] [main/DEBUG] [mixin/]: MixinPlatformAgentMinecraftForge rejected container SecureJarResource(fabric_message_api_v1)
[13Sep2026 20:57:59.887] [main/DEBUG] [mixin/]: Instancing new MixinPlatformAgentDefault for SecureJarResource(fabric_message_api_v1)
[13Sep2026 20:57:59.887] [main/DEBUG] [mixin/]: MixinPlatformAgentDefault accepted container SecureJarResource(fabric_message_api_v1)
[13Sep2026 20:57:59.887] [main/DEBUG] [mixin/]: Processing prepare() for PlatformAgent[MixinPlatformAgentDefault:SecureJarResource(fabric_message_api_v1)]
[13Sep2026 20:57:59.887] [main/DEBUG] [mixin/]: Registering mixin config: fabric-message-api-v1.mixins.json
[13Sep2026 20:57:59.895] [main/DEBUG] [mixin/]: Compatibility level JAVA_16 specified by fabric-message-api-v1.mixins.json is higher than the maximum level supported by this version of mixin (JAVA_13).
[13Sep2026 20:57:59.895] [main/DEBUG] [mixin/]: Registering mixin config: fabric-message-api-v1.client.mixins.json
[13Sep2026 20:57:59.903] [main/DEBUG] [mixin/]: Adding mixin platform agents for container SecureJarResource(packetfixer)
[13Sep2026 20:57:59.903] [main/DEBUG] [mixin/]: Instancing new MixinPlatformAgentMinecraftForge for SecureJarResource(packetfixer)
[13Sep2026 20:57:59.903] [main/DEBUG] [mixin/]: MixinPlatformAgentMinecraftForge rejected container SecureJarResource(packetfixer)
[13Sep2026 20:57:59.903] [main/DEBUG] [mixin/]: Instancing new MixinPlatformAgentDefault for SecureJarResource(packetfixer)
[13Sep2026 20:57:59.903] [main/DEBUG] [mixin/]: MixinPlatformAgentDefault accepted container SecureJarResource(packetfixer)
[13Sep2026 20:57:59.903] [main/DEBUG] [mixin/]: Processing prepare() for PlatformAgent[MixinPlatformAgentDefault:SecureJarResource(packetfixer)]
[13Sep2026 20:57:59.903] [main/DEBUG] [mixin/]: Registering mixin config: packetfixer.v1_18.forge.mixins.json
[13Sep2026 20:57:59.914] [main/DEBUG] [mixin/]: Registering mixin config: packetfixer.v1_19.forge.mixins.json
[13Sep2026 20:57:59.923] [main/DEBUG] [mixin/]: Registering mixin config: packetfixer.v1_19_3.forge.mixins.json
[13Sep2026 20:57:59.932] [main/DEBUG] [mixin/]: Registering mixin config: packetfixer.v1_19_4.forge.mixins.json
[13Sep2026 20:57:59.937] [main/DEBUG] [mixin/]: Registering mixin config: packetfixer.v1_20_2.forge.mixins.json
[13Sep2026 20:57:59.950] [main/DEBUG] [mixin/]: Adding mixin platform agents for container SecureJarResource(fabric_data_generation_api_v1)
[13Sep2026 20:57:59.951] [main/DEBUG] [mixin/]: Instancing new MixinPlatformAgentMinecraftForge for SecureJarResource(fabric_data_generation_api_v1)
[13Sep2026 20:57:59.951] [main/DEBUG] [mixin/]: MixinPlatformAgentMinecraftForge rejected container SecureJarResource(fabric_data_generation_api_v1)
[13Sep2026 20:57:59.951] [main/DEBUG] [mixin/]: Instancing new MixinPlatformAgentDefault for SecureJarResource(fabric_data_generation_api_v1)
[13Sep2026 20:57:59.951] [main/DEBUG] [mixin/]: MixinPlatformAgentDefault accepted container SecureJarResource(fabric_data_generation_api_v1)
[13Sep2026 20:57:59.951] [main/DEBUG] [mixin/]: Processing prepare() for PlatformAgent[MixinPlatformAgentDefault:SecureJarResource(fabric_data_generation_api_v1)]
[13Sep2026 20:57:59.951] [main/DEBUG] [mixin/]: Registering mixin config: fabric-data-generation-api-v1.mixins.json
[13Sep2026 20:57:59.956] [main/DEBUG] [mixin/]: Compatibility level JAVA_16 specified by fabric-data-generation-api-v1.mixins.json is higher than the maximum level supported by this version of mixin (JAVA_13).
[13Sep2026 20:57:59.957] [main/DEBUG] [mixin/]: Adding mixin platform agents for container SecureJarResource(fabric_events_interaction_v0)
[13Sep2026 20:57:59.957] [main/DEBUG] [mixin/]: Instancing new MixinPlatformAgentMinecraftForge for SecureJarResource(fabric_events_interaction_v0)
[13Sep2026 20:57:59.957] [main/DEBUG] [mixin/]: MixinPlatformAgentMinecraftForge rejected container SecureJarResource(fabric_events_interaction_v0)
[13Sep2026 20:57:59.957] [main/DEBUG] [mixin/]: Instancing new MixinPlatformAgentDefault for SecureJarResource(fabric_events_interaction_v0)
[13Sep2026 20:57:59.957] [main/DEBUG] [mixin/]: MixinPlatformAgentDefault accepted container SecureJarResource(fabric_events_interaction_v0)
[13Sep2026 20:57:59.957] [main/DEBUG] [mixin/]: Processing prepare() for PlatformAgent[MixinPlatformAgentDefault:SecureJarResource(fabric_events_interaction_v0)]
[13Sep2026 20:57:59.957] [main/DEBUG] [mixin/]: Registering mixin config: fabric-events-interaction-v0.mixins.json
[13Sep2026 20:57:59.966] [main/DEBUG] [mixin/]: Compatibility level JAVA_16 specified by fabric-events-interaction-v0.mixins.json is higher than the maximum level supported by this version of mixin (JAVA_13).
[13Sep2026 20:57:59.966] [main/DEBUG] [mixin/]: Registering mixin config: fabric-events-interaction-v0.client.mixins.json
[13Sep2026 20:57:59.980] [main/DEBUG] [mixin/]: Compatibility level JAVA_16 specified by fabric-events-interaction-v0.client.mixins.json is higher than the maximum level supported by this version of mixin (JAVA_13).
[13Sep2026 20:57:59.981] [main/DEBUG] [mixin/]: Adding mixin platform agents for container SecureJarResource(mclib)
[13Sep2026 20:57:59.981] [main/DEBUG] [mixin/]: Instancing new MixinPlatformAgentMinecraftForge for SecureJarResource(mclib)
[13Sep2026 20:57:59.981] [main/DEBUG] [mixin/]: MixinPlatformAgentMinecraftForge rejected container SecureJarResource(mclib)
[13Sep2026 20:57:59.981] [main/DEBUG] [mixin/]: Instancing new MixinPlatformAgentDefault for SecureJarResource(mclib)
[13Sep2026 20:57:59.981] [main/DEBUG] [mixin/]: MixinPlatformAgentDefault accepted container SecureJarResource(mclib)
[13Sep2026 20:57:59.981] [main/DEBUG] [mixin/]: Processing prepare() for PlatformAgent[MixinPlatformAgentDefault:SecureJarResource(mclib)]
[13Sep2026 20:57:59.981] [main/DEBUG] [mixin/]: Adding mixin platform agents for container SecureJarResource(mixinextras)
[13Sep2026 20:57:59.981] [main/DEBUG] [mixin/]: Instancing new MixinPlatformAgentMinecraftForge for SecureJarResource(mixinextras)
[13Sep2026 20:57:59.981] [main/DEBUG] [mixin/]: MixinPlatformAgentMinecraftForge rejected container SecureJarResource(mixinextras)
[13Sep2026 20:57:59.981] [main/DEBUG] [mixin/]: Instancing new MixinPlatformAgentDefault for SecureJarResource(mixinextras)
[13Sep2026 20:57:59.981] [main/DEBUG] [mixin/]: MixinPlatformAgentDefault accepted container SecureJarResource(mixinextras)
[13Sep2026 20:57:59.981] [main/DEBUG] [mixin/]: Processing prepare() for PlatformAgent[MixinPlatformAgentDefault:SecureJarResource(mixinextras)]
[13Sep2026 20:57:59.981] [main/DEBUG] [mixin/]: Registering mixin config: mixinextras.init.mixins.json
[13Sep2026 20:57:59.995] [main/DEBUG] [mixin/]: Adding mixin platform agents for container SecureJarResource(org.yaml.snakeyaml)
[13Sep2026 20:57:59.997] [main/DEBUG] [mixin/]: Instancing new MixinPlatformAgentMinecraftForge for SecureJarResource(org.yaml.snakeyaml)
[13Sep2026 20:57:59.997] [main/DEBUG] [mixin/]: MixinPlatformAgentMinecraftForge rejected container SecureJarResource(org.yaml.snakeyaml)
[13Sep2026 20:57:59.997] [main/DEBUG] [mixin/]: Instancing new MixinPlatformAgentDefault for SecureJarResource(org.yaml.snakeyaml)
[13Sep2026 20:57:59.997] [main/DEBUG] [mixin/]: MixinPlatformAgentDefault accepted container SecureJarResource(org.yaml.snakeyaml)
[13Sep2026 20:57:59.997] [main/DEBUG] [mixin/]: Processing prepare() for PlatformAgent[MixinPlatformAgentDefault:SecureJarResource(org.yaml.snakeyaml)]
[13Sep2026 20:57:59.997] [main/DEBUG] [mixin/]: Adding mixin platform agents for container SecureJarResource(Reflect)
[13Sep2026 20:57:59.997] [main/DEBUG] [mixin/]: Instancing new MixinPlatformAgentMinecraftForge for SecureJarResource(Reflect)
[13Sep2026 20:57:59.997] [main/DEBUG] [mixin/]: MixinPlatformAgentMinecraftForge rejected container SecureJarResource(Reflect)
[13Sep2026 20:57:59.997] [main/DEBUG] [mixin/]: Instancing new MixinPlatformAgentDefault for SecureJarResource(Reflect)
[13Sep2026 20:57:59.997] [main/DEBUG] [mixin/]: MixinPlatformAgentDefault accepted container SecureJarResource(Reflect)
[13Sep2026 20:57:59.997] [main/DEBUG] [mixin/]: Processing prepare() for PlatformAgent[MixinPlatformAgentDefault:SecureJarResource(Reflect)]
[13Sep2026 20:57:59.997] [main/DEBUG] [mixin/]: Adding mixin platform agents for container SecureJarResource(NanoLiveConfig)
[13Sep2026 20:57:59.997] [main/DEBUG] [mixin/]: Instancing new MixinPlatformAgentMinecraftForge for SecureJarResource(NanoLiveConfig)
[13Sep2026 20:57:59.997] [main/DEBUG] [mixin/]: MixinPlatformAgentMinecraftForge rejected container SecureJarResource(NanoLiveConfig)
[13Sep2026 20:57:59.997] [main/DEBUG] [mixin/]: Instancing new MixinPlatformAgentDefault for SecureJarResource(NanoLiveConfig)
[13Sep2026 20:57:59.997] [main/DEBUG] [mixin/]: MixinPlatformAgentDefault accepted container SecureJarResource(NanoLiveConfig)
[13Sep2026 20:57:59.997] [main/DEBUG] [mixin/]: Processing prepare() for PlatformAgent[MixinPlatformAgentDefault:SecureJarResource(NanoLiveConfig)]
[13Sep2026 20:57:59.998] [main/DEBUG] [mixin/]: Adding mixin platform agents for container SecureJarResource(me.srrapero720.waterconfig)
[13Sep2026 20:57:59.998] [main/DEBUG] [mixin/]: Instancing new MixinPlatformAgentMinecraftForge for SecureJarResource(me.srrapero720.waterconfig)
[13Sep2026 20:57:59.998] [main/DEBUG] [mixin/]: MixinPlatformAgentMinecraftForge rejected container SecureJarResource(me.srrapero720.waterconfig)
[13Sep2026 20:57:59.998] [main/DEBUG] [mixin/]: Instancing new MixinPlatformAgentDefault for SecureJarResource(me.srrapero720.waterconfig)
[13Sep2026 20:57:59.998] [main/DEBUG] [mixin/]: MixinPlatformAgentDefault accepted container SecureJarResource(me.srrapero720.waterconfig)
[13Sep2026 20:57:59.998] [main/DEBUG] [mixin/]: Processing prepare() for PlatformAgent[MixinPlatformAgentDefault:SecureJarResource(me.srrapero720.waterconfig)]
[13Sep2026 20:57:59.998] [main/DEBUG] [mixin/]: Adding mixin platform agents for container SecureJarResource(MixinSquared)
[13Sep2026 20:57:59.998] [main/DEBUG] [mixin/]: Instancing new MixinPlatformAgentMinecraftForge for SecureJarResource(MixinSquared)
[13Sep2026 20:57:59.998] [main/DEBUG] [mixin/]: MixinPlatformAgentMinecraftForge rejected container SecureJarResource(MixinSquared)
[13Sep2026 20:57:59.998] [main/DEBUG] [mixin/]: Instancing new MixinPlatformAgentDefault for SecureJarResource(MixinSquared)
[13Sep2026 20:57:59.998] [main/DEBUG] [mixin/]: MixinPlatformAgentDefault accepted container SecureJarResource(MixinSquared)
[13Sep2026 20:57:59.998] [main/DEBUG] [mixin/]: Processing prepare() for PlatformAgent[MixinPlatformAgentDefault:SecureJarResource(MixinSquared)]
[13Sep2026 20:57:59.998] [main/DEBUG] [mixin/]: Adding mixin platform agents for container SecureJarResource(MixinExtras)
[13Sep2026 20:57:59.998] [main/DEBUG] [mixin/]: Instancing new MixinPlatformAgentMinecraftForge for SecureJarResource(MixinExtras)
[13Sep2026 20:57:59.998] [main/DEBUG] [mixin/]: MixinPlatformAgentMinecraftForge rejected container SecureJarResource(MixinExtras)
[13Sep2026 20:57:59.998] [main/DEBUG] [mixin/]: Instancing new MixinPlatformAgentDefault for SecureJarResource(MixinExtras)
[13Sep2026 20:57:59.998] [main/DEBUG] [mixin/]: MixinPlatformAgentDefault accepted container SecureJarResource(MixinExtras)
[13Sep2026 20:57:59.998] [main/DEBUG] [mixin/]: Processing prepare() for PlatformAgent[MixinPlatformAgentDefault:SecureJarResource(MixinExtras)]
[13Sep2026 20:57:59.998] [main/DEBUG] [mixin/]: inject() running with 150 agents
[13Sep2026 20:57:59.998] [main/DEBUG] [mixin/]: Processing inject() for PlatformAgent[MixinPlatformAgentDefault:ModLauncher Root Container(ModLauncher:4f56a0a2)]
[13Sep2026 20:57:59.999] [main/DEBUG] [mixin/]: Processing inject() for PlatformAgent[MixinPlatformAgentDefault:SecureJarResource(kuma_api)]
[13Sep2026 20:57:59.999] [main/DEBUG] [mixin/]: Processing inject() for PlatformAgent[MixinPlatformAgentDefault:SecureJarResource(fabric_renderer_api_v1)]
[13Sep2026 20:57:59.999] [main/DEBUG] [mixin/]: Processing inject() for PlatformAgent[MixinPlatformAgentDefault:SecureJarResource(geckolib)]
[13Sep2026 20:57:59.999] [main/DEBUG] [mixin/]: Processing inject() for PlatformAgent[MixinPlatformAgentDefault:SecureJarResource(playeranimator)]
[13Sep2026 20:57:59.999] [main/DEBUG] [mixin/]: Processing inject() for PlatformAgent[MixinPlatformAgentDefault:SecureJarResource(fabric_item_api_v1)]
[13Sep2026 20:57:59.999] [main/DEBUG] [mixin/]: Processing inject() for PlatformAgent[MixinPlatformAgentDefault:SecureJarResource(fabric_rendering_fluids_v1)]
[13Sep2026 20:57:59.999] [main/DEBUG] [mixin/]: Processing inject() for PlatformAgent[MixinPlatformAgentDefault:SecureJarResource(fabric_models_v0)]
[13Sep2026 20:57:59.999] [main/DEBUG] [mixin/]: Processing inject() for PlatformAgent[MixinPlatformAgentDefault:SecureJarResource(connectivity)]
[13Sep2026 20:57:59.999] [main/DEBUG] [mixin/]: Processing inject() for PlatformAgent[MixinPlatformAgentDefault:SecureJarResource(sophisticatedcore)]
[13Sep2026 20:58:00.000] [main/DEBUG] [mixin/]: Processing inject() for PlatformAgent[MixinPlatformAgentDefault:SecureJarResource(fabric_convention_tags_v1)]
[13Sep2026 20:58:00.000] [main/DEBUG] [mixin/]: Processing inject() for PlatformAgent[MixinPlatformAgentDefault:SecureJarResource(xaeroworldmap)]
[13Sep2026 20:58:00.000] [main/DEBUG] [mixin/]: Processing inject() for PlatformAgent[MixinPlatformAgentDefault:SecureJarResource(controlling)]
[13Sep2026 20:58:00.000] [main/DEBUG] [mixin/]: Processing inject() for PlatformAgent[MixinPlatformAgentDefault:SecureJarResource(placebo)]
[13Sep2026 20:58:00.000] [main/DEBUG] [mixin/]: Processing inject() for PlatformAgent[MixinPlatformAgentDefault:SecureJarResource(modernfix)]
[13Sep2026 20:58:00.000] [main/DEBUG] [mixin/]: Processing inject() for PlatformAgent[MixinPlatformAgentDefault:SecureJarResource(fabric_command_api_v1)]
[13Sep2026 20:58:00.001] [main/DEBUG] [mixin/]: Processing inject() for PlatformAgent[MixinPlatformAgentDefault:SecureJarResource(fabric_block_view_api_v2)]
[13Sep2026 20:58:00.001] [main/DEBUG] [mixin/]: Processing inject() for PlatformAgent[MixinPlatformAgentDefault:SecureJarResource(fabric_command_api_v2)]
[13Sep2026 20:58:00.001] [main/DEBUG] [mixin/]: Processing inject() for PlatformAgent[MixinPlatformAgentDefault:SecureJarResource(fabric_data_attachment_api_v1)]
[13Sep2026 20:58:00.001] [main/DEBUG] [mixin/]: Processing inject() for PlatformAgent[MixinPlatformAgentDefault:SecureJarResource(sophisticatedbackpacks)]
[13Sep2026 20:58:00.001] [main/DEBUG] [mixin/]: Processing inject() for PlatformAgent[MixinPlatformAgentDefault:SecureJarResource(balm)]
[13Sep2026 20:58:00.001] [main/DEBUG] [mixin/]: Processing inject() for PlatformAgent[MixinPlatformAgentDefault:SecureJarResource(fabric_screen_api_v1)]
[13Sep2026 20:58:00.002] [main/DEBUG] [mixin/]: Processing inject() for PlatformAgent[MixinPlatformAgentDefault:SecureJarResource(sodiumoptionsapi)]
[13Sep2026 20:58:00.002] [main/DEBUG] [mixin/]: Processing inject() for PlatformAgent[MixinPlatformAgentDefault:SecureJarResource(cloth_config)]
[13Sep2026 20:58:00.002] [main/DEBUG] [mixin/]: Processing inject() for PlatformAgent[MixinPlatformAgentDefault:SecureJarResource(sound_physics_remastered)]
[13Sep2026 20:58:00.002] [main/DEBUG] [mixin/]: Processing inject() for PlatformAgent[MixinPlatformAgentDefault:SecureJarResource(dummmmmmy)]
[13Sep2026 20:58:00.002] [main/DEBUG] [mixin/]: Processing inject() for PlatformAgent[MixinPlatformAgentDefault:SecureJarResource(fabric_api)]
[13Sep2026 20:58:00.002] [main/DEBUG] [mixin/]: Processing inject() for PlatformAgent[MixinPlatformAgentDefault:SecureJarResource(almirionapi)]
[13Sep2026 20:58:00.003] [main/DEBUG] [mixin/]: Processing inject() for PlatformAgent[MixinPlatformAgentDefault:SecureJarResource(fabric_content_registries_v0)]
[13Sep2026 20:58:00.003] [main/DEBUG] [mixin/]: Processing inject() for PlatformAgent[MixinPlatformAgentDefault:SecureJarResource(sodiumdynamiclights)]
[13Sep2026 20:58:00.003] [main/DEBUG] [mixin/]: Processing inject() for PlatformAgent[MixinPlatformAgentDefault:SecureJarResource(embeddium)]
[13Sep2026 20:58:00.003] [main/DEBUG] [mixin/]: Processing inject() for PlatformAgent[MixinPlatformAgentDefault:SecureJarResource(entity_model_features)]
[13Sep2026 20:58:00.003] [main/DEBUG] [mixin/]: Processing inject() for PlatformAgent[MixinPlatformAgentDefault:SecureJarResource(extraquests)]
[13Sep2026 20:58:00.004] [main/DEBUG] [mixin/]: Processing inject() for PlatformAgent[MixinPlatformAgentDefault:SecureJarResource(entity_texture_features)]
[13Sep2026 20:58:00.004] [main/DEBUG] [mixin/]: Processing inject() for PlatformAgent[MixinPlatformAgentDefault:SecureJarResource(fabric_game_rule_api_v1)]
[13Sep2026 20:58:00.004] [main/DEBUG] [mixin/]: Processing inject() for PlatformAgent[MixinPlatformAgentDefault:SecureJarResource(ambientsounds)]
[13Sep2026 20:58:00.004] [main/DEBUG] [mixin/]: Processing inject() for PlatformAgent[MixinPlatformAgentDefault:SecureJarResource(fabric_api_lookup_api_v1)]
[13Sep2026 20:58:00.004] [main/DEBUG] [mixin/]: Processing inject() for PlatformAgent[MixinPlatformAgentDefault:SecureJarResource(chunky)]
[13Sep2026 20:58:00.004] [main/DEBUG] [mixin/]: Processing inject() for PlatformAgent[MixinPlatformAgentDefault:SecureJarResource(jjcnbtfix)]
[13Sep2026 20:58:00.004] [main/DEBUG] [mixin/]: Processing inject() for PlatformAgent[MixinPlatformAgentDefault:SecureJarResource(bobby)]
[13Sep2026 20:58:00.005] [main/DEBUG] [mixin/]: Processing inject() for PlatformAgent[MixinPlatformAgentDefault:SecureJarResource(spark)]
[13Sep2026 20:58:00.005] [main/DEBUG] [mixin/]: Processing inject() for PlatformAgent[MixinPlatformAgentDefault:SecureJarResource(curios)]
[13Sep2026 20:58:00.005] [main/DEBUG] [mixin/]: Processing inject() for PlatformAgent[MixinPlatformAgentDefault:SecureJarResource(patchouli)]
[13Sep2026 20:58:00.005] [main/DEBUG] [mixin/]: Processing inject() for PlatformAgent[MixinPlatformAgentDefault:SecureJarResource(extralib)]
[13Sep2026 20:58:00.005] [main/DEBUG] [mixin/]: Processing inject() for PlatformAgent[MixinPlatformAgentDefault:SecureJarResource(searchables)]
[13Sep2026 20:58:00.005] [main/DEBUG] [mixin/]: Processing inject() for PlatformAgent[MixinPlatformAgentDefault:SecureJarResource(fabric_entity_events_v1)]
[13Sep2026 20:58:00.006] [main/DEBUG] [mixin/]: Processing inject() for PlatformAgent[MixinPlatformAgentDefault:SecureJarResource(worldedit)]
[13Sep2026 20:58:00.006] [main/DEBUG] [mixin/]: Processing inject() for PlatformAgent[MixinPlatformAgentDefault:SecureJarResource(architectury)]
[13Sep2026 20:58:00.006] [main/DEBUG] [mixin/]: Processing inject() for PlatformAgent[MixinPlatformAgentDefault:SecureJarResource(nerb)]
[13Sep2026 20:58:00.006] [main/DEBUG] [mixin/]: Processing inject() for PlatformAgent[MixinPlatformAgentDefault:SecureJarResource(aiimprovements)]
[13Sep2026 20:58:00.006] [main/DEBUG] [mixin/]: Processing inject() for PlatformAgent[MixinPlatformAgentDefault:SecureJarResource(fabric_loot_api_v2)]
[13Sep2026 20:58:00.006] [main/DEBUG] [mixin/]: Processing inject() for PlatformAgent[MixinPlatformAgentDefault:SecureJarResource(cupboard)]
[13Sep2026 20:58:00.007] [main/DEBUG] [mixin/]: Processing inject() for PlatformAgent[MixinPlatformAgentDefault:SecureJarResource(transition)]
[13Sep2026 20:58:00.007] [main/DEBUG] [mixin/]: Processing inject() for PlatformAgent[MixinPlatformAgentDefault:SecureJarResource(fabric_rendering_data_attachment_v1)]
[13Sep2026 20:58:00.007] [main/DEBUG] [mixin/]: Processing inject() for PlatformAgent[MixinPlatformAgentDefault:SecureJarResource(fabric_networking_api_v1)]
[13Sep2026 20:58:00.007] [main/DEBUG] [mixin/]: Processing inject() for PlatformAgent[MixinPlatformAgentDefault:SecureJarResource(hugestructureblocks)]
[13Sep2026 20:58:00.007] [main/DEBUG] [mixin/]: Processing inject() for PlatformAgent[MixinPlatformAgentDefault:SecureJarResource(bindingvow)]
[13Sep2026 20:58:00.007] [main/DEBUG] [mixin/]: Processing inject() for PlatformAgent[MixinPlatformAgentDefault:SecureJarResource(fabric_lifecycle_events_v1)]
[13Sep2026 20:58:00.007] [main/DEBUG] [mixin/]: Processing inject() for PlatformAgent[MixinPlatformAgentDefault:SecureJarResource(quickskin)]
[13Sep2026 20:58:00.008] [main/DEBUG] [mixin/]: Processing inject() for PlatformAgent[MixinPlatformAgentDefault:SecureJarResource(fabric_key_binding_api_v1)]
[13Sep2026 20:58:00.008] [main/DEBUG] [mixin/]: Processing inject() for PlatformAgent[MixinPlatformAgentDefault:SecureJarResource(betteradvancements)]
[13Sep2026 20:58:00.008] [main/DEBUG] [mixin/]: Processing inject() for PlatformAgent[MixinPlatformAgentDefault:SecureJarResource(fabric_client_tags_api_v1)]
[13Sep2026 20:58:00.008] [main/DEBUG] [mixin/]: Processing inject() for PlatformAgent[MixinPlatformAgentDefault:SecureJarResource(almirioncore)]
[13Sep2026 20:58:00.008] [main/DEBUG] [mixin/]: Processing inject() for PlatformAgent[MixinPlatformAgentDefault:SecureJarResource(fabric_transfer_api_v1)]
[13Sep2026 20:58:00.008] [main/DEBUG] [mixin/]: Processing inject() for PlatformAgent[MixinPlatformAgentDefault:SecureJarResource(fabric_dimensions_v1)]
[13Sep2026 20:58:00.008] [main/DEBUG] [mixin/]: Processing inject() for PlatformAgent[MixinPlatformAgentDefault:SecureJarResource(rhino)]
[13Sep2026 20:58:00.008] [main/DEBUG] [mixin/]: Processing inject() for PlatformAgent[MixinPlatformAgentDefault:SecureJarResource(retrodamageindicators)]
[13Sep2026 20:58:00.008] [main/DEBUG] [mixin/]: Processing inject() for PlatformAgent[MixinPlatformAgentDefault:SecureJarResource(ftblibrary)]
[13Sep2026 20:58:00.008] [main/DEBUG] [mixin/]: Processing inject() for PlatformAgent[MixinPlatformAgentDefault:SecureJarResource(ftbteams)]
[13Sep2026 20:58:00.008] [main/DEBUG] [mixin/]: Processing inject() for PlatformAgent[MixinPlatformAgentDefault:SecureJarResource(limitedchunks)]
[13Sep2026 20:58:00.008] [main/DEBUG] [mixin/]: Processing inject() for PlatformAgent[MixinPlatformAgentDefault:SecureJarResource(octolib)]
[13Sep2026 20:58:00.008] [main/DEBUG] [mixin/]: Processing inject() for PlatformAgent[MixinPlatformAgentDefault:SecureJarResource(fabric_model_loading_api_v1)]
[13Sep2026 20:58:00.008] [main/DEBUG] [mixin/]: Processing inject() for PlatformAgent[MixinPlatformAgentDefault:SecureJarResource(jei)]
[13Sep2026 20:58:00.008] [main/DEBUG] [mixin/]: Processing inject() for PlatformAgent[MixinPlatformAgentDefault:SecureJarResource(kubejs)]
[13Sep2026 20:58:00.008] [main/DEBUG] [mixin/]: Processing inject() for PlatformAgent[MixinPlatformAgentDefault:SecureJarResource(attributefix)]
[13Sep2026 20:58:00.008] [main/DEBUG] [mixin/]: Processing inject() for PlatformAgent[MixinPlatformAgentDefault:SecureJarResource(xaerolib)]
[13Sep2026 20:58:00.008] [main/DEBUG] [mixin/]: Processing inject() for PlatformAgent[MixinPlatformAgentDefault:SecureJarResource(pehkui)]
[13Sep2026 20:58:00.008] [main/DEBUG] [mixin/]: Processing inject() for PlatformAgent[MixinPlatformAgentDefault:SecureJarResource(fabric_screen_handler_api_v1)]
[13Sep2026 20:58:00.009] [main/DEBUG] [mixin/]: Processing inject() for PlatformAgent[MixinPlatformAgentDefault:SecureJarResource(fabric_resource_loader_v0)]
[13Sep2026 20:58:00.009] [main/DEBUG] [mixin/]: Processing inject() for PlatformAgent[MixinPlatformAgentDefault:SecureJarResource(trender)]
[13Sep2026 20:58:00.009] [main/DEBUG] [mixin/]: Processing inject() for PlatformAgent[MixinPlatformAgentDefault:SecureJarResource(fabric_rendering_v1)]
[13Sep2026 20:58:00.009] [main/DEBUG] [mixin/]: Processing inject() for PlatformAgent[MixinPlatformAgentDefault:SecureJarResource(chloride)]
[13Sep2026 20:58:00.009] [main/DEBUG] [mixin/]: Processing inject() for PlatformAgent[MixinPlatformAgentDefault:SecureJarResource(waystones)]
[13Sep2026 20:58:00.009] [main/DEBUG] [mixin/]: Processing inject() for PlatformAgent[MixinPlatformAgentDefault:SecureJarResource(fabric_renderer_indigo)]
[13Sep2026 20:58:00.009] [main/DEBUG] [mixin/]: Processing inject() for PlatformAgent[MixinPlatformAgentDefault:SecureJarResource(fastsuite)]
[13Sep2026 20:58:00.009] [main/DEBUG] [mixin/]: Processing inject() for PlatformAgent[MixinPlatformAgentDefault:SecureJarResource(clumps)]
[13Sep2026 20:58:00.009] [main/DEBUG] [mixin/]: Processing inject() for PlatformAgent[MixinPlatformAgentDefault:SecureJarResource(fastasyncworldsave)]
[13Sep2026 20:58:00.009] [main/DEBUG] [mixin/]: Processing inject() for PlatformAgent[MixinPlatformAgentDefault:SecureJarResource(fabric_mining_level_api_v1)]
[13Sep2026 20:58:00.009] [main/DEBUG] [mixin/]: Processing inject() for PlatformAgent[MixinPlatformAgentDefault:SecureJarResource(aaa_particles)]
[13Sep2026 20:58:00.009] [main/DEBUG] [mixin/]: Processing inject() for PlatformAgent[MixinPlatformAgentDefault:SecureJarResource(badmobs)]
[13Sep2026 20:58:00.009] [main/DEBUG] [mixin/]: Processing inject() for PlatformAgent[MixinPlatformAgentDefault:SecureJarResource(txnilib)]
[13Sep2026 20:58:00.009] [main/DEBUG] [mixin/]: Processing inject() for PlatformAgent[MixinPlatformAgentDefault:SecureJarResource(memoryleakfix)]
[13Sep2026 20:58:00.009] [main/DEBUG] [mixin/]: Processing inject() for PlatformAgent[MixinPlatformAgentDefault:SecureJarResource(almplaceholderfix)]
[13Sep2026 20:58:00.009] [main/DEBUG] [mixin/]: Processing inject() for PlatformAgent[MixinPlatformAgentDefault:SecureJarResource(fabric_particles_v1)]
[13Sep2026 20:58:00.010] [main/DEBUG] [mixin/]: Processing inject() for PlatformAgent[MixinPlatformAgentDefault:SecureJarResource(ftbchunks)]
[13Sep2026 20:58:00.010] [main/DEBUG] [mixin/]: Processing inject() for PlatformAgent[MixinPlatformAgentDefault:SecureJarResource(forge)]
[13Sep2026 20:58:00.010] [main/DEBUG] [mixin/]: Processing inject() for PlatformAgent[MixinPlatformAgentDefault:SecureJarResource(jujutsucraftfix)]
[13Sep2026 20:58:00.010] [main/DEBUG] [mixin/]: Processing inject() for PlatformAgent[MixinPlatformAgentDefault:SecureJarResource(fabric_transitive_access_wideners_v1)]
[13Sep2026 20:58:00.011] [main/DEBUG] [mixin/]: Processing inject() for PlatformAgent[MixinPlatformAgentDefault:SecureJarResource(minecraft)]
[13Sep2026 20:58:00.011] [main/DEBUG] [mixin/]: Processing inject() for PlatformAgent[MixinPlatformAgentDefault:SecureJarResource(jujutsucraft)]
[13Sep2026 20:58:00.011] [main/DEBUG] [mixin/]: Processing inject() for PlatformAgent[MixinPlatformAgentDefault:SecureJarResource(almirion_utilities)]
[13Sep2026 20:58:00.011] [main/DEBUG] [mixin/]: Processing inject() for PlatformAgent[MixinPlatformAgentDefault:SecureJarResource(jujutsucraftutility)]
[13Sep2026 20:58:00.011] [main/DEBUG] [mixin/]: Processing inject() for PlatformAgent[MixinPlatformAgentDefault:SecureJarResource(slyrienjujutsu)]
[13Sep2026 20:58:00.011] [main/DEBUG] [mixin/]: Processing inject() for PlatformAgent[MixinPlatformAgentDefault:SecureJarResource(jujutsuslop)]
[13Sep2026 20:58:00.012] [main/DEBUG] [mixin/]: Processing inject() for PlatformAgent[MixinPlatformAgentDefault:SecureJarResource(jjsh)]
[13Sep2026 20:58:00.012] [main/DEBUG] [mixin/]: Processing inject() for PlatformAgent[MixinPlatformAgentDefault:SecureJarResource(smoothchunk)]
[13Sep2026 20:58:00.012] [main/DEBUG] [mixin/]: Processing inject() for PlatformAgent[MixinPlatformAgentDefault:SecureJarResource(moonlight)]
[13Sep2026 20:58:00.012] [main/DEBUG] [mixin/]: Processing inject() for PlatformAgent[MixinPlatformAgentDefault:SecureJarResource(slyrienmodern)]
[13Sep2026 20:58:00.013] [main/DEBUG] [mixin/]: Processing inject() for PlatformAgent[MixinPlatformAgentDefault:SecureJarResource(fabric_api_base)]
[13Sep2026 20:58:00.013] [main/DEBUG] [mixin/]: Processing inject() for PlatformAgent[MixinPlatformAgentDefault:SecureJarResource(mousetweaks)]
[13Sep2026 20:58:00.013] [main/DEBUG] [mixin/]: Processing inject() for PlatformAgent[MixinPlatformAgentDefault:SecureJarResource(geto_storage_fix)]
[13Sep2026 20:58:00.013] [main/DEBUG] [mixin/]: Processing inject() for PlatformAgent[MixinPlatformAgentDefault:SecureJarResource(ftbquests)]
[13Sep2026 20:58:00.013] [main/DEBUG] [mixin/]: Processing inject() for PlatformAgent[MixinPlatformAgentDefault:SecureJarResource(ftbxmodcompat)]
[13Sep2026 20:58:00.014] [main/DEBUG] [mixin/]: Processing inject() for PlatformAgent[MixinPlatformAgentDefault:SecureJarResource(fabric_blockrenderlayer_v1)]
[13Sep2026 20:58:00.014] [main/DEBUG] [mixin/]: Processing inject() for PlatformAgent[MixinPlatformAgentDefault:SecureJarResource(mixinsquared)]
[13Sep2026 20:58:00.014] [main/DEBUG] [mixin/]: Processing inject() for PlatformAgent[MixinPlatformAgentDefault:SecureJarResource(jade)]
[13Sep2026 20:58:00.014] [main/DEBUG] [mixin/]: Processing inject() for PlatformAgent[MixinPlatformAgentDefault:SecureJarResource(creativecore)]
[13Sep2026 20:58:00.014] [main/DEBUG] [mixin/]: Processing inject() for PlatformAgent[MixinPlatformAgentDefault:SecureJarResource(fabric_block_api_v1)]
[13Sep2026 20:58:00.014] [main/DEBUG] [mixin/]: Processing inject() for PlatformAgent[MixinPlatformAgentDefault:SecureJarResource(fabric_resource_conditions_api_v1)]
[13Sep2026 20:58:00.014] [main/DEBUG] [mixin/]: Processing inject() for PlatformAgent[MixinPlatformAgentDefault:SecureJarResource(golden_age_jujutsu)]
[13Sep2026 20:58:00.014] [main/DEBUG] [mixin/]: Processing inject() for PlatformAgent[MixinPlatformAgentDefault:SecureJarResource(ftbxaerocompat)]
[13Sep2026 20:58:00.014] [main/DEBUG] [mixin/]: Processing inject() for PlatformAgent[MixinPlatformAgentDefault:SecureJarResource(xaerominimap)]
[13Sep2026 20:58:00.015] [main/DEBUG] [mixin/]: Processing inject() for PlatformAgent[MixinPlatformAgentDefault:SecureJarResource(fabric_item_group_api_v1)]
[13Sep2026 20:58:00.015] [main/DEBUG] [mixin/]: Processing inject() for PlatformAgent[MixinPlatformAgentDefault:SecureJarResource(clearlagplus)]
[13Sep2026 20:58:00.015] [main/DEBUG] [mixin/]: Processing inject() for PlatformAgent[MixinPlatformAgentDefault:SecureJarResource(entityculling)]
[13Sep2026 20:58:00.015] [main/DEBUG] [mixin/]: Processing inject() for PlatformAgent[MixinPlatformAgentDefault:SecureJarResource(fabric_biome_api_v1)]
[13Sep2026 20:58:00.015] [main/DEBUG] [mixin/]: Processing inject() for PlatformAgent[MixinPlatformAgentDefault:SecureJarResource(damageindicator)]
[13Sep2026 20:58:00.015] [main/DEBUG] [mixin/]: Processing inject() for PlatformAgent[MixinPlatformAgentDefault:SecureJarResource(fabric_registry_sync_v0)]
[13Sep2026 20:58:00.015] [main/DEBUG] [mixin/]: Processing inject() for PlatformAgent[MixinPlatformAgentDefault:SecureJarResource(immediatelyfast)]
[13Sep2026 20:58:00.015] [main/DEBUG] [mixin/]: Processing inject() for PlatformAgent[MixinPlatformAgentDefault:SecureJarResource(jujutsucrafts)]
[13Sep2026 20:58:00.015] [main/DEBUG] [mixin/]: Processing inject() for PlatformAgent[MixinPlatformAgentDefault:SecureJarResource(gbf)]
[13Sep2026 20:58:00.015] [main/DEBUG] [mixin/]: Processing inject() for PlatformAgent[MixinPlatformAgentDefault:SecureJarResource(fabric_recipe_api_v1)]
[13Sep2026 20:58:00.015] [main/DEBUG] [mixin/]: Processing inject() for PlatformAgent[MixinPlatformAgentDefault:SecureJarResource(lootr)]
[13Sep2026 20:58:00.015] [main/DEBUG] [mixin/]: Processing inject() for PlatformAgent[MixinPlatformAgentDefault:SecureJarResource(ferritecore)]
[13Sep2026 20:58:00.015] [main/DEBUG] [mixin/]: Processing inject() for PlatformAgent[MixinPlatformAgentDefault:SecureJarResource(fabric_object_builder_api_v1)]
[13Sep2026 20:58:00.015] [main/DEBUG] [mixin/]: Processing inject() for PlatformAgent[MixinPlatformAgentDefault:SecureJarResource(embeddium_extra)]
[13Sep2026 20:58:00.015] [main/DEBUG] [mixin/]: Processing inject() for PlatformAgent[MixinPlatformAgentDefault:SecureJarResource(immersivemessages)]
[13Sep2026 20:58:00.015] [main/DEBUG] [mixin/]: Processing inject() for PlatformAgent[MixinPlatformAgentDefault:SecureJarResource(fabric_sound_api_v1)]
[13Sep2026 20:58:00.019] [main/DEBUG] [mixin/]: Processing inject() for PlatformAgent[MixinPlatformAgentDefault:SecureJarResource(fabric_message_api_v1)]
[13Sep2026 20:58:00.019] [main/DEBUG] [mixin/]: Processing inject() for PlatformAgent[MixinPlatformAgentDefault:SecureJarResource(packetfixer)]
[13Sep2026 20:58:00.019] [main/DEBUG] [mixin/]: Processing inject() for PlatformAgent[MixinPlatformAgentDefault:SecureJarResource(fabric_data_generation_api_v1)]
[13Sep2026 20:58:00.019] [main/DEBUG] [mixin/]: Processing inject() for PlatformAgent[MixinPlatformAgentDefault:SecureJarResource(fabric_events_interaction_v0)]
[13Sep2026 20:58:00.019] [main/DEBUG] [mixin/]: Processing inject() for PlatformAgent[MixinPlatformAgentDefault:SecureJarResource(mclib)]
[13Sep2026 20:58:00.019] [main/DEBUG] [mixin/]: Processing inject() for PlatformAgent[MixinPlatformAgentDefault:SecureJarResource(mixinextras)]
[13Sep2026 20:58:00.019] [main/DEBUG] [mixin/]: Processing inject() for PlatformAgent[MixinPlatformAgentDefault:SecureJarResource(org.yaml.snakeyaml)]
[13Sep2026 20:58:00.019] [main/DEBUG] [mixin/]: Processing inject() for PlatformAgent[MixinPlatformAgentDefault:SecureJarResource(Reflect)]
[13Sep2026 20:58:00.019] [main/DEBUG] [mixin/]: Processing inject() for PlatformAgent[MixinPlatformAgentDefault:SecureJarResource(NanoLiveConfig)]
[13Sep2026 20:58:00.020] [main/DEBUG] [mixin/]: Processing inject() for PlatformAgent[MixinPlatformAgentDefault:SecureJarResource(me.srrapero720.waterconfig)]
[13Sep2026 20:58:00.020] [main/DEBUG] [mixin/]: Processing inject() for PlatformAgent[MixinPlatformAgentDefault:SecureJarResource(MixinSquared)]
[13Sep2026 20:58:00.020] [main/DEBUG] [mixin/]: Processing inject() for PlatformAgent[MixinPlatformAgentDefault:SecureJarResource(MixinExtras)]
[13Sep2026 20:58:00.139] [main/DEBUG] [mixin/]: Error cleaning class output directory: .mixin.out
[13Sep2026 20:58:00.142] [main/DEBUG] [mixin/]: Preparing mixins for MixinEnvironment[PREINIT]
[13Sep2026 20:58:00.175] [main/INFO] [mixin/]: Successfully loaded Mixin Connector [com.sonicether.soundphysics.MixinConnector]
[13Sep2026 20:58:00.178] [main/INFO] [net.fabricmc.loader.impl.bootstrap.FabricLoaderBootstrap/]: Propagating FML mod list to Fabric Loader
[13Sep2026 20:58:00.203] [main/INFO] [cpw.mods.modlauncher.LaunchServiceHandler/MODLAUNCHER]: Launching target 'forgeserver' with arguments [nogui]
[13Sep2026 20:58:00.206] [main/DEBUG] [mixin/]: Preparing mixins for MixinEnvironment[DEFAULT]
[13Sep2026 20:58:00.206] [main/DEBUG] [mixin/]: Selecting config kuma_api.mixins.json
[13Sep2026 20:58:00.215] [main/DEBUG] [mixin/]: Selecting config kuma_api.forge.mixins.json
[13Sep2026 20:58:00.221] [main/DEBUG] [mixin/]: Selecting config fabric-renderer-api-v1.mixins.json
[13Sep2026 20:58:00.227] [main/DEBUG] [mixin/]: Selecting config fabric-renderer-api-v1.debughud.mixins.json
[13Sep2026 20:58:00.231] [main/DEBUG] [mixin/]: Selecting config geckolib.mixins.json
[13Sep2026 20:58:00.234] [main/DEBUG] [mixin/]: Selecting config playerAnimator-common.mixins.json
[13Sep2026 20:58:00.316] [main/DEBUG] [mixin/]: Selecting config fabric-item-api-v1.mixins.json
[13Sep2026 20:58:00.318] [main/DEBUG] [mixin/]: Selecting config fabric-item-api-v1.client.mixins.json
[13Sep2026 20:58:00.320] [main/DEBUG] [mixin/]: Selecting config fabric-rendering-fluids-v1.mixins.json
[13Sep2026 20:58:00.322] [main/DEBUG] [mixin/]: Selecting config connectivity.mixins.json
[13Sep2026 20:58:00.327] [main/DEBUG] [mixin/]: Selecting config sophisticatedcore.mixins.json
[13Sep2026 20:58:00.329] [main/DEBUG] [mixin/]: Selecting config sophisticatedcore.create.mixins.json
[13Sep2026 20:58:00.331] [main/DEBUG] [mixin/]: Selecting config xaeroworldmap.mixins.json
[13Sep2026 20:58:00.335] [main/DEBUG] [mixin/]: Selecting config xaeroworldmap.forge.mixins.json
[13Sep2026 20:58:00.337] [main/DEBUG] [mixin/]: Selecting config controlling.mixins.json
[13Sep2026 20:58:00.339] [main/DEBUG] [mixin/]: Selecting config controlling.forge.mixins.json
[13Sep2026 20:58:00.341] [main/DEBUG] [mixin/]: Selecting config placebo.mixins.json
[13Sep2026 20:58:00.342] [main/DEBUG] [mixin/]: Selecting config modernfix-modernfix.mixins.json
[13Sep2026 20:58:00.701] [main/INFO] [ModernFix/]: Loaded configuration file for ModernFix 5.27.83+mc1.20.1: 110 options available, 0 override(s) found
[13Sep2026 20:58:00.702] [main/INFO] [ModernFix/]: Applying Nashorn fix
[13Sep2026 20:58:00.720] [main/INFO] [ModernFix/]: Applied Forge config corruption patch
[13Sep2026 20:58:00.735] [main/DEBUG] [mixin/]: Selecting config fabric-block-view-api-v2.mixins.json
[13Sep2026 20:58:00.738] [main/DEBUG] [mixin/]: Selecting config fabric-block-view-api-v2.client.mixins.json
[13Sep2026 20:58:00.740] [main/DEBUG] [mixin/]: Selecting config fabric-command-api-v2.mixins.json
[13Sep2026 20:58:00.742] [main/DEBUG] [mixin/]: Selecting config fabric-command-api-v2.client.mixins.json
[13Sep2026 20:58:00.744] [main/DEBUG] [mixin/]: Selecting config fabric-data-attachment-api-v1.mixins.json
[13Sep2026 20:58:00.747] [main/DEBUG] [mixin/]: Selecting config fabric-data-attachment-api-v1.client.mixins.json
[13Sep2026 20:58:00.752] [main/DEBUG] [mixin/]: Selecting config sophisticatedbackpacks.mixins.json
[13Sep2026 20:58:00.769] [main/DEBUG] [mixin/]: Selecting config balm.mixins.json
[13Sep2026 20:58:00.784] [main/DEBUG] [mixin/]: Selecting config fabric-screen-api-v1.mixins.json
[13Sep2026 20:58:00.790] [main/DEBUG] [mixin/]: Selecting config mixins.sodiumoptionsapi.json
[13Sep2026 20:58:00.794] [main/DEBUG] [mixin/]: Selecting config dummmmmmy-common.mixins.json
[13Sep2026 20:58:00.797] [main/DEBUG] [mixin/]: Selecting config fabric-content-registries-v0.mixins.json
[13Sep2026 20:58:00.801] [main/DEBUG] [mixin/]: Selecting config mixins.sodiumdynamiclights.json
[13Sep2026 20:58:00.804] [main/DEBUG] [mixin/]: Selecting config embeddium.mixins.json
[13Sep2026 20:58:00.815] [main/INFO] [Embeddium/]: Loaded configuration file for Embeddium: 186 options available, 0 override(s) found
[13Sep2026 20:58:00.831] [main/DEBUG] [mixin/]: Selecting config entity_model_features.mixins.json
[13Sep2026 20:58:00.909] [main/DEBUG] [MixinExtras|Service/]: com.llamalad7.mixinextras.service.MixinExtrasServiceImpl(version=0.5.0) is taking over from null
[13Sep2026 20:58:00.956] [main/DEBUG] [mixin/]: Registering new injector for @Inject with org.spongepowered.asm.mixin.injection.struct.CallbackInjectionInfo
[13Sep2026 20:58:00.959] [main/DEBUG] [mixin/]: Registering new injector for @ModifyArg with org.spongepowered.asm.mixin.injection.struct.ModifyArgInjectionInfo
[13Sep2026 20:58:00.960] [main/DEBUG] [mixin/]: Registering new injector for @ModifyArgs with org.spongepowered.asm.mixin.injection.struct.ModifyArgsInjectionInfo
[13Sep2026 20:58:00.962] [main/DEBUG] [mixin/]: Registering new injector for @Redirect with org.spongepowered.asm.mixin.injection.struct.RedirectInjectionInfo
[13Sep2026 20:58:00.963] [main/DEBUG] [mixin/]: Registering new injector for @ModifyVariable with org.spongepowered.asm.mixin.injection.struct.ModifyVariableInjectionInfo
[13Sep2026 20:58:00.965] [main/DEBUG] [mixin/]: Registering new injector for @ModifyConstant with org.spongepowered.asm.mixin.injection.struct.ModifyConstantInjectionInfo
[13Sep2026 20:58:00.976] [main/DEBUG] [mixin/]: Selecting config extraquests.mixins.json
[13Sep2026 20:58:00.979] [main/WARN] [mixin/]: Reference map 'extraquests.mixins.refmap.json' for extraquests.mixins.json could not be read. If this is a development environment you can ignore this message
[13Sep2026 20:58:00.979] [main/DEBUG] [mixin/]: Selecting config entity_texture_features.mixins.json
[13Sep2026 20:58:00.993] [main/DEBUG] [mixin/]: Selecting config fabric-game-rule-api-v1.mixins.json
[13Sep2026 20:58:00.997] [main/DEBUG] [mixin/]: Selecting config fabric-game-rule-api-v1.client.mixins.json
[13Sep2026 20:58:01.001] [main/DEBUG] [mixin/]: Selecting config ambientsounds.mixins.json
[13Sep2026 20:58:01.005] [main/DEBUG] [mixin/]: Selecting config fabric-api-lookup-api-v1.mixins.json
[13Sep2026 20:58:01.008] [main/DEBUG] [mixin/]: Selecting config jjcnbtfix.mixins.json
[13Sep2026 20:58:01.010] [main/INFO] [jjcnbtfix/]: [JJCNBTFIX] Mixin plugin loaded. packetfixer detected: true
[13Sep2026 20:58:01.013] [main/DEBUG] [mixin/]: Selecting config bobby.mixins.json
[13Sep2026 20:58:01.025] [main/DEBUG] [mixin/]: Selecting config curios.mixins.json
[13Sep2026 20:58:01.032] [main/DEBUG] [mixin/]: Selecting config patchouli_xplat.mixins.json
[13Sep2026 20:58:01.036] [main/DEBUG] [mixin/]: Selecting config searchables.mixins.json
[13Sep2026 20:58:01.040] [main/DEBUG] [mixin/]: Selecting config searchables.forge.mixins.json
[13Sep2026 20:58:01.044] [main/DEBUG] [mixin/]: Selecting config fabric-entity-events-v1.mixins.json
[13Sep2026 20:58:01.048] [main/DEBUG] [mixin/]: Selecting config fabric-entity-events-v1.client.mixins.json
[13Sep2026 20:58:01.052] [main/DEBUG] [mixin/]: Selecting config architectury.mixins.json
[13Sep2026 20:58:01.056] [main/DEBUG] [mixin/]: Selecting config architectury-common.mixins.json
[13Sep2026 20:58:01.058] [main/DEBUG] [mixin/]: Selecting config nerb-common.mixins.json
[13Sep2026 20:58:01.061] [main/DEBUG] [mixin/]: Selecting config fabric-loot-api-v2.mixins.json
[13Sep2026 20:58:01.063] [main/DEBUG] [mixin/]: Selecting config cupboard.mixins.json
[13Sep2026 20:58:01.065] [main/DEBUG] [mixin/]: Selecting config transition.mixins.json
[13Sep2026 20:58:01.067] [main/DEBUG] [mixin/]: Selecting config fabric-rendering-data-attachment-v1.mixins.json
[13Sep2026 20:58:01.070] [main/DEBUG] [mixin/]: Selecting config fabric-rendering-data-attachment-v1.client.mixins.json
[13Sep2026 20:58:01.072] [main/DEBUG] [mixin/]: Selecting config fabric-networking-api-v1.mixins.json
[13Sep2026 20:58:01.075] [main/DEBUG] [mixin/]: Selecting config fabric-networking-api-v1.client.mixins.json
[13Sep2026 20:58:01.077] [main/DEBUG] [mixin/]: Selecting config hugestructureblocks.mixins.json
[13Sep2026 20:58:01.081] [main/DEBUG] [mixin/]: Selecting config fabric-lifecycle-events-v1.mixins.json
[13Sep2026 20:58:01.083] [main/DEBUG] [mixin/]: Selecting config fabric-lifecycle-events-v1.client.mixins.json
[13Sep2026 20:58:01.086] [main/DEBUG] [mixin/]: Selecting config quickskin.mixins.json
[13Sep2026 20:58:01.088] [main/DEBUG] [mixin/]: Selecting config quickskin-ears.mixins.json
[13Sep2026 20:58:01.092] [main/DEBUG] [mixin/]: Selecting config fabric-key-binding-api-v1.mixins.json
[13Sep2026 20:58:01.094] [main/DEBUG] [mixin/]: Selecting config fabric-transfer-api-v1.mixins.json
[13Sep2026 20:58:01.096] [main/DEBUG] [mixin/]: Selecting config rhino-common.mixins.json
[13Sep2026 20:58:01.099] [main/DEBUG] [mixin/]: Selecting config retrodamageindicators.mixins.json
[13Sep2026 20:58:01.101] [main/DEBUG] [mixin/]: Selecting config ftblibrary-common.mixins.json
[13Sep2026 20:58:01.103] [main/DEBUG] [mixin/]: Selecting config limitedchunks.mixins.json
[13Sep2026 20:58:01.107] [main/WARN] [mixin/]: Reference map 'limitedchunks.refmap.json' for limitedchunks.mixins.json could not be read. If this is a development environment you can ignore this message
[13Sep2026 20:58:01.107] [main/DEBUG] [mixin/]: Selecting config fabric-model-loading-api-v1.mixins.json
[13Sep2026 20:58:01.110] [main/DEBUG] [mixin/]: Selecting config kubejs-forge.mixins.json
[13Sep2026 20:58:01.112] [main/DEBUG] [mixin/]: Selecting config kubejs-common.mixins.json
[13Sep2026 20:58:01.115] [main/DEBUG] [mixin/]: Selecting config attributefix.mixins.json
[13Sep2026 20:58:01.118] [main/DEBUG] [mixin/]: Selecting config xaerolib.mixins.json
[13Sep2026 20:58:01.120] [main/DEBUG] [mixin/]: Selecting config xaerolib.forge.mixins.json
[13Sep2026 20:58:01.122] [main/DEBUG] [mixin/]: Selecting config pehkui.mixins.json
[13Sep2026 20:58:01.133] [main/DEBUG] [mixin/]: Selecting config fabric-screen-handler-api-v1.mixins.json
[13Sep2026 20:58:01.136] [main/DEBUG] [mixin/]: Selecting config fabric-resource-loader-v0.mixins.json
[13Sep2026 20:58:01.138] [main/DEBUG] [mixin/]: Selecting config fabric-resource-loader-v0.client.mixins.json
[13Sep2026 20:58:01.141] [main/DEBUG] [mixin/]: Selecting config trender.mixins.json
[13Sep2026 20:58:01.144] [main/DEBUG] [mixin/]: Selecting config fabric-rendering-v1.mixins.json
[13Sep2026 20:58:01.147] [main/DEBUG] [mixin/]: Selecting config chloride.mixin.json
[13Sep2026 20:58:01.150] [main/DEBUG] [mixin/]: Selecting config waystones.mixins.json
[13Sep2026 20:58:01.153] [main/DEBUG] [mixin/]: Selecting config fabric-renderer-indigo.mixins.json
[13Sep2026 20:58:01.157] [main/DEBUG] [mixin/]: Selecting config fastsuite.mixins.json
[13Sep2026 20:58:01.164] [main/DEBUG] [mixin/]: Selecting config clumps.mixins.json
[13Sep2026 20:58:01.177] [main/DEBUG] [mixin/]: Selecting config fastasyncworldsave.mixins.json
[13Sep2026 20:58:01.181] [main/DEBUG] [mixin/]: Selecting config fabric-mining-level-api-v1.mixins.json
[13Sep2026 20:58:01.187] [main/DEBUG] [mixin/]: Selecting config aaa_particles-common.mixins.json
[13Sep2026 20:58:01.191] [main/DEBUG] [mixin/]: Selecting config aaa_particles.mixins.json
[13Sep2026 20:58:01.194] [main/DEBUG] [mixin/]: Selecting config mixins.txnilib.json
[13Sep2026 20:58:01.199] [main/DEBUG] [mixin/]: Selecting config memoryleakfix.mixins.json
[13Sep2026 20:58:01.237] [main/DEBUG] [MixinExtras|Service/]: ca.fxco.memoryleakfix.mixinextras.service.MixinExtrasServiceImpl(version=0.3.2) is conceding to com.llamalad7.mixinextras.service.MixinExtrasServiceImpl(version=0.5.0)
[13Sep2026 20:58:01.247] [main/DEBUG] [mixin/]: Selecting config almplaceholderfix.mixins.json
[13Sep2026 20:58:01.251] [main/DEBUG] [mixin/]: Selecting config fabric-particles-v1.client.mixins.json
[13Sep2026 20:58:01.255] [main/DEBUG] [mixin/]: Selecting config ftbchunks-common.mixins.json
[13Sep2026 20:58:01.261] [main/DEBUG] [mixin/]: Selecting config jujutsucraftfix.mixins.json
[13Sep2026 20:58:01.264] [main/DEBUG] [mixin/]: Selecting config almirion_utilities.mixins.json
[13Sep2026 20:58:01.269] [main/DEBUG] [mixin/]: Selecting config jujutsucraftutility.mixins.json
[13Sep2026 20:58:01.273] [main/DEBUG] [mixin/]: Selecting config slyrienjujutsu.mixins.json
[13Sep2026 20:58:01.279] [main/DEBUG] [mixin/]: Selecting config jujutsuslop.mixins.json
[13Sep2026 20:58:01.286] [main/DEBUG] [mixin/]: Selecting config jjsh.mixins.json
[13Sep2026 20:58:01.292] [main/DEBUG] [mixin/]: Selecting config smoothchunk.mixins.json
[13Sep2026 20:58:01.295] [main/DEBUG] [mixin/]: Selecting config moonlight-common.mixins.json
[13Sep2026 20:58:01.304] [main/DEBUG] [mixin/]: Selecting config moonlight.mixins.json
[13Sep2026 20:58:01.310] [main/DEBUG] [mixin/]: Selecting config modern_jujutsu.mixins.json
[13Sep2026 20:58:01.313] [main/DEBUG] [mixin/]: Selecting config fabric-api-base.init.mixins.json
[13Sep2026 20:58:01.326] [main/DEBUG] [mixin/]: Selecting config mousetweaks.mixins.json
[13Sep2026 20:58:01.329] [main/DEBUG] [mixin/]: Selecting config geto_storage_fix.mixins.json
[13Sep2026 20:58:01.332] [main/INFO] [com.example.examplemod.debug.GetoBootDiagnostics/]: [GetoBoot] MixinPlugin loaded package="com.example.examplemod.mixin"
[13Sep2026 20:58:01.338] [main/DEBUG] [mixin/]: Selecting config fabric-blockrenderlayer-v1.mixins.json
[13Sep2026 20:58:01.353] [main/DEBUG] [mixin/]: Selecting config mixinsquared.init.mixins.json
[13Sep2026 20:58:01.372] [main/DEBUG] [mixin/]: Registering new target selector for @mixinsquared:handler with com.bawnorton.mixinsquared.selector.DynamicSelectorHandler
[13Sep2026 20:58:01.390] [main/DEBUG] [mixin/]: Selecting config jade.mixins.json
[13Sep2026 20:58:01.394] [main/DEBUG] [mixin/]: Selecting config creativecore.mixins.json
[13Sep2026 20:58:01.398] [main/DEBUG] [mixin/]: Selecting config creativecore.forge.mixins.json
[13Sep2026 20:58:01.403] [main/DEBUG] [mixin/]: Selecting config fabric-resource-conditions-api-v1.mixins.json
[13Sep2026 20:58:01.407] [main/DEBUG] [mixin/]: Selecting config ftbxaerocompat.mixins.json
[13Sep2026 20:58:01.409] [main/DEBUG] [mixin/]: Selecting config xaerohud.mixins.json
[13Sep2026 20:58:01.413] [main/DEBUG] [mixin/]: Selecting config xaerohud.forge.mixins.json
[13Sep2026 20:58:01.419] [main/DEBUG] [mixin/]: Selecting config xaerominimap.mixins.json
[13Sep2026 20:58:01.424] [main/DEBUG] [mixin/]: Selecting config xaerominimap.forge.mixins.json
[13Sep2026 20:58:01.429] [main/DEBUG] [mixin/]: Selecting config fabric-item-group-api-v1.mixins.json
[13Sep2026 20:58:01.432] [main/DEBUG] [mixin/]: Selecting config fabric-item-group-api-v1.client.mixins.json
[13Sep2026 20:58:01.434] [main/DEBUG] [mixin/]: Selecting config entityculling.mixins.json
[13Sep2026 20:58:01.436] [main/DEBUG] [mixin/]: Selecting config fabric-biome-api-v1.mixins.json
[13Sep2026 20:58:01.439] [main/DEBUG] [mixin/]: Selecting config fabric-registry-sync-v0.mixins.json
[13Sep2026 20:58:01.445] [main/DEBUG] [mixin/]: Selecting config fabric-registry-sync-v0.client.mixins.json
[13Sep2026 20:58:01.457] [main/DEBUG] [mixin/]: Selecting config immediatelyfast-common.mixins.json
[13Sep2026 20:58:01.504] [main/DEBUG] [mixin/]: Selecting config immediatelyfast-forge.mixins.json
[13Sep2026 20:58:01.508] [main/DEBUG] [mixin/]: Selecting config mixins.jujutsucrafts.json
[13Sep2026 20:58:01.532] [main/DEBUG] [mixin/]: Selecting config gbf.mixins.json
[13Sep2026 20:58:01.535] [main/DEBUG] [mixin/]: Selecting config fabric-recipe-api-v1.mixins.json
[13Sep2026 20:58:01.538] [main/DEBUG] [mixin/]: Selecting config lootr.mixins.json
[13Sep2026 20:58:01.540] [main/DEBUG] [mixin/]: Selecting config ferritecore.predicates.mixin.json
[13Sep2026 20:58:01.580] [main/DEBUG] [mixin/]: Selecting config ferritecore.fastmap.mixin.json
[13Sep2026 20:58:01.586] [main/DEBUG] [mixin/]: Selecting config ferritecore.mrl.mixin.json
[13Sep2026 20:58:01.590] [main/DEBUG] [mixin/]: Selecting config ferritecore.dedupmultipart.mixin.json
[13Sep2026 20:58:01.593] [main/DEBUG] [mixin/]: Selecting config ferritecore.blockstatecache.mixin.json
[13Sep2026 20:58:01.596] [main/DEBUG] [mixin/]: Selecting config ferritecore.dedupbakedquad.mixin.json
[13Sep2026 20:58:01.609] [main/DEBUG] [mixin/]: Selecting config ferritecore.threaddetec.mixin.json
[13Sep2026 20:58:01.636] [main/DEBUG] [mixin/]: Selecting config ferritecore.modelsides.mixin.json
[13Sep2026 20:58:01.649] [main/DEBUG] [mixin/]: Selecting config fabric-object-builder-v1.mixins.json
[13Sep2026 20:58:01.653] [main/DEBUG] [mixin/]: Selecting config sodium-extra.mixins.json
[13Sep2026 20:58:01.674] [main/INFO] [Embeddium Extra/]: Loaded configuration file for Sodium Extra: 35 options available, 0 override(s) found
[13Sep2026 20:58:01.679] [main/DEBUG] [mixin/]: Selecting config mixins.immersivemessages.json
[13Sep2026 20:58:01.682] [main/DEBUG] [mixin/]: Selecting config fabric-sound-api-v1.mixins.json
[13Sep2026 20:58:01.684] [main/DEBUG] [mixin/]: Selecting config fabric-message-api-v1.mixins.json
[13Sep2026 20:58:01.687] [main/DEBUG] [mixin/]: Selecting config fabric-message-api-v1.client.mixins.json
[13Sep2026 20:58:01.689] [main/DEBUG] [mixin/]: Selecting config packetfixer.v1_18.forge.mixins.json
[13Sep2026 20:58:01.692] [main/DEBUG] [mixin/]: Selecting config packetfixer.v1_19.forge.mixins.json
[13Sep2026 20:58:01.696] [main/DEBUG] [mixin/]: Selecting config packetfixer.v1_19_3.forge.mixins.json
[13Sep2026 20:58:01.699] [main/DEBUG] [mixin/]: Selecting config packetfixer.v1_19_4.forge.mixins.json
[13Sep2026 20:58:01.734] [main/INFO] [dev.tonimatas.packetfixer.mixins.v1_19_4_forge.MixinPlugin/]: Packet Fixer forge 1.19.4-1.20.1 has been applied successfully.
[13Sep2026 20:58:01.739] [main/DEBUG] [mixin/]: Selecting config packetfixer.v1_20_2.forge.mixins.json
[13Sep2026 20:58:01.744] [main/DEBUG] [mixin/]: Selecting config fabric-data-generation-api-v1.mixins.json
[13Sep2026 20:58:01.747] [main/DEBUG] [mixin/]: Selecting config fabric-events-interaction-v0.mixins.json
[13Sep2026 20:58:01.750] [main/DEBUG] [mixin/]: Selecting config fabric-events-interaction-v0.client.mixins.json
[13Sep2026 20:58:01.752] [main/DEBUG] [mixin/]: Selecting config mixinextras.init.mixins.json
[13Sep2026 20:58:01.757] [main/DEBUG] [mixin/]: Selecting config sound_physics_remastered.mixins.json
[13Sep2026 20:58:01.761] [main/DEBUG] [mixin/]: Preparing connectivity.mixins.json (31)
[13Sep2026 20:58:01.977] [main/DEBUG] [mixin/]: Preparing kuma_api.mixins.json (1)
[13Sep2026 20:58:01.977] [main/DEBUG] [mixin/]: Preparing kuma_api.forge.mixins.json (0)
[13Sep2026 20:58:01.977] [main/DEBUG] [mixin/]: Preparing fabric-renderer-api-v1.mixins.json (5)
[13Sep2026 20:58:01.977] [main/DEBUG] [mixin/]: Preparing fabric-renderer-api-v1.debughud.mixins.json (1)
[13Sep2026 20:58:01.977] [main/DEBUG] [mixin/]: Preparing geckolib.mixins.json (1)
[13Sep2026 20:58:01.977] [main/DEBUG] [mixin/]: Preparing playerAnimator-common.mixins.json (14)
[13Sep2026 20:58:01.977] [main/DEBUG] [mixin/]: Preparing fabric-item-api-v1.mixins.json (2)
[13Sep2026 20:58:01.990] [main/DEBUG] [net.minecraftforge.coremod.transformer.CoreModBaseTransformer/COREMOD]: Transforming net/minecraft/world/item/ItemStack
[13Sep2026 20:58:02.007] [main/DEBUG] [net.minecraftforge.coremod.transformer.CoreModBaseTransformer/COREMOD]: Transforming getEnchantmentLevel with desc (Lnet/minecraft/world/item/enchantment/Enchantment;)I
[13Sep2026 20:58:02.034] [main/INFO] [net.minecraftforge.coremod.CoreMod.placebo/COREMODLOG]: Patching IForgeItemStack#getEnchantmentLevel
[13Sep2026 20:58:02.086] [main/DEBUG] [net.minecraftforge.coremod.transformer.CoreModBaseTransformer/COREMOD]: Transforming getAllEnchantments with desc ()Ljava/util/Map;
[13Sep2026 20:58:02.093] [main/INFO] [net.minecraftforge.coremod.CoreMod.placebo/COREMODLOG]: Patching IForgeItemStack#getEnchantmentLevel
[13Sep2026 20:58:02.106] [main/DEBUG] [mixin/]: Preparing fabric-item-api-v1.client.mixins.json (1)
[13Sep2026 20:58:02.106] [main/DEBUG] [mixin/]: Preparing fabric-rendering-fluids-v1.mixins.json (2)
[13Sep2026 20:58:02.106] [main/DEBUG] [mixin/]: Preparing sophisticatedcore.mixins.json (3)
[13Sep2026 20:58:02.123] [main/DEBUG] [mixin/]: Preparing sophisticatedcore.create.mixins.json (1)
[13Sep2026 20:58:02.125] [main/DEBUG] [mixin/]: Preparing xaeroworldmap.mixins.json (11)
[13Sep2026 20:58:02.176] [main/DEBUG] [mixin/]: Preparing xaeroworldmap.forge.mixins.json (2)
[13Sep2026 20:58:02.177] [main/DEBUG] [mixin/]: Preparing controlling.mixins.json (5)
[13Sep2026 20:58:02.177] [main/DEBUG] [mixin/]: Preparing controlling.forge.mixins.json (0)
[13Sep2026 20:58:02.177] [main/DEBUG] [mixin/]: Preparing placebo.mixins.json (6)
[13Sep2026 20:58:02.214] [main/DEBUG] [mixin/]: Preparing modernfix-modernfix.mixins.json (197)
[13Sep2026 20:58:02.214] [main/DEBUG] [ModernFix/]: Applying mixin perf.fast_registry_validation.ForgeRegistryMixin
[13Sep2026 20:58:02.215] [main/DEBUG] [ModernFix/]: Applying mixin perf.kubejs.RecipeEventJSMixin
[13Sep2026 20:58:02.216] [main/DEBUG] [ModernFix/]: Applying mixin perf.fix_loop_spin_waiting.MinecraftServerMixin
[13Sep2026 20:58:02.217] [main/DEBUG] [ModernFix/]: Applying mixin perf.dedicated_reload_executor.MinecraftServerMixin
[13Sep2026 20:58:02.218] [main/DEBUG] [ModernFix/]: Applying mixin perf.deduplicate_wall_shapes.WallBlockMixin
[13Sep2026 20:58:02.221] [main/DEBUG] [ModernFix/]: Applying mixin perf.reduce_blockstate_cache_rebuilds.BlockStateBaseMixin
[13Sep2026 20:58:02.222] [main/DEBUG] [ModernFix/]: Applying mixin perf.reduce_blockstate_cache_rebuilds.BlocksMixin
[13Sep2026 20:58:02.222] [main/DEBUG] [ModernFix/]: Applying mixin perf.reduce_blockstate_cache_rebuilds.BlockCallbacksMixin
[13Sep2026 20:58:02.223] [main/DEBUG] [ModernFix/]: Skipping mixin perf.faster_capabilities.bytecode_analysis.AttachCapabilitiesEventMixin: disabled for mod compat ([feature level: requires BETA])
[13Sep2026 20:58:02.223] [main/DEBUG] [ModernFix/]: Skipping mixin perf.faster_capabilities.bytecode_analysis.ForgeEventFactoryMixin: disabled for mod compat ([feature level: requires BETA])
[13Sep2026 20:58:02.224] [main/DEBUG] [ModernFix/]: Applying mixin perf.faster_capabilities.CapabilityDispatcherMixin
[13Sep2026 20:58:02.226] [main/DEBUG] [ModernFix/]: Applying mixin perf.faster_structure_location.StructureCheckMixin
[13Sep2026 20:58:02.226] [main/DEBUG] [ModernFix/]: Applying mixin perf.faster_structure_location.ServerLevelMixin
[13Sep2026 20:58:02.227] [main/DEBUG] [ModernFix/]: Skipping mixin perf.remove_spawn_chunks.SortedArraySetMixin: disabled by configuration
[13Sep2026 20:58:02.227] [main/DEBUG] [ModernFix/]: Skipping mixin perf.remove_spawn_chunks.MinecraftServerMixin: disabled by configuration
[13Sep2026 20:58:02.228] [main/DEBUG] [ModernFix/]: Skipping mixin perf.remove_spawn_chunks.PlayerListMixin: disabled by configuration
[13Sep2026 20:58:02.228] [main/DEBUG] [ModernFix/]: Skipping mixin perf.remove_spawn_chunks.ServerPlayerMixin: disabled by configuration
[13Sep2026 20:58:02.229] [main/DEBUG] [ModernFix/]: Skipping mixin perf.remove_spawn_chunks.ServerLevelMixin: disabled by configuration
[13Sep2026 20:58:02.229] [main/DEBUG] [ModernFix/]: Skipping mixin perf.remove_spawn_chunks.EntityMixin: disabled by configuration
[13Sep2026 20:58:02.229] [main/DEBUG] [ModernFix/]: Applying mixin perf.dynamic_structure_manager.StructureManagerMixin
[13Sep2026 20:58:02.230] [main/DEBUG] [ModernFix/]: Applying mixin perf.worldgen_allocation.SurfaceRulesContextMixin
[13Sep2026 20:58:02.230] [main/DEBUG] [ModernFix/]: Applying mixin perf.worldgen_allocation.NoiseChunkMixin
[13Sep2026 20:58:02.231] [main/DEBUG] [ModernFix/]: Skipping mixin perf.worldgen_allocation.ClimateParameterListMixin: disabled for mod compat ([feature level: requires BETA])
[13Sep2026 20:58:02.231] [main/DEBUG] [ModernFix/]: Applying mixin perf.worldgen_allocation.SequenceRuleMixin
[13Sep2026 20:58:02.232] [main/DEBUG] [ModernFix/]: Applying mixin perf.worldgen_allocation.SurfaceRulesMixin
[13Sep2026 20:58:02.232] [main/DEBUG] [ModernFix/]: Applying mixin perf.worldgen_allocation.SurfaceRulesMixin
[13Sep2026 20:58:02.232] [main/DEBUG] [ModernFix/]: Applying mixin perf.worldgen_allocation.SurfaceRulesMixin
[13Sep2026 20:58:02.232] [main/DEBUG] [ModernFix/]: Applying mixin perf.worldgen_allocation.SurfaceRulesMixin
[13Sep2026 20:58:02.232] [main/DEBUG] [ModernFix/]: Applying mixin perf.worldgen_allocation.SurfaceRulesMixin
[13Sep2026 20:58:02.232] [main/DEBUG] [ModernFix/]: Applying mixin perf.worldgen_allocation.MaterialRuleListMixin
[13Sep2026 20:58:02.233] [main/DEBUG] [ModernFix/]: Applying mixin perf.model_optimizations.PropertyMixin
[13Sep2026 20:58:02.233] [main/DEBUG] [ModernFix/]: Applying mixin perf.model_optimizations.BooleanPropertyMixin
[13Sep2026 20:58:02.234] [main/DEBUG] [ModernFix/]: Applying mixin perf.release_protochunks.ChunkHolderMixin
[13Sep2026 20:58:02.235] [main/DEBUG] [ModernFix/]: Applying mixin perf.release_protochunks.ChunkMapMixin
[13Sep2026 20:58:02.235] [main/DEBUG] [ModernFix/]: Applying mixin perf.release_protochunks.ImposterProtoChunkMixin
[13Sep2026 20:58:02.236] [main/DEBUG] [ModernFix/]: Applying mixin perf.smart_ingredient_sync.ConnectionMixin
[13Sep2026 20:58:02.237] [main/DEBUG] [ModernFix/]: Applying mixin perf.smart_ingredient_sync.IngredientMixin
[13Sep2026 20:58:02.237] [main/DEBUG] [ModernFix/]: Applying mixin perf.smart_ingredient_sync.PlayerListMixin
[13Sep2026 20:58:02.238] [main/DEBUG] [ModernFix/]: Applying mixin perf.object_holder_cleanup.GameDataMixin
[13Sep2026 20:58:02.239] [main/DEBUG] [ModernFix/]: Applying mixin perf.memoize_creative_tab_build.CreativeModeTabMixin
[13Sep2026 20:58:02.240] [main/DEBUG] [ModernFix/]: Applying mixin perf.potential_spawns_alloc.PotentialSpawnsMixin
[13Sep2026 20:58:02.240] [main/DEBUG] [ModernFix/]: Applying mixin perf.potential_spawns_alloc.ForgeEventFactoryMixin
[13Sep2026 20:58:02.241] [main/DEBUG] [ModernFix/]: Applying mixin perf.forge_cap_retrieval.AttachCapabilitiesEventMixin
[13Sep2026 20:58:02.241] [main/DEBUG] [ModernFix/]: Applying mixin perf.forge_cap_retrieval.LivingEntityMixin
[13Sep2026 20:58:02.242] [main/DEBUG] [ModernFix/]: Skipping mixin perf.faster_ingredients.CofhIngredientWithCountMixin: disabled for mod compat (cofh_core)
[13Sep2026 20:58:02.242] [main/DEBUG] [ModernFix/]: Applying mixin perf.faster_ingredients.ForgeHooksMixin
[13Sep2026 20:58:02.244] [main/DEBUG] [ModernFix/]: Applying mixin perf.faster_ingredients.IngredientMixin
[13Sep2026 20:58:02.245] [main/DEBUG] [ModernFix/]: Applying mixin perf.forge_registry_lambda.RegistryObjectMixin
[13Sep2026 20:58:02.246] [main/DEBUG] [ModernFix/]: Applying mixin perf.ticking_chunk_alloc.BatMixin
[13Sep2026 20:58:02.247] [main/DEBUG] [ModernFix/]: Applying mixin perf.ticking_chunk_alloc.ChunkHolderMixin
[13Sep2026 20:58:02.248] [main/DEBUG] [ModernFix/]: Applying mixin perf.ticking_chunk_alloc.ChunkAccessMixin
[13Sep2026 20:58:02.248] [main/DEBUG] [ModernFix/]: Skipping mixin perf.cache_strongholds.ConcentricRingsStructurePlacementMixin: disabled for mod compat ([feature level: requires BETA])
[13Sep2026 20:58:02.250] [main/DEBUG] [ModernFix/]: Applying mixin perf.cache_strongholds.ChunkGeneratorMixin
[13Sep2026 20:58:02.250] [main/DEBUG] [ModernFix/]: Applying mixin perf.cache_strongholds.ServerLevelMixin
[13Sep2026 20:58:02.251] [main/DEBUG] [ModernFix/]: Applying mixin perf.thread_priorities.UtilMixin
[13Sep2026 20:58:02.251] [main/DEBUG] [ModernFix/]: Applying mixin perf.resourcepacks.ForgePathPackResourcesMixin
[13Sep2026 20:58:02.252] [main/DEBUG] [ModernFix/]: Applying mixin perf.resourcepacks.MinecraftServerMixin
[13Sep2026 20:58:02.253] [main/DEBUG] [ModernFix/]: Skipping mixin perf.resourcepacks.FilePackResourcesMixin: disabled for mod compat ([feature level: requires BETA])
[13Sep2026 20:58:02.253] [main/DEBUG] [ModernFix/]: Applying mixin perf.dynamic_dfu.DataFixTypesMixin
[13Sep2026 20:58:02.256] [main/DEBUG] [ModernFix/]: Applying mixin perf.dynamic_dfu.DataFixersMixin
[13Sep2026 20:58:02.256] [main/DEBUG] [ModernFix/]: Applying mixin perf.dynamic_dfu.EntityTypeBuilderMixin
[13Sep2026 20:58:02.256] [main/DEBUG] [ModernFix/]: Applying mixin perf.dynamic_dfu.BlockEntityTypeMixin
[13Sep2026 20:58:02.257] [main/DEBUG] [ModernFix/]: Applying mixin perf.compact_imposterprotochunks.ChunkAccessMixin
[13Sep2026 20:58:02.257] [main/DEBUG] [ModernFix/]: Applying mixin perf.compact_imposterprotochunks.ImposterProtoChunkMixin
[13Sep2026 20:58:02.258] [main/DEBUG] [ModernFix/]: Applying mixin perf.fast_forge_dummies.NamespacedHolderHelperMixin
[13Sep2026 20:58:02.259] [main/DEBUG] [ModernFix/]: Applying mixin perf.cache_blockstate_cache_arrays.AbstractBlockStateCacheMixin
[13Sep2026 20:58:02.260] [main/DEBUG] [ModernFix/]: Applying mixin perf.remove_biome_temperature_cache.BiomeMixin
[13Sep2026 20:58:02.260] [main/DEBUG] [ModernFix/]: Applying mixin perf.datapack_reload_exceptions.RecipeManagerMixin
[13Sep2026 20:58:02.260] [main/DEBUG] [ModernFix/]: Applying mixin perf.state_definition_construct.StateDefinitionMixin
[13Sep2026 20:58:02.261] [main/DEBUG] [ModernFix/]: Skipping mixin perf.ingredient_item_deduplication.IngredientItemValueMixin: disabled for mod compat ([feature level: requires BETA])
[13Sep2026 20:58:02.261] [main/DEBUG] [ModernFix/]: Skipping mixin perf.ingredient_item_deduplication.IngredientMixin: disabled for mod compat ([feature level: requires BETA])
[13Sep2026 20:58:02.262] [main/DEBUG] [ModernFix/]: Applying mixin perf.optimize_surface_rules.SurfaceRulesContextMixin
[13Sep2026 20:58:02.263] [main/DEBUG] [ModernFix/]: Applying mixin perf.optimize_surface_rules.NoiseBasedChunkGeneratorMixin
[13Sep2026 20:58:02.264] [main/DEBUG] [ModernFix/]: Applying mixin perf.optimize_surface_rules.BiomeConditionSourceMixin
[13Sep2026 20:58:02.268] [main/DEBUG] [ModernFix/]: Applying mixin perf.optimize_surface_rules.SurfaceSystemMixin
[13Sep2026 20:58:02.268] [main/DEBUG] [ModernFix/]: Applying mixin perf.optimize_surface_rules.BiomeManagerAccessor
[13Sep2026 20:58:02.269] [main/DEBUG] [ModernFix/]: Skipping mixin perf.optimize_surface_rules.NamespacedSurfaceRuleSourceMixin: disabled for mod compat ([feature level: requires BETA])
[13Sep2026 20:58:02.269] [main/DEBUG] [ModernFix/]: Applying mixin perf.compact_mojang_registries.BlockStateDataMixin
[13Sep2026 20:58:02.270] [main/DEBUG] [ModernFix/]: Applying mixin perf.compact_mojang_registries.VanillaRegistriesMixin
[13Sep2026 20:58:02.270] [main/DEBUG] [ModernFix/]: Applying mixin perf.compact_mojang_registries.MappedRegistryMixin
[13Sep2026 20:58:02.271] [main/DEBUG] [ModernFix/]: Applying mixin perf.tag_id_caching.TagOrElementLocationMixin
[13Sep2026 20:58:02.271] [main/DEBUG] [ModernFix/]: Applying mixin perf.tag_id_caching.TagEntryMixin
[13Sep2026 20:58:02.272] [main/DEBUG] [ModernFix/]: Skipping mixin perf.faster_loot_loading.ForgeHooksMixin: disabled for mod compat ([feature level: requires BETA])
[13Sep2026 20:58:02.274] [main/DEBUG] [ModernFix/]: Skipping mixin perf.faster_loot_loading.LootDataManagerMixin: disabled for mod compat ([feature level: requires BETA])
[13Sep2026 20:58:02.275] [main/DEBUG] [ModernFix/]: Applying mixin perf.compact_bit_storage.PalettedContainerMixin
[13Sep2026 20:58:02.276] [main/DEBUG] [ModernFix/]: Applying mixin perf.cache_upgraded_structures.StructureManagerMixin
[13Sep2026 20:58:02.277] [main/DEBUG] [ModernFix/]: Skipping mixin perf.dynamic_resources.ForgeHooksClientMixin: disabled by configuration
[13Sep2026 20:58:02.280] [main/DEBUG] [ModernFix/]: Applying mixin perf.mojang_registry_size.MappedRegistryMixin
[13Sep2026 20:58:02.281] [main/DEBUG] [ModernFix/]: Skipping mixin perf.mojang_registry_size.StateHolderMixin: disabled for mod compat (!ferritecore)
[13Sep2026 20:58:02.281] [main/DEBUG] [ModernFix/]: Applying mixin perf.forge_registry_alloc.DebugLevelSourceMixin
[13Sep2026 20:58:02.282] [main/DEBUG] [ModernFix/]: Applying mixin perf.forge_registry_alloc.DelegateHolderMixin
[13Sep2026 20:58:02.282] [main/DEBUG] [ModernFix/]: Applying mixin perf.forge_registry_alloc.DelegateHolderMixin
[13Sep2026 20:58:02.282] [main/DEBUG] [ModernFix/]: Applying mixin perf.forge_registry_alloc.ForgeRegistryMixin
[13Sep2026 20:58:02.283] [main/DEBUG] [ModernFix/]: Applying mixin perf.attribute_supplier_dedup.AttributeSupplierMixin
[13Sep2026 20:58:02.284] [main/DEBUG] [ModernFix/]: Applying mixin perf.attribute_supplier_dedup.AttributeSupplierBuilderMixin
[13Sep2026 20:58:02.284] [main/DEBUG] [ModernFix/]: Applying mixin perf.fix_handshake_stall.HandshakeHandlerMixin
[13Sep2026 20:58:02.285] [main/DEBUG] [ModernFix/]: Applying mixin bugfix.chunk_deadlock.ServerChunkCache_CurrentLoadingMixin
[13Sep2026 20:58:02.286] [main/DEBUG] [ModernFix/]: Applying mixin bugfix.chunk_deadlock.ChunkMapLoadMixin
[13Sep2026 20:58:02.286] [main/DEBUG] [ModernFix/]: Applying mixin bugfix.chunk_deadlock.EntityMixin
[13Sep2026 20:58:02.287] [main/DEBUG] [ModernFix/]: Skipping mixin bugfix.unsafe_modded_shape_caches.ShapeCacheCyclicMixin: disabled for mod compat (cyclic)
[13Sep2026 20:58:02.287] [main/DEBUG] [ModernFix/]: Skipping mixin bugfix.unsafe_modded_shape_caches.ShapeCacheRSMixin: disabled for mod compat (refinedstorage)
[13Sep2026 20:58:02.288] [main/DEBUG] [ModernFix/]: Applying mixin bugfix.forge_vehicle_packets.ServerGamePacketListenerImplMixin
[13Sep2026 20:58:02.289] [main/DEBUG] [ModernFix/]: Skipping mixin bugfix.cofh_core_crash.FlagManagerMixin: disabled for mod compat (cofh_core)
[13Sep2026 20:58:02.289] [main/DEBUG] [ModernFix/]: Applying mixin bugfix.concurrency.ForgeRegistryTagManagerMixin
[13Sep2026 20:58:02.290] [main/DEBUG] [ModernFix/]: Applying mixin bugfix.concurrency.NamespacedWrapperMixin
[13Sep2026 20:58:02.291] [main/DEBUG] [ModernFix/]: Applying mixin bugfix.concurrency.MappedRegistryMixin
[13Sep2026 20:58:02.291] [main/DEBUG] [ModernFix/]: Applying mixin bugfix.removed_dimensions.LevelStorageSourceMixin
[13Sep2026 20:58:02.292] [main/DEBUG] [ModernFix/]: Applying mixin bugfix.paper_chunk_patches.SortedArraySetMixin
[13Sep2026 20:58:02.292] [main/DEBUG] [ModernFix/]: Applying mixin bugfix.paper_chunk_patches.ChunkMapMixin
[13Sep2026 20:58:02.293] [main/DEBUG] [ModernFix/]: Skipping mixin bugfix.restore_old_dragon_movement.EnderDragonMixin: disabled by configuration
[13Sep2026 20:58:02.293] [main/DEBUG] [ModernFix/]: Applying mixin bugfix.registry_ops_cme.RegistryOpsMemoizedMixin
[13Sep2026 20:58:02.294] [main/DEBUG] [ModernFix/]: Applying mixin feature.measure_time.WorldLoaderMixin
[13Sep2026 20:58:02.294] [main/DEBUG] [ModernFix/]: Applying mixin feature.measure_time.AddReloadListenerEventWrapperMixin
[13Sep2026 20:58:02.295] [main/DEBUG] [ModernFix/]: Applying mixin feature.measure_time.ProfiledReloadInstanceMixin
[13Sep2026 20:58:02.295] [main/DEBUG] [ModernFix/]: Applying mixin feature.measure_time.SimpleReloadInstanceMixin
[13Sep2026 20:58:02.295] [main/DEBUG] [ModernFix/]: Applying mixin feature.measure_time.BootstrapMixin
[13Sep2026 20:58:02.296] [main/DEBUG] [ModernFix/]: Skipping mixin feature.cause_lag_by_disabling_threads.UtilMixin: disabled by configuration
[13Sep2026 20:58:02.296] [main/DEBUG] [ModernFix/]: Applying mixin feature.branding.BrandingControlMixin
[13Sep2026 20:58:02.298] [main/DEBUG] [ModernFix/]: Applying mixin feature.mcfunction_profiling.ServerFunctionManagerMixin
[13Sep2026 20:58:02.299] [main/DEBUG] [ModernFix/]: Skipping mixin feature.blockentity_incorrect_thread.LevelThreadAccessor: disabled by configuration
[13Sep2026 20:58:02.299] [main/DEBUG] [ModernFix/]: Skipping mixin feature.blockentity_incorrect_thread.ChunkAccessMixin: disabled by configuration
[13Sep2026 20:58:02.300] [main/DEBUG] [ModernFix/]: Skipping mixin devenv.GameDataMixin: disabled by configuration
[13Sep2026 20:58:02.301] [main/DEBUG] [ModernFix/]: Applying mixin core.WorldLoaderMixin
[13Sep2026 20:58:02.302] [main/DEBUG] [ModernFix/]: Applying mixin core.PalettedContainerMixin
[13Sep2026 20:58:02.303] [main/DEBUG] [ModernFix/]: Applying mixin core.MinecraftServerMixin
[13Sep2026 20:58:02.303] [main/DEBUG] [ModernFix/]: Applying mixin core.GameDataMixin
[13Sep2026 20:58:02.303] [main/DEBUG] [ModernFix/]: Applying mixin core.CrashReportAnalyserMixin
[13Sep2026 20:58:02.304] [main/DEBUG] [ModernFix/]: Applying mixin core.NetworkHooksMixin
[13Sep2026 20:58:02.304] [main/DEBUG] [ModernFix/]: Applying mixin core.BootstrapMixin
[13Sep2026 20:58:02.371] [main/DEBUG] [mixin/]: @Mixin target net/minecraft/world/level/levelgen/SurfaceRules$Context is public in modernfix-modernfix.mixins.json:perf.worldgen_allocation.SurfaceRulesContextMixin and should be specified in value
[13Sep2026 20:58:02.504] [main/DEBUG] [net.minecraftforge.coremod.transformer.CoreModBaseTransformer/COREMOD]: Transforming net/minecraft/world/level/biome/Biome
[13Sep2026 20:58:02.783] [main/DEBUG] [mixin/]: Preparing fabric-block-view-api-v2.mixins.json (2)
[13Sep2026 20:58:02.786] [main/DEBUG] [mixin/]: Preparing fabric-block-view-api-v2.client.mixins.json (2)
[13Sep2026 20:58:02.790] [main/DEBUG] [mixin/]: Preparing fabric-command-api-v2.mixins.json (1)
[13Sep2026 20:58:02.801] [main/DEBUG] [mixin/]: Preparing fabric-command-api-v2.client.mixins.json (2)
[13Sep2026 20:58:02.803] [main/DEBUG] [mixin/]: Preparing fabric-data-attachment-api-v1.mixins.json (8)
[13Sep2026 20:58:02.846] [main/DEBUG] [mixin/]: Preparing fabric-data-attachment-api-v1.client.mixins.json (1)
[13Sep2026 20:58:02.846] [main/DEBUG] [mixin/]: Preparing sophisticatedbackpacks.mixins.json (1)
[13Sep2026 20:58:02.859] [main/DEBUG] [mixin/]: Preparing balm.mixins.json (16)
[13Sep2026 20:58:02.869] [main/DEBUG] [mixin/]: Preparing fabric-screen-api-v1.mixins.json (4)
[13Sep2026 20:58:02.872] [main/ERROR] [net.minecraftforge.fml.loading.RuntimeDistCleaner/DISTXFORM]: Attempted to load class net/minecraft/client/MouseHandler for invalid dist DEDICATED_SERVER
[13Sep2026 20:58:02.872] [main/WARN] [mixin/]: Error loading class: net/minecraft/client/MouseHandler (java.lang.RuntimeException: Attempted to load class net/minecraft/client/MouseHandler for invalid dist DEDICATED_SERVER)
[13Sep2026 20:58:02.872] [main/WARN] [mixin/]: @Mixin target net.minecraft.client.MouseHandler was not found fabric-screen-api-v1.mixins.json:MouseMixin
[13Sep2026 20:58:02.874] [main/ERROR] [net.minecraftforge.fml.loading.RuntimeDistCleaner/DISTXFORM]: Attempted to load class net/minecraft/client/gui/screens/Screen for invalid dist DEDICATED_SERVER
[13Sep2026 20:58:02.875] [main/WARN] [mixin/]: Error loading class: net/minecraft/client/gui/screens/Screen (java.lang.RuntimeException: Attempted to load class net/minecraft/client/gui/screens/Screen for invalid dist DEDICATED_SERVER)
[13Sep2026 20:58:02.875] [main/WARN] [mixin/]: @Mixin target net.minecraft.client.gui.screens.Screen was not found fabric-screen-api-v1.mixins.json:ScreenAccessor
[13Sep2026 20:58:02.875] [main/DEBUG] [mixin/]: Preparing mixins.sodiumoptionsapi.json (7)
[13Sep2026 20:58:02.875] [main/DEBUG] [mixin/]: Preparing dummmmmmy-common.mixins.json (5)
[13Sep2026 20:58:02.892] [main/DEBUG] [mixin/]: Preparing fabric-content-registries-v0.mixins.json (8)
[13Sep2026 20:58:02.914] [main/DEBUG] [net.minecraftforge.coremod.transformer.CoreModBaseTransformer/COREMOD]: Transforming net/minecraft/world/entity/npc/Villager
[13Sep2026 20:58:03.287] [main/DEBUG] [mixin/]: Preparing mixins.sodiumdynamiclights.json (22)
[13Sep2026 20:58:03.289] [main/DEBUG] [mixin/]: Preparing embeddium.mixins.json (0)
[13Sep2026 20:58:03.289] [main/DEBUG] [mixin/]: Preparing entity_model_features.mixins.json (62)
[13Sep2026 20:58:03.289] [main/DEBUG] [mixin/]: Preparing extraquests.mixins.json (2)
[13Sep2026 20:58:03.326] [main/WARN] [mixin/]: Error loading class: net/sixik/sdmshop/shop/entry_types/CommandEntryType (java.lang.ClassNotFoundException: net.sixik.sdmshop.shop.entry_types.CommandEntryType)
[13Sep2026 20:58:03.336] [main/WARN] [mixin/]: @Mixin target net.sixik.sdmshop.shop.entry_types.CommandEntryType was not found extraquests.mixins.json:SDMShopMixin
[13Sep2026 20:58:03.336] [main/DEBUG] [mixin/]: Preparing entity_texture_features.mixins.json (59)
[13Sep2026 20:58:03.336] [main/DEBUG] [mixin/]: Preparing fabric-game-rule-api-v1.mixins.json (6)
[13Sep2026 20:58:03.364] [main/DEBUG] [mixin/]: Preparing fabric-game-rule-api-v1.client.mixins.json (3)
[13Sep2026 20:58:03.364] [main/DEBUG] [mixin/]: Preparing ambientsounds.mixins.json (2)
[13Sep2026 20:58:03.364] [main/DEBUG] [mixin/]: Preparing fabric-api-lookup-api-v1.mixins.json (2)
[13Sep2026 20:58:03.365] [main/DEBUG] [mixin/]: Preparing jjcnbtfix.mixins.json (9)
[13Sep2026 20:58:03.370] [main/DEBUG] [mixin/]: Preparing bobby.mixins.json (16)
[13Sep2026 20:58:03.371] [main/DEBUG] [mixin/]: Preparing curios.mixins.json (13)
[13Sep2026 20:58:03.395] [main/DEBUG] [mixin/]: Preparing patchouli_xplat.mixins.json (10)
[13Sep2026 20:58:03.398] [main/DEBUG] [mixin/]: Preparing searchables.mixins.json (1)
[13Sep2026 20:58:03.398] [main/DEBUG] [mixin/]: Preparing searchables.forge.mixins.json (0)
[13Sep2026 20:58:03.398] [main/DEBUG] [mixin/]: Preparing fabric-entity-events-v1.mixins.json (9)
[13Sep2026 20:58:03.403] [main/DEBUG] [net.minecraftforge.coremod.transformer.CoreModBaseTransformer/COREMOD]: Transforming net/minecraft/world/entity/animal/frog/Tadpole
[13Sep2026 20:58:03.481] [main/DEBUG] [mixin/]: Preparing fabric-entity-events-v1.client.mixins.json (1)
[13Sep2026 20:58:03.481] [main/DEBUG] [mixin/]: Preparing architectury.mixins.json (9)
[13Sep2026 20:58:03.485] [main/DEBUG] [mixin/]: Preparing architectury-common.mixins.json (10)
[13Sep2026 20:58:03.487] [main/DEBUG] [net.minecraftforge.coremod.transformer.CoreModBaseTransformer/COREMOD]: Transforming net/minecraft/world/item/BucketItem
[13Sep2026 20:58:03.494] [main/DEBUG] [net.minecraftforge.coremod.transformer.CoreModBaseTransformer/COREMOD]: Transforming net/minecraft/world/entity/EntityType
[13Sep2026 20:58:03.571] [main/DEBUG] [net.minecraftforge.coremod.transformer.CoreModBaseTransformer/COREMOD]: Transforming net/minecraft/world/level/block/LiquidBlock
[13Sep2026 20:58:03.584] [main/DEBUG] [mixin/]: Preparing nerb-common.mixins.json (6)
[13Sep2026 20:58:03.588] [main/DEBUG] [mixin/]: Preparing fabric-loot-api-v2.mixins.json (6)
[13Sep2026 20:58:03.592] [main/DEBUG] [mixin/]: Preparing cupboard.mixins.json (5)
[13Sep2026 20:58:03.615] [main/DEBUG] [mixin/]: Preparing transition.mixins.json (7)
[13Sep2026 20:58:03.617] [main/DEBUG] [mixin/]: Preparing fabric-rendering-data-attachment-v1.mixins.json (2)
[13Sep2026 20:58:03.618] [main/DEBUG] [mixin/]: Preparing fabric-rendering-data-attachment-v1.client.mixins.json (1)
[13Sep2026 20:58:03.618] [main/DEBUG] [mixin/]: Preparing fabric-networking-api-v1.mixins.json (11)
[13Sep2026 20:58:03.633] [main/DEBUG] [mixin/]: Preparing fabric-networking-api-v1.client.mixins.json (5)
[13Sep2026 20:58:03.633] [main/DEBUG] [mixin/]: Preparing hugestructureblocks.mixins.json (8)
[13Sep2026 20:58:03.649] [main/DEBUG] [mixin/]: Preparing fabric-lifecycle-events-v1.mixins.json (9)
[13Sep2026 20:58:03.657] [main/DEBUG] [mixin/]: @Mixin target net/minecraft/server/level/ServerLevel$EntityCallbacks is public in fabric-lifecycle-events-v1.mixins.json:ServerWorldServerEntityHandlerMixin and should be specified in value
[13Sep2026 20:58:03.657] [main/DEBUG] [mixin/]: Preparing fabric-lifecycle-events-v1.client.mixins.json (6)
[13Sep2026 20:58:03.658] [main/DEBUG] [mixin/]: Preparing quickskin-ears.mixins.json (2)
[13Sep2026 20:58:03.658] [main/DEBUG] [mixin/]: Preparing fabric-key-binding-api-v1.mixins.json (1)
[13Sep2026 20:58:03.658] [main/DEBUG] [mixin/]: Preparing fabric-transfer-api-v1.mixins.json (9)
[13Sep2026 20:58:03.684] [main/DEBUG] [mixin/]: Preparing rhino-common.mixins.json (8)
[13Sep2026 20:58:03.717] [main/DEBUG] [mixin/]: Preparing retrodamageindicators.mixins.json (1)
[13Sep2026 20:58:03.718] [main/DEBUG] [mixin/]: Preparing ftblibrary-common.mixins.json (5)
[13Sep2026 20:58:03.727] [main/DEBUG] [mixin/]: Preparing limitedchunks.mixins.json (0)
[13Sep2026 20:58:03.727] [main/DEBUG] [mixin/]: Preparing fabric-model-loading-api-v1.mixins.json (3)
[13Sep2026 20:58:03.727] [main/DEBUG] [mixin/]: Preparing kubejs-forge.mixins.json (7)
[13Sep2026 20:58:03.751] [main/DEBUG] [mixin/]: Preparing kubejs-common.mixins.json (56)
[13Sep2026 20:58:03.851] [main/DEBUG] [mixin/]: @Mixin target net/minecraft/world/item/crafting/Ingredient$TagValue is public in kubejs-common.mixins.json:IngredientTagValueMixin and should be specified in value
[13Sep2026 20:58:03.902] [main/DEBUG] [mixin/]: Preparing attributefix.mixins.json (1)
[13Sep2026 20:58:03.907] [main/DEBUG] [mixin/]: Preparing xaerolib.mixins.json (6)
[13Sep2026 20:58:03.910] [main/DEBUG] [mixin/]: Preparing xaerolib.forge.mixins.json (0)
[13Sep2026 20:58:03.910] [main/DEBUG] [mixin/]: Preparing pehkui.mixins.json (280)
[13Sep2026 20:58:03.918] [main/DEBUG] [net.minecraftforge.versions.mcp.MCPVersion/CORE]: MCP Version package package net.minecraftforge.versions.mcp, Minecraft, version 1.20.1 from cpw.mods.modlauncher.TransformingClassLoader@7f8c3646
[13Sep2026 20:58:03.918] [main/DEBUG] [net.minecraftforge.versions.mcp.MCPVersion/CORE]: Found MC version information 1.20.1
[13Sep2026 20:58:03.918] [main/DEBUG] [net.minecraftforge.versions.mcp.MCPVersion/CORE]: Found MCP version information 20230612.114412
[13Sep2026 20:58:04.081] [main/DEBUG] [net.minecraftforge.coremod.transformer.CoreModBaseTransformer/COREMOD]: Transforming net/minecraft/world/entity/monster/Evoker$EvokerSummonSpellGoal
[13Sep2026 20:58:04.101] [main/DEBUG] [net.minecraftforge.coremod.transformer.CoreModBaseTransformer/COREMOD]: Transforming getAttributeModifiers with desc (Lnet/minecraft/world/entity/EquipmentSlot;Lnet/minecraft/world/item/ItemStack;)Lcom/google/common/collect/Multimap;
[13Sep2026 20:58:04.123] [main/DEBUG] [net.minecraftforge.coremod.transformer.CoreModBaseTransformer/COREMOD]: Transforming getCraftingRemainingItem with desc (Lnet/minecraft/world/item/ItemStack;)Lnet/minecraft/world/item/ItemStack;
[13Sep2026 20:58:04.143] [main/DEBUG] [net.minecraftforge.coremod.transformer.CoreModBaseTransformer/COREMOD]: Transforming hasCraftingRemainingItem with desc (Lnet/minecraft/world/item/ItemStack;)Z
[13Sep2026 20:58:04.149] [main/DEBUG] [net.minecraftforge.coremod.transformer.CoreModBaseTransformer/COREMOD]: Transforming getEquipmentSlot with desc (Lnet/minecraft/world/item/ItemStack;)Lnet/minecraft/world/entity/EquipmentSlot;
[13Sep2026 20:58:04.161] [main/DEBUG] [net.minecraftforge.coremod.transformer.CoreModBaseTransformer/COREMOD]: Transforming isCorrectToolForDrops with desc (Lnet/minecraft/world/item/ItemStack;Lnet/minecraft/world/level/block/state/BlockState;)Z
[13Sep2026 20:58:04.176] [main/DEBUG] [net.minecraftforge.coremod.transformer.CoreModBaseTransformer/COREMOD]: Transforming shouldCauseReequipAnimation with desc (Lnet/minecraft/world/item/ItemStack;Lnet/minecraft/world/item/ItemStack;Z)Z
[13Sep2026 20:58:04.219] [main/DEBUG] [net.minecraftforge.coremod.transformer.CoreModBaseTransformer/COREMOD]: Transforming damageItem with desc (Lnet/minecraft/world/item/ItemStack;ILnet/minecraft/world/entity/LivingEntity;Ljava/util/function/Consumer;)I
[13Sep2026 20:58:04.232] [main/DEBUG] [net.minecraftforge.coremod.transformer.CoreModBaseTransformer/COREMOD]: Transforming net/minecraftforge/common/extensions/IForgeItem
[13Sep2026 20:58:04.249] [main/DEBUG] [net.minecraftforge.coremod.transformer.CoreModBaseTransformer/COREMOD]: Transforming net/minecraft/world/entity/monster/Zombie
[13Sep2026 20:58:04.393] [main/DEBUG] [mixin/]: Preparing fabric-screen-handler-api-v1.mixins.json (4)
[13Sep2026 20:58:04.395] [main/DEBUG] [mixin/]: Preparing fabric-resource-loader-v0.mixins.json (6)
[13Sep2026 20:58:04.414] [main/DEBUG] [mixin/]: Preparing fabric-resource-loader-v0.client.mixins.json (4)
[13Sep2026 20:58:04.416] [main/DEBUG] [mixin/]: Preparing trender.mixins.json (2)
[13Sep2026 20:58:04.416] [main/DEBUG] [mixin/]: Preparing fabric-rendering-v1.mixins.json (11)
[13Sep2026 20:58:04.416] [main/DEBUG] [mixin/]: Preparing chloride.mixin.json (35)
[13Sep2026 20:58:04.416] [main/DEBUG] [mixin/]: Preparing waystones.mixins.json (3)
[13Sep2026 20:58:04.420] [main/DEBUG] [mixin/]: Preparing fabric-renderer-indigo.mixins.json (5)
[13Sep2026 20:58:04.420] [main/DEBUG] [mixin/]: Preparing fastsuite.mixins.json (4)
[13Sep2026 20:58:04.421] [main/DEBUG] [mixin/]: Preparing clumps.mixins.json (2)
[13Sep2026 20:58:04.423] [main/DEBUG] [mixin/]: Preparing fastasyncworldsave.mixins.json (2)
[13Sep2026 20:58:04.430] [main/DEBUG] [mixin/]: Preparing fabric-mining-level-api-v1.mixins.json (3)
[13Sep2026 20:58:04.431] [main/DEBUG] [mixin/]: Preparing aaa_particles-common.mixins.json (6)
[13Sep2026 20:58:04.431] [main/DEBUG] [mixin/]: Preparing aaa_particles.mixins.json (0)
[13Sep2026 20:58:04.431] [main/DEBUG] [mixin/]: Preparing mixins.txnilib.json (0)
[13Sep2026 20:58:04.431] [main/DEBUG] [mixin/]: Preparing memoryleakfix.mixins.json (7)
[13Sep2026 20:58:04.435] [main/DEBUG] [mixin/]: Preparing almplaceholderfix.mixins.json (1)
[13Sep2026 20:58:04.445] [main/DEBUG] [mixin/]: Preparing fabric-particles-v1.client.mixins.json (4)
[13Sep2026 20:58:04.446] [main/DEBUG] [mixin/]: Preparing ftbchunks-common.mixins.json (8)
[13Sep2026 20:58:04.452] [main/DEBUG] [mixin/]: Preparing jujutsucraftfix.mixins.json (3)
[13Sep2026 20:58:04.455] [main/DEBUG] [mixin/]: Preparing almirion_utilities.mixins.json (2)
[13Sep2026 20:58:04.467] [main/DEBUG] [mixin/]: Preparing jujutsucraftutility.mixins.json (2)
[13Sep2026 20:58:04.467] [main/DEBUG] [mixin/]: Preparing slyrienjujutsu.mixins.json (18)
[13Sep2026 20:58:04.516] [main/DEBUG] [mixin/]: Preparing jujutsuslop.mixins.json (34)
[13Sep2026 20:58:04.551] [main/DEBUG] [mixin/]: @Mixin target net.mcreator.jujutsucraft.procedures.ChangeTechniqueTest2Procedure is public in jujutsuslop.mixins.json:AbilityTestMixin and should be specified in value
[13Sep2026 20:58:04.565] [main/DEBUG] [mixin/]: @Mixin target net.mcreator.jujutsucraft.procedures.DomainExpansionOnEffectActiveTickProcedure is public in jujutsuslop.mixins.json:DomainClashMixin and should be specified in value
[13Sep2026 20:58:04.577] [main/DEBUG] [mixin/]: @Mixin target net.mcreator.jujutsucraft.procedures.CanSeeSukunaSlashProcedure is public in jujutsuslop.mixins.json:ShrineSlashSuppressMixin and should be specified in value
[13Sep2026 20:58:04.583] [main/DEBUG] [mixin/]: @Mixin target net.mcreator.jujutsucraft.procedures.CursedSpiritBallFoodEatenProcedure is public in jujutsuslop.mixins.json:CsmAbsorbMixin and should be specified in value
[13Sep2026 20:58:04.584] [main/DEBUG] [mixin/]: @Mixin target net.mcreator.jujutsucraft.procedures.GetoCancelTechniqueProcedure is public in jujutsuslop.mixins.json:CsmCaptureMixin and should be specified in value
[13Sep2026 20:58:04.584] [main/DEBUG] [mixin/]: @Mixin target net.mcreator.jujutsucraft.procedures.CursedTechniqueOnPotionActiveTickProcedure is public in jujutsuslop.mixins.json:CsmChargeReleaseMixin and should be specified in value
[13Sep2026 20:58:04.592] [main/DEBUG] [mixin/]: @Mixin target net.mcreator.jujutsucraft.procedures.Test2Procedure is public in jujutsuslop.mixins.json:CsmSummonMixin and should be specified in value
[13Sep2026 20:58:04.600] [main/DEBUG] [mixin/]: @Mixin target net.mcreator.jujutsucraft.procedures.SkillUzumakiProcedure is public in jujutsuslop.mixins.json:CsmUzumakiMixin and should be specified in value
[13Sep2026 20:58:04.601] [main/DEBUG] [mixin/]: Preparing jjsh.mixins.json (33)
[13Sep2026 20:58:04.622] [main/DEBUG] [net.minecraftforge.coremod.transformer.CoreModBaseTransformer/COREMOD]: Transforming net/mcreator/jujutsucraft/procedures/SelectedProcedure
[13Sep2026 20:58:04.759] [main/DEBUG] [mixin/]: Preparing smoothchunk.mixins.json (5)
[13Sep2026 20:58:04.763] [main/DEBUG] [mixin/]: Preparing moonlight-common.mixins.json (40)
[13Sep2026 20:58:04.802] [main/DEBUG] [mixin/]: Preparing moonlight.mixins.json (13)
[13Sep2026 20:58:04.806] [main/DEBUG] [mixin/]: Preparing modern_jujutsu.mixins.json (5)
[13Sep2026 20:58:04.809] [main/DEBUG] [mixin/]: Preparing fabric-api-base.init.mixins.json (0)
[13Sep2026 20:58:04.809] [main/DEBUG] [mixin/]: Preparing mousetweaks.mixins.json (1)
[13Sep2026 20:58:04.809] [main/DEBUG] [mixin/]: Preparing geto_storage_fix.mixins.json (22)
[13Sep2026 20:58:04.814] [main/INFO] [com.example.examplemod.debug.GetoBootDiagnostics/]: [GetoBoot] MixinDecision mixin="com.example.examplemod.mixin.CursedTechniqueGetoProcedureMixin" target="net.mcreator.jujutsucraft.procedures.CursedTechniqueGetoProcedure" apply=true optional=false
[13Sep2026 20:58:04.815] [main/INFO] [com.example.examplemod.debug.GetoBootDiagnostics/]: [GetoBoot] MixinDecision mixin="com.example.examplemod.mixin.GetoHappySetProcedureMixin" target="net.mcreator.jujutsucraft.procedures.GetoHappySetProcedure" apply=true optional=false
[13Sep2026 20:58:04.816] [main/INFO] [com.example.examplemod.debug.GetoBootDiagnostics/]: [GetoBoot] MixinDecision mixin="com.example.examplemod.mixin.JujutsucraftVGetPlayerSelectCurseTechniqueNameProcedureMixin" target="net.mcreator.jujutsucraftv.procedures.GetPlayerSelectCurseTechniqueNameProcedure" apply=true optional=true
[13Sep2026 20:58:04.817] [main/INFO] [com.example.examplemod.debug.GetoBootDiagnostics/]: [GetoBoot] MixinDecision mixin="com.example.examplemod.mixin.JujutsucraftVModItemsCompatMixin" target="net.mcreator.jujutsucraftv.init.JujutsucraftvModItems" apply=true optional=true
[13Sep2026 20:58:04.819] [main/INFO] [com.example.examplemod.debug.GetoBootDiagnostics/]: [GetoBoot] MixinDecision mixin="com.example.examplemod.mixin.JujutsucraftVSetupAnimationsCompatMixin" target="net.mcreator.jujutsucraftv.procedures.SetupAnimationsProcedure" apply=true optional=true
[13Sep2026 20:58:04.822] [main/INFO] [com.example.examplemod.debug.GetoBootDiagnostics/]: [GetoBoot] MixinDecision mixin="com.example.examplemod.mixin.OTechniqueNameProcedureMixin" target="net.mcreator.jujutsucraft.procedures.OTechniqueNameProcedure" apply=true optional=false
[13Sep2026 20:58:04.824] [main/INFO] [com.example.examplemod.debug.GetoBootDiagnostics/]: [GetoBoot] MixinDecision mixin="com.example.examplemod.mixin.SkillUzumakiMiniProcedureDebugMixin" target="net.mcreator.jujutsucraft.procedures.SkillUzumakiMiniProcedure" apply=true optional=false
[13Sep2026 20:58:04.825] [main/INFO] [com.example.examplemod.debug.GetoBootDiagnostics/]: [GetoBoot] MixinDecision mixin="com.example.examplemod.mixin.SkillUzumakiProcedureDebugMixin" target="net.mcreator.jujutsucraft.procedures.SkillUzumakiProcedure" apply=true optional=false
[13Sep2026 20:58:04.826] [main/INFO] [com.example.examplemod.debug.GetoBootDiagnostics/]: [GetoBoot] MixinDecision mixin="com.example.examplemod.mixin.Test2ProcedureDebugMixin" target="net.mcreator.jujutsucraft.procedures.Test2Procedure" apply=true optional=false
[13Sep2026 20:58:04.828] [main/INFO] [com.example.examplemod.debug.GetoBootDiagnostics/]: [GetoBoot] MixinDecision mixin="com.example.examplemod.mixin.UtilityJujutsuModCaptureMixin" target="com.utilityjujutsumod.UtilityJujutsuMod" apply=false optional=true
[13Sep2026 20:58:04.829] [main/INFO] [com.example.examplemod.debug.GetoBootDiagnostics/]: [GetoBoot] MixinDecision mixin="com.example.examplemod.mixin.UtilityJujutsuModInvoker" target="com.utilityjujutsumod.UtilityJujutsuMod" apply=false optional=true
[13Sep2026 20:58:04.830] [main/INFO] [com.example.examplemod.debug.GetoBootDiagnostics/]: [GetoBoot] MixinDecision mixin="com.example.examplemod.mixin.UtilityJujutsuModAddSpiritMixin" target="com.utilityjujutsumod.UtilityJujutsuMod" apply=false optional=true
[13Sep2026 20:58:04.843] [main/WARN] [mixin/]: Error loading class: net/mcreator/jujutsucraftv/procedures/GetPlayerSelectCurseTechniqueNameProcedure (java.lang.ClassNotFoundException: net.mcreator.jujutsucraftv.procedures.GetPlayerSelectCurseTechniqueNameProcedure)
[13Sep2026 20:58:04.844] [main/DEBUG] [mixin/]: Skipping virtual target net.mcreator.jujutsucraftv.procedures.GetPlayerSelectCurseTechniqueNameProcedure for geto_storage_fix.mixins.json:JujutsucraftVGetPlayerSelectCurseTechniqueNameProcedureMixin
[13Sep2026 20:58:04.848] [main/WARN] [mixin/]: Error loading class: net/mcreator/jujutsucraftv/init/JujutsucraftvModItems (java.lang.ClassNotFoundException: net.mcreator.jujutsucraftv.init.JujutsucraftvModItems)
[13Sep2026 20:58:04.849] [main/DEBUG] [mixin/]: Skipping virtual target net.mcreator.jujutsucraftv.init.JujutsucraftvModItems for geto_storage_fix.mixins.json:JujutsucraftVModItemsCompatMixin
[13Sep2026 20:58:04.852] [main/WARN] [mixin/]: Error loading class: net/mcreator/jujutsucraftv/procedures/SetupAnimationsProcedure (java.lang.ClassNotFoundException: net.mcreator.jujutsucraftv.procedures.SetupAnimationsProcedure)
[13Sep2026 20:58:04.852] [main/DEBUG] [mixin/]: Skipping virtual target net.mcreator.jujutsucraftv.procedures.SetupAnimationsProcedure for geto_storage_fix.mixins.json:JujutsucraftVSetupAnimationsCompatMixin
[13Sep2026 20:58:04.857] [main/DEBUG] [mixin/]: Preparing fabric-blockrenderlayer-v1.mixins.json (2)
[13Sep2026 20:58:04.858] [main/DEBUG] [mixin/]: Preparing mixinsquared.init.mixins.json (0)
[13Sep2026 20:58:04.858] [main/DEBUG] [mixin/]: Preparing jade.mixins.json (2)
[13Sep2026 20:58:04.858] [main/DEBUG] [mixin/]: Preparing creativecore.mixins.json (8)
[13Sep2026 20:58:04.877] [main/DEBUG] [mixin/]: Preparing creativecore.forge.mixins.json (3)
[13Sep2026 20:58:04.879] [main/DEBUG] [mixin/]: Preparing fabric-resource-conditions-api-v1.mixins.json (5)
[13Sep2026 20:58:04.882] [main/DEBUG] [mixin/]: Preparing ftbxaerocompat.mixins.json (4)
[13Sep2026 20:58:04.889] [main/DEBUG] [mixin/]: Preparing xaerohud.mixins.json (22)
[13Sep2026 20:58:04.890] [main/DEBUG] [mixin/]: Preparing xaerohud.forge.mixins.json (0)
[13Sep2026 20:58:04.891] [main/DEBUG] [mixin/]: Preparing xaerominimap.mixins.json (0)
[13Sep2026 20:58:04.891] [main/DEBUG] [mixin/]: Preparing xaerominimap.forge.mixins.json (0)
[13Sep2026 20:58:04.891] [main/DEBUG] [mixin/]: Preparing fabric-item-group-api-v1.mixins.json (1)
[13Sep2026 20:58:04.892] [main/DEBUG] [mixin/]: Preparing fabric-item-group-api-v1.client.mixins.json (1)
[13Sep2026 20:58:04.892] [main/DEBUG] [mixin/]: Preparing entityculling.mixins.json (9)
[13Sep2026 20:58:04.892] [main/DEBUG] [mixin/]: Preparing fabric-biome-api-v1.mixins.json (7)
[13Sep2026 20:58:04.901] [main/DEBUG] [mixin/]: Preparing fabric-registry-sync-v0.mixins.json (10)
[13Sep2026 20:58:04.918] [main/DEBUG] [mixin/]: Preparing fabric-registry-sync-v0.client.mixins.json (1)
[13Sep2026 20:58:04.918] [main/DEBUG] [mixin/]: Preparing immediatelyfast-common.mixins.json (33)
[13Sep2026 20:58:04.918] [main/DEBUG] [mixin/]: Preparing immediatelyfast-forge.mixins.json (6)
[13Sep2026 20:58:04.918] [main/DEBUG] [mixin/]: Preparing mixins.jujutsucrafts.json (53)
[13Sep2026 20:58:05.025] [main/DEBUG] [mixin/]: Preparing gbf.mixins.json (3)
[13Sep2026 20:58:05.026] [main/DEBUG] [mixin/]: Preparing fabric-recipe-api-v1.mixins.json (4)
[13Sep2026 20:58:05.029] [main/DEBUG] [mixin/]: Preparing lootr.mixins.json (8)
[13Sep2026 20:58:05.035] [main/DEBUG] [net.minecraftforge.coremod.transformer.CoreModBaseTransformer/COREMOD]: Transforming net/minecraft/world/level/levelgen/structure/templatesystem/StructureTemplate
[13Sep2026 20:58:05.180] [main/DEBUG] [mixin/]: Preparing ferritecore.predicates.mixin.json (3)
[13Sep2026 20:58:05.180] [main/DEBUG] [mixin/]: Preparing ferritecore.fastmap.mixin.json (1)
[13Sep2026 20:58:05.183] [main/DEBUG] [mixin/]: Preparing ferritecore.mrl.mixin.json (2)
[13Sep2026 20:58:05.183] [main/DEBUG] [mixin/]: Preparing ferritecore.dedupmultipart.mixin.json (2)
[13Sep2026 20:58:05.183] [main/DEBUG] [mixin/]: Preparing ferritecore.blockstatecache.mixin.json (8)
[13Sep2026 20:58:05.186] [main/DEBUG] [mixin/]: @Mixin target net/minecraft/world/level/block/state/BlockBehaviour$BlockStateBase$Cache is public in ferritecore.blockstatecache.mixin.json:BlockStateCacheMixin and should be specified in value
[13Sep2026 20:58:05.188] [main/DEBUG] [mixin/]: Preparing ferritecore.dedupbakedquad.mixin.json (2)
[13Sep2026 20:58:05.188] [main/DEBUG] [mixin/]: Preparing ferritecore.threaddetec.mixin.json (1)
[13Sep2026 20:58:05.189] [main/DEBUG] [mixin/]: Preparing ferritecore.modelsides.mixin.json (1)
[13Sep2026 20:58:05.189] [main/DEBUG] [mixin/]: Preparing fabric-object-builder-v1.mixins.json (5)
[13Sep2026 20:58:05.196] [main/DEBUG] [mixin/]: Preparing sodium-extra.mixins.json (45)
[13Sep2026 20:58:05.196] [main/DEBUG] [mixin/]: Preparing mixins.immersivemessages.json (0)
[13Sep2026 20:58:05.196] [main/DEBUG] [mixin/]: Preparing fabric-sound-api-v1.mixins.json (1)
[13Sep2026 20:58:05.196] [main/DEBUG] [mixin/]: Preparing fabric-message-api-v1.mixins.json (2)
[13Sep2026 20:58:05.197] [main/DEBUG] [mixin/]: Preparing fabric-message-api-v1.client.mixins.json (2)
[13Sep2026 20:58:05.197] [main/DEBUG] [mixin/]: Preparing packetfixer.v1_18.forge.mixins.json (16)
[13Sep2026 20:58:05.200] [main/DEBUG] [mixin/]: Preparing packetfixer.v1_19.forge.mixins.json (16)
[13Sep2026 20:58:05.203] [main/DEBUG] [mixin/]: Preparing packetfixer.v1_19_3.forge.mixins.json (16)
[13Sep2026 20:58:05.207] [main/DEBUG] [mixin/]: Preparing packetfixer.v1_19_4.forge.mixins.json (15)
[13Sep2026 20:58:05.221] [main/DEBUG] [mixin/]: Preparing packetfixer.v1_20_2.forge.mixins.json (18)
[13Sep2026 20:58:05.229] [main/DEBUG] [mixin/]: Preparing fabric-data-generation-api-v1.mixins.json (3)
[13Sep2026 20:58:05.236] [main/DEBUG] [mixin/]: Preparing fabric-events-interaction-v0.mixins.json (1)
[13Sep2026 20:58:05.237] [main/DEBUG] [mixin/]: Preparing fabric-events-interaction-v0.client.mixins.json (2)
[13Sep2026 20:58:05.237] [main/DEBUG] [mixin/]: Preparing mixinextras.init.mixins.json (0)
[13Sep2026 20:58:05.238] [main/DEBUG] [mixin/]: Preparing sound_physics_remastered.mixins.json (11)
[13Sep2026 20:58:05.239] [main/DEBUG] [mixin/]: Preparing quickskin.mixins.json (9)
[13Sep2026 20:58:05.243] [main/INFO] [memoryleakfix/]: [MemoryLeakFix] Will be applying 1 memory leak fixes!
[13Sep2026 20:58:05.244] [main/INFO] [memoryleakfix/]: [MemoryLeakFix] Currently enabled memory leak fixes: [biomeTemperatureLeak]
[13Sep2026 20:58:05.268] [main/DEBUG] [mixin/]: Inner class com/connectivity/mixin/malformedtraffic/ChannelHandler$1 in com/connectivity/mixin/malformedtraffic/ChannelHandler on net/minecraft/server/network/ServerConnectionListener$1 gets unique name net/minecraft/server/network/ServerConnectionListener$1$Anonymous$e2f001506f344124aab2162f2b962db1
[13Sep2026 20:58:05.297] [main/DEBUG] [mixin/]: Inner class org/embeddedt/modernfix/common/mixin/perf/forge_registry_alloc/DebugLevelSourceMixin$1 in org/embeddedt/modernfix/common/mixin/perf/forge_registry_alloc/DebugLevelSourceMixin on net/minecraft/world/level/levelgen/DebugLevelSource gets unique name net/minecraft/world/level/levelgen/DebugLevelSource$Anonymous$00a6aa3cc7bf4bbab40e929349d27416
[13Sep2026 20:58:05.344] [main/DEBUG] [mixin/]: Inner class net/fabricmc/fabric/mixin/transfer/ChiseledBookshelfBlockEntityMixin$1 in net/fabricmc/fabric/mixin/transfer/ChiseledBookshelfBlockEntityMixin on net/minecraft/world/level/block/entity/ChiseledBookShelfBlockEntity gets unique name net/minecraft/world/level/block/entity/ChiseledBookShelfBlockEntity$Anonymous$9bb79666f3954aac898838018cd746dc
[13Sep2026 20:58:05.353] [main/DEBUG] [mixin/]: Inner class dev/latvian/mods/kubejs/core/mixin/common/GameRulesMixin$1 in dev/latvian/mods/kubejs/core/mixin/common/GameRulesMixin on net/minecraft/world/level/GameRules gets unique name net/minecraft/world/level/GameRules$Anonymous$d7f58355033646e7bc629f04dea4c2fd
[13Sep2026 20:58:05.449] [main/DEBUG] [mixin/]: Prepared 774 mixins in 5.241 sec (6.8ms avg) (0ms load, 0ms transform, 0ms plugin)
[13Sep2026 20:58:05.477] [main/INFO] [MixinExtras|Service/]: Initializing MixinExtras via com.llamalad7.mixinextras.service.MixinExtrasServiceImpl(version=0.5.0).
[13Sep2026 20:58:05.478] [main/DEBUG] [mixin/]: Registering new injector for @SugarWrapper with com.llamalad7.mixinextras.sugar.impl.SugarWrapperInjectionInfo
[13Sep2026 20:58:05.479] [main/DEBUG] [mixin/]: Registering new injector for @FactoryRedirectWrapper with com.llamalad7.mixinextras.wrapper.factory.FactoryRedirectWrapperInjectionInfo
[13Sep2026 20:58:05.481] [main/DEBUG] [mixin/]: Registering new injector for @ExpressionInjectorWrapper with com.llamalad7.mixinextras.expression.impl.wrapper.ExpressionInjectorWrapperInjectionInfo
[13Sep2026 20:58:05.497] [main/DEBUG] [mixin/]: Mixing perf.fix_loop_spin_waiting.MinecraftServerMixin from modernfix-modernfix.mixins.json into net.minecraft.server.MinecraftServer
[13Sep2026 20:58:05.532] [main/DEBUG] [mixin/]: Mixing MixinMinecraftServer from xaeroworldmap.mixins.json into net.minecraft.server.MinecraftServer
[13Sep2026 20:58:05.536] [main/DEBUG] [mixin/]: Mixing perf.dedicated_reload_executor.MinecraftServerMixin from modernfix-modernfix.mixins.json into net.minecraft.server.MinecraftServer
[13Sep2026 20:58:05.541] [main/DEBUG] [mixin/]: Mixing perf.resourcepacks.MinecraftServerMixin from modernfix-modernfix.mixins.json into net.minecraft.server.MinecraftServer
[13Sep2026 20:58:05.551] [main/DEBUG] [mixin/]: Mixing core.MinecraftServerMixin from modernfix-modernfix.mixins.json into net.minecraft.server.MinecraftServer
[13Sep2026 20:58:05.557] [main/DEBUG] [mixin/]: Renaming synthetic method lambda$mfix$endReloadTrack$0(Ljava/lang/Void;)V to mdbf378c$lambda$mfix$endReloadTrack$0$0 in modernfix-modernfix.mixins.json:core.MinecraftServerMixin
[13Sep2026 20:58:05.570] [main/DEBUG] [mixin/]: Mixing MinecraftServerMixin from balm.mixins.json into net.minecraft.server.MinecraftServer
[13Sep2026 20:58:05.570] [main/DEBUG] [mixin/]: Renaming synthetic method lambda$reloadResources$0(Ljava/lang/Void;)V to mdbf378c$lambda$reloadResources$0$1 in balm.mixins.json:MinecraftServerMixin
[13Sep2026 20:58:05.577] [main/DEBUG] [mixin/]: Mixing MinecraftServerMixin from fabric-lifecycle-events-v1.mixins.json into net.minecraft.server.MinecraftServer
[13Sep2026 20:58:05.578] [main/DEBUG] [mixin/]: Renaming synthetic method lambda$endResourceReload$0(Ljava/lang/Void;Ljava/lang/Throwable;)Ljava/lang/Void; to mdbf378c$lambda$endResourceReload$0$2 in fabric-lifecycle-events-v1.mixins.json:MinecraftServerMixin
[13Sep2026 20:58:05.596] [main/DEBUG] [mixin/]: Mixing MinecraftServerMixin from kubejs-common.mixins.json into net.minecraft.server.MinecraftServer
[13Sep2026 20:58:05.622] [main/DEBUG] [mixin/]: Renaming synthetic method lambda$kjs$endResourceReload$1()V to mdbf378c$lambda$kjs$endResourceReload$1$3 in kubejs-common.mixins.json:MinecraftServerMixin
[13Sep2026 20:58:05.622] [main/DEBUG] [mixin/]: Renaming synthetic method lambda$kjs$init$0()V to mdbf378c$lambda$kjs$init$0$4 in kubejs-common.mixins.json:MinecraftServerMixin
[13Sep2026 20:58:05.663] [main/DEBUG] [mixin/]: Mixing inject_resources.MinecraftServerMixin from kubejs-common.mixins.json into net.minecraft.server.MinecraftServer
[13Sep2026 20:58:05.666] [main/DEBUG] [mixin/]: Mixing MinecraftServerMixin from fabric-resource-loader-v0.mixins.json into net.minecraft.server.MinecraftServer
[13Sep2026 20:58:05.666] [main/DEBUG] [mixin/]: fabric-resource-loader-v0.mixins.json:MinecraftServerMixin: Class version 61 required is higher than the class version supported by the current version of Mixin (JAVA_16 supports class version 60)
[13Sep2026 20:58:05.674] [main/DEBUG] [mixin/]: Mixing MinecraftServerMixin from moonlight.mixins.json into net.minecraft.server.MinecraftServer
[13Sep2026 20:58:05.682] [main/DEBUG] [mixin/]: Mixing MixinMinecraftServer from xaerohud.mixins.json into net.minecraft.server.MinecraftServer
[13Sep2026 20:58:05.684] [main/DEBUG] [mixin/]: Mixing MinecraftServerMixin from fabric-message-api-v1.mixins.json into net.minecraft.server.MinecraftServer
[13Sep2026 20:58:05.684] [main/DEBUG] [mixin/]: fabric-message-api-v1.mixins.json:MinecraftServerMixin: Class version 61 required is higher than the class version supported by the current version of Mixin (JAVA_16 supports class version 60)
[13Sep2026 20:58:05.684] [main/DEBUG] [mixin/]: Renaming synthetic method lambda$onGetChatDecorator$1(Lnet/minecraft/network/chat/ChatDecorator;Lnet/minecraft/server/level/ServerPlayer;Lnet/minecraft/network/chat/Component;)Ljava/util/concurrent/CompletableFuture; to mdbf378c$lambda$onGetChatDecorator$1$5 in fabric-message-api-v1.mixins.json:MinecraftServerMixin
[13Sep2026 20:58:05.684] [main/DEBUG] [mixin/]: Renaming synthetic method lambda$onGetChatDecorator$0(Lnet/minecraft/server/level/ServerPlayer;Lnet/minecraft/network/chat/Component;)Ljava/util/concurrent/CompletionStage; to mdbf378c$lambda$onGetChatDecorator$0$6 in fabric-message-api-v1.mixins.json:MinecraftServerMixin
[13Sep2026 20:58:05.892] [main/DEBUG] [net.minecraftforge.coremod.transformer.CoreModBaseTransformer/COREMOD]: Transforming net/minecraft/world/level/levelgen/PhantomSpawner
[13Sep2026 20:58:05.909] [main/DEBUG] [net.minecraftforge.coremod.transformer.CoreModBaseTransformer/COREMOD]: Transforming net/minecraft/world/level/levelgen/PatrolSpawner
[13Sep2026 20:58:05.920] [main/DEBUG] [net.minecraftforge.coremod.transformer.CoreModBaseTransformer/COREMOD]: Transforming net/minecraft/world/entity/npc/CatSpawner
[13Sep2026 20:58:05.932] [main/DEBUG] [net.minecraftforge.coremod.transformer.CoreModBaseTransformer/COREMOD]: Transforming net/minecraft/world/entity/ai/village/VillageSiege
[13Sep2026 20:58:06.240] [main/DEBUG] [io.netty.util.internal.logging.InternalLoggerFactory/]: Using SLF4J as the default logging framework
[13Sep2026 20:58:06.248] [main/DEBUG] [io.netty.util.ResourceLeakDetector/]: -Dio.netty.leakDetection.level: simple
[13Sep2026 20:58:06.248] [main/DEBUG] [io.netty.util.ResourceLeakDetector/]: -Dio.netty.leakDetection.targetRecords: 4
[13Sep2026 20:58:06.266] [main/DEBUG] [mixin/]: Mixing components.MutableComponentMixin from kubejs-common.mixins.json into net.minecraft.network.chat.MutableComponent
[13Sep2026 20:58:06.282] [main/DEBUG] [mixin/]: Mixing TextColorMixin from rhino-common.mixins.json into net.minecraft.network.chat.TextColor
[13Sep2026 20:58:06.316] [main/DEBUG] [mixin/]: Mixing ChatFormattingMixin from rhino-common.mixins.json into net.minecraft.ChatFormatting
[13Sep2026 20:58:06.417] [main/DEBUG] [mixin/]: Mixing perf.tag_id_caching.TagOrElementLocationMixin from modernfix-modernfix.mixins.json into net.minecraft.util.ExtraCodecs$TagOrElementLocation
[13Sep2026 20:58:06.417] [main/WARN] [mixin/]: Static binding violation: PRIVATE @Overwrite method m_216202_ in modernfix-modernfix.mixins.json:perf.tag_id_caching.TagOrElementLocationMixin cannot reduce visibiliy of PUBLIC target method, visibility will be upgraded.
[13Sep2026 20:58:06.473] [main/DEBUG] [mixin/]: Mixing ResourceLocationMixin from ftblibrary-common.mixins.json into net.minecraft.resources.ResourceLocation
[13Sep2026 20:58:06.473] [main/DEBUG] [mixin/]: ftblibrary-common.mixins.json:ResourceLocationMixin: Class version 61 required is higher than the class version supported by the current version of Mixin (JAVA_8 supports class version 52)
[13Sep2026 20:58:06.552] [main/DEBUG] [mixin/]: Mixing ResourceLocationMixin from rhino-common.mixins.json into net.minecraft.resources.ResourceLocation
[13Sep2026 20:58:06.560] [main/DEBUG] [mixin/]: Mixing MixinResourceLocation from aaa_particles-common.mixins.json into net.minecraft.resources.ResourceLocation
[13Sep2026 20:58:06.581] [main/DEBUG] [mixin/]: Mixing ResourceLocationExceptionMixin from connectivity.mixins.json into net.minecraft.ResourceLocationException
[13Sep2026 20:58:06.735] [main/DEBUG] [oshi.util.FileUtil/]: No oshi.properties file found from ClassLoader cpw.mods.modlauncher.TransformingClassLoader@7f8c3646
[13Sep2026 20:58:06.735] [main/DEBUG] [oshi.util.FileUtil/]: No oshi.properties file found from ClassLoader jdk.internal.loader.ClassLoaders$AppClassLoader@76ed5528
[13Sep2026 20:58:06.929] [main/DEBUG] [oshi.util.FileUtil/]: Reading file /proc/self/auxv
[13Sep2026 20:58:06.930] [main/DEBUG] [oshi.util.FileUtil/]: Reading file /proc/self/auxv
[13Sep2026 20:58:06.940] [main/DEBUG] [oshi.util.FileUtil/]: Reading file /proc/stat
[13Sep2026 20:58:06.960] [main/DEBUG] [oshi.util.FileUtil/]: Reading file /sys/devices/system/cpu/cpu0/topology/core_id
[13Sep2026 20:58:06.960] [main/DEBUG] [oshi.util.FileUtil/]: Reading file /sys/devices/system/cpu/cpu0/topology/core_id
[13Sep2026 20:58:06.960] [main/DEBUG] [oshi.util.FileUtil/]: Reading file /sys/devices/system/cpu/cpu0/topology/physical_package_id
[13Sep2026 20:58:06.961] [main/DEBUG] [oshi.util.FileUtil/]: Reading file /sys/devices/system/cpu/cpu0/topology/physical_package_id
[13Sep2026 20:58:06.962] [main/DEBUG] [oshi.util.FileUtil/]: Reading file /sys/devices/system/cpu/cpu0/cpu_capacity
[13Sep2026 20:58:06.968] [main/DEBUG] [oshi.util.FileUtil/]: Reading file /sys/devices/system/cpu/cpu1/topology/core_id
[13Sep2026 20:58:06.968] [main/DEBUG] [oshi.util.FileUtil/]: Reading file /sys/devices/system/cpu/cpu1/topology/core_id
[13Sep2026 20:58:06.968] [main/DEBUG] [oshi.util.FileUtil/]: Reading file /sys/devices/system/cpu/cpu1/topology/physical_package_id
[13Sep2026 20:58:06.968] [main/DEBUG] [oshi.util.FileUtil/]: Reading file /sys/devices/system/cpu/cpu1/topology/physical_package_id
[13Sep2026 20:58:06.968] [main/DEBUG] [oshi.util.FileUtil/]: Reading file /sys/devices/system/cpu/cpu1/cpu_capacity
[13Sep2026 20:58:06.969] [main/DEBUG] [oshi.util.FileUtil/]: Reading file /sys/devices/system/cpu/cpu2/topology/core_id
[13Sep2026 20:58:06.969] [main/DEBUG] [oshi.util.FileUtil/]: Reading file /sys/devices/system/cpu/cpu2/topology/core_id
[13Sep2026 20:58:06.969] [main/DEBUG] [oshi.util.FileUtil/]: Reading file /sys/devices/system/cpu/cpu2/topology/physical_package_id
[13Sep2026 20:58:06.969] [main/DEBUG] [oshi.util.FileUtil/]: Reading file /sys/devices/system/cpu/cpu2/topology/physical_package_id
[13Sep2026 20:58:06.969] [main/DEBUG] [oshi.util.FileUtil/]: Reading file /sys/devices/system/cpu/cpu2/cpu_capacity
[13Sep2026 20:58:06.970] [main/DEBUG] [oshi.util.FileUtil/]: Reading file /sys/devices/system/cpu/cpu3/topology/core_id
[13Sep2026 20:58:06.970] [main/DEBUG] [oshi.util.FileUtil/]: Reading file /sys/devices/system/cpu/cpu3/topology/core_id
[13Sep2026 20:58:06.970] [main/DEBUG] [oshi.util.FileUtil/]: Reading file /sys/devices/system/cpu/cpu3/topology/physical_package_id
[13Sep2026 20:58:06.970] [main/DEBUG] [oshi.util.FileUtil/]: Reading file /sys/devices/system/cpu/cpu3/topology/physical_package_id
[13Sep2026 20:58:06.970] [main/DEBUG] [oshi.util.FileUtil/]: Reading file /sys/devices/system/cpu/cpu3/cpu_capacity
[13Sep2026 20:58:06.980] [main/DEBUG] [oshi.util.FileUtil/]: Reading file /proc/cpuinfo
[13Sep2026 20:58:07.019] [main/DEBUG] [oshi.util.FileUtil/]: Reading file /proc/self/auxv
[13Sep2026 20:58:07.025] [main/DEBUG] [oshi.util.FileUtil/]: No oshi.architecture.properties file found from ClassLoader cpw.mods.modlauncher.TransformingClassLoader@7f8c3646
[13Sep2026 20:58:07.026] [main/DEBUG] [oshi.util.FileUtil/]: No oshi.architecture.properties file found from ClassLoader jdk.internal.loader.ClassLoaders$AppClassLoader@76ed5528
[13Sep2026 20:58:07.063] [main/DEBUG] [oshi.util.FileUtil/]: Reading file /proc/meminfo
[13Sep2026 20:58:07.065] [main/DEBUG] [oshi.util.FileUtil/]: Reading file /proc/meminfo
[13Sep2026 20:58:07.069] [main/DEBUG] [mixin/]: Mixing perf.thread_priorities.UtilMixin from modernfix-modernfix.mixins.json into net.minecraft.Util
[13Sep2026 20:58:07.069] [main/DEBUG] [mixin/]: Renaming synthetic method lambda$adjustPriorityOfThreadFactory$0(Ljava/util/concurrent/ForkJoinPool$ForkJoinWorkerThreadFactory;Ljava/util/concurrent/ForkJoinPool;)Ljava/util/concurrent/ForkJoinWorkerThread; to mdbf378c$lambda$adjustPriorityOfThreadFactory$0$0 in modernfix-modernfix.mixins.json:perf.thread_priorities.UtilMixin
[13Sep2026 20:58:07.072] [main/DEBUG] [mixin/]: Mixing UtilMixin from kubejs-common.mixins.json into net.minecraft.Util
[13Sep2026 20:58:07.172] [main/DEBUG] [mixin/]: Mixing feature.measure_time.BootstrapMixin from modernfix-modernfix.mixins.json into net.minecraft.server.Bootstrap
[13Sep2026 20:58:07.184] [main/DEBUG] [mixin/]: Mixing core.BootstrapMixin from modernfix-modernfix.mixins.json into net.minecraft.server.Bootstrap
[13Sep2026 20:58:07.194] [main/DEBUG] [mixin/]: Mixing BootstrapMixin from fabric-registry-sync-v0.mixins.json into net.minecraft.server.Bootstrap
[13Sep2026 20:58:07.195] [main/DEBUG] [mixin/]: fabric-registry-sync-v0.mixins.json:BootstrapMixin: Class version 61 required is higher than the class version supported by the current version of Mixin (JAVA_16 supports class version 60)
[13Sep2026 20:58:07.210] [main/INFO] [net.minecraft.server.Bootstrap/]: ModernFix reached bootstrap stage (18.32 s after launch)
[13Sep2026 20:58:07.227] [main/DEBUG] [mixin/]: Mixing RegistriesAccessor from fabric-registry-sync-v0.mixins.json into net.minecraft.core.registries.BuiltInRegistries
[13Sep2026 20:58:07.228] [main/DEBUG] [mixin/]: fabric-registry-sync-v0.mixins.json:RegistriesAccessor: Class version 61 required is higher than the class version supported by the current version of Mixin (JAVA_16 supports class version 60)
[13Sep2026 20:58:07.229] [main/DEBUG] [mixin/]: Renaming @Accessor method getROOT()Lnet/minecraft/core/WritableRegistry; to getROOT_$md$bf378c$0 in fabric-registry-sync-v0.mixins.json:RegistriesAccessor
[13Sep2026 20:58:07.250] [main/DEBUG] [mixin/]: Mixing bugfix.concurrency.MappedRegistryMixin from modernfix-modernfix.mixins.json into net.minecraft.core.MappedRegistry
[13Sep2026 20:58:07.256] [main/DEBUG] [mixin/]: Mixing perf.compact_mojang_registries.MappedRegistryMixin from modernfix-modernfix.mixins.json into net.minecraft.core.MappedRegistry
[13Sep2026 20:58:07.267] [main/DEBUG] [mixin/]: Mixing perf.mojang_registry_size.MappedRegistryMixin from modernfix-modernfix.mixins.json into net.minecraft.core.MappedRegistry
[13Sep2026 20:58:07.273] [main/DEBUG] [mixin/]: Mixing SimpleRegistryMixin from fabric-registry-sync-v0.mixins.json into net.minecraft.core.MappedRegistry
[13Sep2026 20:58:07.274] [main/DEBUG] [mixin/]: fabric-registry-sync-v0.mixins.json:SimpleRegistryMixin: Class version 61 required is higher than the class version supported by the current version of Mixin (JAVA_16 supports class version 60)
[13Sep2026 20:58:07.278] [main/DEBUG] [mixin/]: Renaming synthetic method lambda$new$5([Lnet/fabricmc/fabric/api/event/registry/RegistryIdRemapCallback;)Lnet/fabricmc/fabric/api/event/registry/RegistryIdRemapCallback; to mdbf378c$lambda$new$5$0 in fabric-registry-sync-v0.mixins.json:SimpleRegistryMixin
[13Sep2026 20:58:07.279] [main/DEBUG] [mixin/]: Renaming synthetic method lambda$new$4([Lnet/fabricmc/fabric/api/event/registry/RegistryIdRemapCallback;Lnet/fabricmc/fabric/api/event/registry/RegistryIdRemapCallback$RemapState;)V to mdbf378c$lambda$new$4$1 in fabric-registry-sync-v0.mixins.json:SimpleRegistryMixin
[13Sep2026 20:58:07.279] [main/DEBUG] [mixin/]: Renaming synthetic method lambda$new$3([Lnet/fabricmc/fabric/api/event/registry/RegistryEntryRemovedCallback;)Lnet/fabricmc/fabric/api/event/registry/RegistryEntryRemovedCallback; to mdbf378c$lambda$new$3$2 in fabric-registry-sync-v0.mixins.json:SimpleRegistryMixin
[13Sep2026 20:58:07.279] [main/DEBUG] [mixin/]: Renaming synthetic method lambda$new$2([Lnet/fabricmc/fabric/api/event/registry/RegistryEntryRemovedCallback;ILnet/minecraft/resources/ResourceLocation;Ljava/lang/Object;)V to mdbf378c$lambda$new$2$3 in fabric-registry-sync-v0.mixins.json:SimpleRegistryMixin
[13Sep2026 20:58:07.279] [main/DEBUG] [mixin/]: Renaming synthetic method lambda$new$1([Lnet/fabricmc/fabric/api/event/registry/RegistryEntryAddedCallback;)Lnet/fabricmc/fabric/api/event/registry/RegistryEntryAddedCallback; to mdbf378c$lambda$new$1$4 in fabric-registry-sync-v0.mixins.json:SimpleRegistryMixin
[13Sep2026 20:58:07.279] [main/DEBUG] [mixin/]: Renaming synthetic method lambda$new$0([Lnet/fabricmc/fabric/api/event/registry/RegistryEntryAddedCallback;ILnet/minecraft/resources/ResourceLocation;Ljava/lang/Object;)V to mdbf378c$lambda$new$0$5 in fabric-registry-sync-v0.mixins.json:SimpleRegistryMixin
[13Sep2026 20:58:07.448] [main/DEBUG] [mixin/]: Mixing ResourceKeyMixin from rhino-common.mixins.json into net.minecraft.resources.ResourceKey
[13Sep2026 20:58:07.543] [main/DEBUG] [mixin/]: Mixing inject.MixinGameEvent from architectury-common.mixins.json into net.minecraft.world.level.gameevent.GameEvent
[13Sep2026 20:58:07.610] [main/DEBUG] [mixin/]: Mixing FriendlyByteBufLimitMixin from connectivity.mixins.json into net.minecraft.network.FriendlyByteBuf
[13Sep2026 20:58:07.614] [main/DEBUG] [mixin/]: Mixing v1_19_4_forge.FriendlyByteBufMixin from packetfixer.v1_19_4.forge.mixins.json into net.minecraft.network.FriendlyByteBuf
[13Sep2026 20:58:07.635] [main/DEBUG] [mixin/]: Mixing SoundEventMixin from sound_physics_remastered.mixins.json into net.minecraft.sounds.SoundEvent
[13Sep2026 20:58:07.649] [main/DEBUG] [mixin/]: Mixing perf.object_holder_cleanup.GameDataMixin from modernfix-modernfix.mixins.json into net.minecraftforge.registries.GameData
[13Sep2026 20:58:07.652] [main/DEBUG] [mixin/]: Mixing core.GameDataMixin from modernfix-modernfix.mixins.json into net.minecraftforge.registries.GameData
[13Sep2026 20:58:07.689] [main/DEBUG] [mixin/]: Mixing perf.fast_registry_validation.ForgeRegistryMixin from modernfix-modernfix.mixins.json into net.minecraftforge.registries.ForgeRegistry
[13Sep2026 20:58:07.693] [main/DEBUG] [mixin/]: Mixing perf.forge_registry_alloc.ForgeRegistryMixin from modernfix-modernfix.mixins.json into net.minecraftforge.registries.ForgeRegistry
[13Sep2026 20:58:07.709] [main/WARN] [mixin/]: @Final field delegatesByName:Ljava/util/Map; in modernfix-modernfix.mixins.json:perf.forge_registry_alloc.ForgeRegistryMixin should be final
[13Sep2026 20:58:07.710] [main/WARN] [mixin/]: @Final field delegatesByValue:Ljava/util/Map; in modernfix-modernfix.mixins.json:perf.forge_registry_alloc.ForgeRegistryMixin should be final
[13Sep2026 20:58:07.731] [main/DEBUG] [mixin/]: Mixing perf.reduce_blockstate_cache_rebuilds.BlockCallbacksMixin from modernfix-modernfix.mixins.json into net.minecraftforge.registries.GameData$BlockCallbacks
[13Sep2026 20:58:07.745] [main/DEBUG] [mixin/]: Mixing perf.forge_registry_alloc.DelegateHolderMixin from modernfix-modernfix.mixins.json into net.minecraft.world.level.block.Block
[13Sep2026 20:58:07.746] [main/DEBUG] [mixin/]: Mixing inject.MixinBlock from architectury-common.mixins.json into net.minecraft.world.level.block.Block
[13Sep2026 20:58:07.746] [main/DEBUG] [mixin/]: Mixing BlockMixin from kubejs-common.mixins.json into net.minecraft.world.level.block.Block
[13Sep2026 20:58:07.749] [main/DEBUG] [net.minecraftforge.coremod.transformer.CoreModBaseTransformer/COREMOD]: Transforming getAppearance with desc (Lnet/minecraft/world/level/block/state/BlockState;Lnet/minecraft/world/level/BlockAndTintGetter;Lnet/minecraft/core/BlockPos;Lnet/minecraft/core/Direction;Lnet/minecraft/world/level/block/state/BlockState;Lnet/minecraft/core/BlockPos;)Lnet/minecraft/world/level/block/state/BlockState;
[13Sep2026 20:58:07.765] [main/DEBUG] [net.minecraftforge.coremod.transformer.CoreModBaseTransformer/COREMOD]: Transforming net/minecraftforge/common/extensions/IForgeBlock
[13Sep2026 20:58:07.777] [main/DEBUG] [net.minecraftforge.coremod.transformer.CoreModBaseTransformer/COREMOD]: Transforming getAppearance with desc (Lnet/minecraft/world/level/block/state/BlockState;Lnet/minecraft/world/level/BlockAndTintGetter;Lnet/minecraft/core/BlockPos;Lnet/minecraft/core/Direction;Lnet/minecraft/world/level/block/state/BlockState;Lnet/minecraft/core/BlockPos;)Lnet/minecraft/world/level/block/state/BlockState;
[13Sep2026 20:58:07.778] [main/DEBUG] [net.minecraftforge.coremod.transformer.CoreModBaseTransformer/COREMOD]: Transforming net/minecraftforge/common/extensions/IForgeBlock
[13Sep2026 20:58:07.783] [main/DEBUG] [mixin/]: Mixing BlockBehaviourMixin from kubejs-common.mixins.json into net.minecraft.world.level.block.state.BlockBehaviour
[13Sep2026 20:58:07.796] [main/DEBUG] [mixin/]: Mixing AbstractBlockAccessor from fabric-object-builder-v1.mixins.json into net.minecraft.world.level.block.state.BlockBehaviour
[13Sep2026 20:58:07.796] [main/DEBUG] [mixin/]: fabric-object-builder-v1.mixins.json:AbstractBlockAccessor: Class version 61 required is higher than the class version supported by the current version of Mixin (JAVA_16 supports class version 60)
[13Sep2026 20:58:07.819] [main/DEBUG] [mixin/]: Mixing AttachmentTargetsMixin from fabric-data-attachment-api-v1.mixins.json into net.minecraft.world.level.Level
[13Sep2026 20:58:07.831] [main/DEBUG] [mixin/]: Mixing WorldMixin from fabric-lifecycle-events-v1.mixins.json into net.minecraft.world.level.Level
[13Sep2026 20:58:07.835] [main/DEBUG] [mixin/]: Mixing LevelMixin from kubejs-common.mixins.json into net.minecraft.world.level.Level
[13Sep2026 20:58:07.876] [main/DEBUG] [mixin/]: Mixing WorldViewMixin from fabric-rendering-data-attachment-v1.mixins.json into net.minecraft.world.level.LevelReader
[13Sep2026 20:58:07.879] [main/DEBUG] [mixin/]: Mixing BlockViewMixin from fabric-block-view-api-v2.mixins.json into net.minecraft.world.level.BlockGetter
[13Sep2026 20:58:07.899] [main/DEBUG] [mixin/]: Mixing ServerAddEntityMixin from cupboard.mixins.json into net.minecraft.server.level.ServerLevel
[13Sep2026 20:58:07.914] [main/DEBUG] [mixin/]: Mixing perf.faster_structure_location.ServerLevelMixin from modernfix-modernfix.mixins.json into net.minecraft.server.level.ServerLevel
[13Sep2026 20:58:07.914] [main/DEBUG] [mixin/]: Mixing perf.cache_strongholds.ServerLevelMixin from modernfix-modernfix.mixins.json into net.minecraft.server.level.ServerLevel
[13Sep2026 20:58:07.915] [main/DEBUG] [mixin/]: Mixing ServerWorldMixin from fabric-data-attachment-api-v1.mixins.json into net.minecraft.server.level.ServerLevel
[13Sep2026 20:58:07.916] [main/DEBUG] [mixin/]: Renaming synthetic method lambda$createAttachmentsPersistentState$1(Lnet/minecraft/server/level/ServerLevel;)Lnet/fabricmc/fabric/impl/attachment/AttachmentPersistentState; to mdbf378c$lambda$createAttachmentsPersistentState$1$0 in fabric-data-attachment-api-v1.mixins.json:ServerWorldMixin
[13Sep2026 20:58:07.916] [main/DEBUG] [mixin/]: Renaming synthetic method lambda$createAttachmentsPersistentState$0(Lnet/minecraft/server/level/ServerLevel;Lnet/minecraft/nbt/CompoundTag;)Lnet/fabricmc/fabric/impl/attachment/AttachmentPersistentState; to mdbf378c$lambda$createAttachmentsPersistentState$0$1 in fabric-data-attachment-api-v1.mixins.json:ServerWorldMixin
[13Sep2026 20:58:07.917] [main/DEBUG] [mixin/]: Mixing ServerWorldMixin from fabric-api-lookup-api-v1.mixins.json into net.minecraft.server.level.ServerLevel
[13Sep2026 20:58:07.917] [main/DEBUG] [mixin/]: fabric-api-lookup-api-v1.mixins.json:ServerWorldMixin: Class version 61 required is higher than the class version supported by the current version of Mixin (JAVA_16 supports class version 60)
[13Sep2026 20:58:07.917] [main/DEBUG] [mixin/]: Renaming synthetic method lambda$fabric_invalidateCache$5(Ljava/util/Map$Entry;)Z to mdbf378c$lambda$fabric_invalidateCache$5$2 in fabric-api-lookup-api-v1.mixins.json:ServerWorldMixin
[13Sep2026 20:58:07.918] [main/DEBUG] [mixin/]: Renaming synthetic method lambda$fabric_invalidateCache$4(Ljava/lang/ref/WeakReference;)Z to mdbf378c$lambda$fabric_invalidateCache$4$3 in fabric-api-lookup-api-v1.mixins.json:ServerWorldMixin
[13Sep2026 20:58:07.918] [main/DEBUG] [mixin/]: Renaming synthetic method lambda$fabric_invalidateCache$3(Ljava/lang/ref/WeakReference;)V to mdbf378c$lambda$fabric_invalidateCache$3$4 in fabric-api-lookup-api-v1.mixins.json:ServerWorldMixin
[13Sep2026 20:58:07.918] [main/DEBUG] [mixin/]: Renaming synthetic method lambda$fabric_invalidateCache$2(Ljava/lang/ref/WeakReference;)Z to mdbf378c$lambda$fabric_invalidateCache$2$5 in fabric-api-lookup-api-v1.mixins.json:ServerWorldMixin
[13Sep2026 20:58:07.918] [main/DEBUG] [mixin/]: Renaming synthetic method lambda$fabric_registerCache$1(Ljava/lang/ref/WeakReference;)Z to mdbf378c$lambda$fabric_registerCache$1$6 in fabric-api-lookup-api-v1.mixins.json:ServerWorldMixin
[13Sep2026 20:58:07.918] [main/DEBUG] [mixin/]: Renaming synthetic method lambda$fabric_registerCache$0(Lnet/minecraft/core/BlockPos;)Ljava/util/List; to mdbf378c$lambda$fabric_registerCache$0$7 in fabric-api-lookup-api-v1.mixins.json:ServerWorldMixin
[13Sep2026 20:58:07.937] [main/DEBUG] [mixin/]: Mixing world.WorldMixin from hugestructureblocks.mixins.json into net.minecraft.server.level.ServerLevel
[13Sep2026 20:58:07.938] [main/DEBUG] [mixin/]: Mixing ServerWorldMixin from fabric-lifecycle-events-v1.mixins.json into net.minecraft.server.level.ServerLevel
[13Sep2026 20:58:07.939] [main/DEBUG] [mixin/]: Mixing ServerLevelMixin from kubejs-common.mixins.json into net.minecraft.server.level.ServerLevel
[13Sep2026 20:58:07.941] [main/DEBUG] [mixin/]: Mixing compat117plus.ServerWorldMixin from pehkui.mixins.json into net.minecraft.server.level.ServerLevel
[13Sep2026 20:58:07.952] [main/DEBUG] [mixin/]: Mixing ServerLevelMixin from moonlight-common.mixins.json into net.minecraft.server.level.ServerLevel
[13Sep2026 20:58:08.082] [main/DEBUG] [mixin/]: Mixing perf.reduce_blockstate_cache_rebuilds.BlockStateBaseMixin from modernfix-modernfix.mixins.json into net.minecraft.world.level.block.state.BlockBehaviour$BlockStateBase
[13Sep2026 20:58:08.085] [main/DEBUG] [mixin/]: Mixing BlockStateBaseMixin from kubejs-common.mixins.json into net.minecraft.world.level.block.state.BlockBehaviour$BlockStateBase
[13Sep2026 20:58:08.086] [main/DEBUG] [mixin/]: Mixing compat116plus.AbstractBlockStateMixin from pehkui.mixins.json into net.minecraft.world.level.block.state.BlockBehaviour$BlockStateBase
[13Sep2026 20:58:08.086] [main/DEBUG] [mixin/]: Mixing BlockStateBaseMixin from ferritecore.blockstatecache.mixin.json into net.minecraft.world.level.block.state.BlockBehaviour$BlockStateBase
[13Sep2026 20:58:08.115] [main/DEBUG] [mixin/]: Mixing FastMapStateHolderMixin from ferritecore.fastmap.mixin.json into net.minecraft.world.level.block.state.StateHolder
[13Sep2026 20:58:08.123] [main/DEBUG] [mixin/]: Mixing BlockStateMixin from ftbchunks-common.mixins.json into net.minecraft.world.level.block.state.BlockState
[13Sep2026 20:58:08.128] [main/DEBUG] [net.minecraftforge.coremod.transformer.CoreModBaseTransformer/COREMOD]: Transforming getAppearance with desc (Lnet/minecraft/world/level/BlockAndTintGetter;Lnet/minecraft/core/BlockPos;Lnet/minecraft/core/Direction;Lnet/minecraft/world/level/block/state/BlockState;Lnet/minecraft/core/BlockPos;)Lnet/minecraft/world/level/block/state/BlockState;
[13Sep2026 20:58:08.144] [main/DEBUG] [net.minecraftforge.coremod.transformer.CoreModBaseTransformer/COREMOD]: Transforming net/minecraftforge/common/extensions/IForgeBlockState
[13Sep2026 20:58:08.160] [main/DEBUG] [net.minecraftforge.coremod.transformer.CoreModBaseTransformer/COREMOD]: Transforming getAppearance with desc (Lnet/minecraft/world/level/BlockAndTintGetter;Lnet/minecraft/core/BlockPos;Lnet/minecraft/core/Direction;Lnet/minecraft/world/level/block/state/BlockState;Lnet/minecraft/core/BlockPos;)Lnet/minecraft/world/level/block/state/BlockState;
[13Sep2026 20:58:08.163] [main/DEBUG] [net.minecraftforge.coremod.transformer.CoreModBaseTransformer/COREMOD]: Transforming net/minecraftforge/common/extensions/IForgeBlockState
[13Sep2026 20:58:08.166] [main/DEBUG] [mixin/]: Mixing perf.model_optimizations.PropertyMixin from modernfix-modernfix.mixins.json into net.minecraft.world.level.block.state.properties.Property
[13Sep2026 20:58:08.177] [main/DEBUG] [mixin/]: Mixing EntityLoadMixin from cupboard.mixins.json into net.minecraft.world.entity.Entity
[13Sep2026 20:58:08.180] [main/DEBUG] [mixin/]: Mixing bugfix.chunk_deadlock.EntityMixin from modernfix-modernfix.mixins.json into net.minecraft.world.entity.Entity
[13Sep2026 20:58:08.182] [main/DEBUG] [mixin/]: Mixing AttachmentTargetsMixin from fabric-data-attachment-api-v1.mixins.json into net.minecraft.world.entity.Entity
[13Sep2026 20:58:08.184] [main/DEBUG] [mixin/]: Mixing EntityMixin from fabric-data-attachment-api-v1.mixins.json into net.minecraft.world.entity.Entity
[13Sep2026 20:58:08.185] [main/DEBUG] [mixin/]: Mixing EntityMixin from balm.mixins.json into net.minecraft.world.entity.Entity
[13Sep2026 20:58:08.186] [main/DEBUG] [mixin/]: Mixing AccessorEntity from curios.mixins.json into net.minecraft.world.entity.Entity
[13Sep2026 20:58:08.186] [main/DEBUG] [mixin/]: Mixing EntityMixin from fabric-entity-events-v1.mixins.json into net.minecraft.world.entity.Entity
[13Sep2026 20:58:08.186] [main/DEBUG] [mixin/]: fabric-entity-events-v1.mixins.json:EntityMixin: Class version 61 required is higher than the class version supported by the current version of Mixin (JAVA_16 supports class version 60)
[13Sep2026 20:58:08.187] [main/DEBUG] [mixin/]: Mixing EntityMixin from kubejs-forge.mixins.json into net.minecraft.world.entity.Entity
[13Sep2026 20:58:08.188] [main/DEBUG] [mixin/]: Mixing EntityMixin from kubejs-common.mixins.json into net.minecraft.world.entity.Entity
[13Sep2026 20:58:08.191] [main/DEBUG] [mixin/]: Mixing EntityMixin from pehkui.mixins.json into net.minecraft.world.entity.Entity
[13Sep2026 20:58:08.203] [main/DEBUG] [mixin/]: Mixing ThreadSafeScaledEntityMixin from pehkui.mixins.json into net.minecraft.world.entity.Entity
[13Sep2026 20:58:08.209] [main/DEBUG] [mixin/]: Mixing compat117plus.EntityCalculateDimensionsMixin from pehkui.mixins.json into net.minecraft.world.entity.Entity
[13Sep2026 20:58:08.210] [main/DEBUG] [mixin/]: Renaming synthetic method lambda$pehkui$calculateDimensions$0(Lnet/minecraft/world/entity/Entity;DLnet/minecraft/world/phys/Vec3;)V to mdbf378c$lambda$pehkui$calculateDimensions$0$0 in pehkui.mixins.json:compat117plus.EntityCalculateDimensionsMixin
[13Sep2026 20:58:08.217] [main/DEBUG] [mixin/]: Mixing compat117plus.EntityMixin from pehkui.mixins.json into net.minecraft.world.entity.Entity
[13Sep2026 20:58:08.219] [main/DEBUG] [mixin/]: Mixing compat1204minus.compat116plus.EntityMixin from pehkui.mixins.json into net.minecraft.world.entity.Entity
[13Sep2026 20:58:08.219] [main/DEBUG] [mixin/]: Mixing compat120plus.EntityMixin from pehkui.mixins.json into net.minecraft.world.entity.Entity
[13Sep2026 20:58:08.219] [main/DEBUG] [mixin/]: Mixing step_height.compat1194plus.EntityMixin from pehkui.mixins.json into net.minecraft.world.entity.Entity
[13Sep2026 20:58:08.221] [main/DEBUG] [mixin/]: Mixing EntityWaterWalkMixin from jjsh.mixins.json into net.minecraft.world.entity.Entity
[13Sep2026 20:58:08.223] [main/DEBUG] [mixin/]: Mixing GetoLivingEntityDimensionsMixin from jjsh.mixins.json into net.minecraft.world.entity.Entity
[13Sep2026 20:58:08.226] [main/DEBUG] [mixin/]: Mixing EntityCollideFakeBorderMixin from jjsh.mixins.json into net.minecraft.world.entity.Entity
[13Sep2026 20:58:08.230] [main/DEBUG] [mixin/]: Mixing EntityOnGroundMixin from mixins.jujutsucrafts.json into net.minecraft.world.entity.Entity
[13Sep2026 20:58:08.235] [main/DEBUG] [mixin/]: Mixing EntityMixin from sound_physics_remastered.mixins.json into net.minecraft.world.entity.Entity
[13Sep2026 20:58:08.340] [main/DEBUG] [mixin/]: Mixing step_height.IForgeEntityMixin from pehkui.mixins.json into net.minecraftforge.common.extensions.IForgeEntity
[13Sep2026 20:58:08.356] [main/DEBUG] [mixin/]: Mixing perf.forge_cap_retrieval.LivingEntityMixin from modernfix-modernfix.mixins.json into net.minecraft.world.entity.LivingEntity
[13Sep2026 20:58:08.356] [main/DEBUG] [mixin/]: Mixing LivingEntityMixin from dummmmmmy-common.mixins.json into net.minecraft.world.entity.LivingEntity
[13Sep2026 20:58:08.358] [main/DEBUG] [mixin/]: Mixing MixinLivingEntity from curios.mixins.json into net.minecraft.world.entity.LivingEntity
[13Sep2026 20:58:08.360] [main/DEBUG] [mixin/]: Mixing LivingEntityMixin from fabric-entity-events-v1.mixins.json into net.minecraft.world.entity.LivingEntity
[13Sep2026 20:58:08.360] [main/DEBUG] [mixin/]: fabric-entity-events-v1.mixins.json:LivingEntityMixin: Class version 61 required is higher than the class version supported by the current version of Mixin (JAVA_16 supports class version 60)
[13Sep2026 20:58:08.366] [main/DEBUG] [mixin/]: Mixing elytra.LivingEntityMixin from fabric-entity-events-v1.mixins.json into net.minecraft.world.entity.LivingEntity
[13Sep2026 20:58:08.366] [main/DEBUG] [mixin/]: fabric-entity-events-v1.mixins.json:elytra.LivingEntityMixin: Class version 61 required is higher than the class version supported by the current version of Mixin (JAVA_16 supports class version 60)
[13Sep2026 20:58:08.370] [main/DEBUG] [mixin/]: Mixing LivingEntityMixin from fabric-lifecycle-events-v1.mixins.json into net.minecraft.world.entity.LivingEntity
[13Sep2026 20:58:08.374] [main/DEBUG] [mixin/]: Mixing LivingEntityMixin from kubejs-common.mixins.json into net.minecraft.world.entity.LivingEntity
[13Sep2026 20:58:08.375] [main/DEBUG] [mixin/]: Mixing LivingEntityMixin from pehkui.mixins.json into net.minecraft.world.entity.LivingEntity
[13Sep2026 20:58:08.376] [main/DEBUG] [mixin/]: Renaming synthetic method lambda$pehkui$tickMovement$minVelocity$0(I)Z to mdbf378c$lambda$pehkui$tickMovement$minVelocity$0$0 in pehkui.mixins.json:LivingEntityMixin
[13Sep2026 20:58:08.389] [main/DEBUG] [mixin/]: Mixing compat117plus.LivingEntityMixin from pehkui.mixins.json into net.minecraft.world.entity.LivingEntity
[13Sep2026 20:58:08.390] [main/DEBUG] [mixin/]: Mixing compat1194plus.LivingEntityMixin from pehkui.mixins.json into net.minecraft.world.entity.LivingEntity
[13Sep2026 20:58:08.391] [main/DEBUG] [mixin/]: Mixing compat1204minus.LivingEntityMixin from pehkui.mixins.json into net.minecraft.world.entity.LivingEntity
[13Sep2026 20:58:08.393] [main/DEBUG] [mixin/]: Mixing LivingEntityJumpMixin from mixins.jujutsucrafts.json into net.minecraft.world.entity.LivingEntity
[13Sep2026 20:58:08.405] [main/DEBUG] [net.minecraftforge.coremod.transformer.CoreModBaseTransformer/COREMOD]: Transforming net/minecraft/world/effect/MobEffectInstance
[13Sep2026 20:58:08.412] [main/DEBUG] [mixin/]: Mixing compat115plus.LivingEntityMixin from pehkui.mixins.json into net.minecraft.world.entity.LivingEntity
[13Sep2026 20:58:08.515] [main/DEBUG] [mixin/]: Mixing perf.model_optimizations.BooleanPropertyMixin from modernfix-modernfix.mixins.json into net.minecraft.world.level.block.state.properties.BooleanProperty
[13Sep2026 20:58:08.531] [main/DEBUG] [mixin/]: Mixing ItemEntityMixin from kubejs-common.mixins.json into net.minecraft.world.entity.item.ItemEntity
[13Sep2026 20:58:08.532] [main/DEBUG] [mixin/]: Mixing ItemEntityMixin from pehkui.mixins.json into net.minecraft.world.entity.item.ItemEntity
[13Sep2026 20:58:08.552] [main/DEBUG] [mixin/]: Mixing reach.PlayerEntityMixin from pehkui.mixins.json into net.minecraft.world.entity.player.Player
[13Sep2026 20:58:08.552] [main/DEBUG] [mixin/]: Mixing PlayerMixin from dummmmmmy-common.mixins.json into net.minecraft.world.entity.player.Player
[13Sep2026 20:58:08.558] [main/DEBUG] [mixin/]: Mixing PlayerEntityMixin from fabric-entity-events-v1.mixins.json into net.minecraft.world.entity.player.Player
[13Sep2026 20:58:08.558] [main/DEBUG] [mixin/]: fabric-entity-events-v1.mixins.json:PlayerEntityMixin: Class version 61 required is higher than the class version supported by the current version of Mixin (JAVA_16 supports class version 60)
[13Sep2026 20:58:08.559] [main/DEBUG] [mixin/]: Mixing elytra.PlayerEntityMixin from fabric-entity-events-v1.mixins.json into net.minecraft.world.entity.player.Player
[13Sep2026 20:58:08.559] [main/DEBUG] [mixin/]: fabric-entity-events-v1.mixins.json:elytra.PlayerEntityMixin: Class version 61 required is higher than the class version supported by the current version of Mixin (JAVA_16 supports class version 60)
[13Sep2026 20:58:08.559] [main/DEBUG] [mixin/]: Mixing PlayerEntityMixin from pehkui.mixins.json into net.minecraft.world.entity.player.Player
[13Sep2026 20:58:08.562] [main/DEBUG] [mixin/]: Mixing compat117plus.PlayerEntityMixin from pehkui.mixins.json into net.minecraft.world.entity.player.Player
[13Sep2026 20:58:08.564] [main/DEBUG] [mixin/]: Mixing compat1194plus.PlayerEntityMixin from pehkui.mixins.json into net.minecraft.world.entity.player.Player
[13Sep2026 20:58:08.564] [main/DEBUG] [mixin/]: Mixing compat1201minus.EntityVehicleHeightOffsetMixin from pehkui.mixins.json into net.minecraft.world.entity.player.Player
[13Sep2026 20:58:08.567] [main/DEBUG] [mixin/]: Mixing compat1204minus.PlayerEntityMixin from pehkui.mixins.json into net.minecraft.world.entity.player.Player
[13Sep2026 20:58:08.568] [main/DEBUG] [mixin/]: Mixing PlayerGravityMixin from mixins.jujutsucrafts.json into net.minecraft.world.entity.player.Player
[13Sep2026 20:58:08.571] [main/DEBUG] [mixin/]: Mixing PlayerMixin from kubejs-common.mixins.json into net.minecraft.world.entity.player.Player
[13Sep2026 20:58:08.632] [main/DEBUG] [mixin/]: Mixing reach.IForgePlayerMixin from pehkui.mixins.json into net.minecraftforge.common.extensions.IForgePlayer
[13Sep2026 20:58:08.663] [main/DEBUG] [mixin/]: Mixing RegistryManagerMixin from fabric-registry-sync-v0.mixins.json into net.minecraftforge.registries.RegistryManager
[13Sep2026 20:58:08.664] [main/DEBUG] [mixin/]: fabric-registry-sync-v0.mixins.json:RegistryManagerMixin: Class version 61 required is higher than the class version supported by the current version of Mixin (JAVA_16 supports class version 60)
[13Sep2026 20:58:08.679] [main/DEBUG] [mixin/]: Mixing bugfix.concurrency.ForgeRegistryTagManagerMixin from modernfix-modernfix.mixins.json into net.minecraftforge.registries.ForgeRegistryTagManager
[13Sep2026 20:58:08.699] [main/DEBUG] [mixin/]: Mixing bugfix.concurrency.NamespacedWrapperMixin from modernfix-modernfix.mixins.json into net.minecraftforge.registries.NamespacedWrapper
[13Sep2026 20:58:08.700] [main/DEBUG] [mixin/]: Mixing perf.fast_forge_dummies.NamespacedHolderHelperMixin from modernfix-modernfix.mixins.json into net.minecraftforge.registries.NamespacedWrapper
[13Sep2026 20:58:08.702] [main/DEBUG] [mixin/]: Mixing NamespacedWrapperMixin from fabric-registry-sync-v0.mixins.json into net.minecraftforge.registries.NamespacedWrapper
[13Sep2026 20:58:08.703] [main/DEBUG] [mixin/]: fabric-registry-sync-v0.mixins.json:NamespacedWrapperMixin: Class version 61 required is higher than the class version supported by the current version of Mixin (JAVA_16 supports class version 60)
[13Sep2026 20:58:08.724] [main/DEBUG] [mixin/]: Mixing inject.MixinFluid from architectury-common.mixins.json into net.minecraft.world.level.material.Fluid
[13Sep2026 20:58:08.725] [main/DEBUG] [mixin/]: Mixing FluidMixin from fabric-transfer-api-v1.mixins.json into net.minecraft.world.level.material.Fluid
[13Sep2026 20:58:08.725] [main/DEBUG] [mixin/]: fabric-transfer-api-v1.mixins.json:FluidMixin: Class version 61 required is higher than the class version supported by the current version of Mixin (JAVA_16 supports class version 60)
[13Sep2026 20:58:08.738] [main/DEBUG] [mixin/]: Mixing ItemMixin from fabric-item-api-v1.mixins.json into net.minecraft.world.item.Item
[13Sep2026 20:58:08.738] [main/DEBUG] [mixin/]: fabric-item-api-v1.mixins.json:ItemMixin: Class version 61 required is higher than the class version supported by the current version of Mixin (JAVA_16 supports class version 60)
[13Sep2026 20:58:08.739] [main/DEBUG] [mixin/]: Mixing perf.forge_registry_alloc.DelegateHolderMixin from modernfix-modernfix.mixins.json into net.minecraft.world.item.Item
[13Sep2026 20:58:08.740] [main/DEBUG] [mixin/]: Mixing inject.MixinItem from architectury-common.mixins.json into net.minecraft.world.item.Item
[13Sep2026 20:58:08.746] [main/DEBUG] [mixin/]: Mixing ItemMixin from fabric-transfer-api-v1.mixins.json into net.minecraft.world.item.Item
[13Sep2026 20:58:08.747] [main/DEBUG] [mixin/]: fabric-transfer-api-v1.mixins.json:ItemMixin: Class version 61 required is higher than the class version supported by the current version of Mixin (JAVA_16 supports class version 60)
[13Sep2026 20:58:08.748] [main/DEBUG] [mixin/]: Mixing ItemMixin from ftblibrary-common.mixins.json into net.minecraft.world.item.Item
[13Sep2026 20:58:08.748] [main/DEBUG] [mixin/]: ftblibrary-common.mixins.json:ItemMixin: Class version 61 required is higher than the class version supported by the current version of Mixin (JAVA_8 supports class version 52)
[13Sep2026 20:58:08.749] [main/DEBUG] [mixin/]: Mixing reach.compat1204minus.compat116plus.ItemMixin from pehkui.mixins.json into net.minecraft.world.item.Item
[13Sep2026 20:58:08.749] [main/DEBUG] [mixin/]: Mixing ItemMixin from moonlight-common.mixins.json into net.minecraft.world.item.Item
[13Sep2026 20:58:08.750] [main/DEBUG] [mixin/]: Mixing PlayfulCloudItemMixin from mixins.jujutsucrafts.json into net.minecraft.world.item.Item
[13Sep2026 20:58:08.762] [main/DEBUG] [mixin/]: Mixing ItemMixin from kubejs-common.mixins.json into net.minecraft.world.item.Item
[13Sep2026 20:58:08.778] [main/DEBUG] [net.minecraftforge.coremod.transformer.CoreModBaseTransformer/COREMOD]: Transforming getEnchantmentLevel with desc (Lnet/minecraft/world/item/enchantment/Enchantment;)I
[13Sep2026 20:58:08.780] [main/INFO] [net.minecraftforge.coremod.CoreMod.placebo/COREMODLOG]: Patching IForgeItemStack#getEnchantmentLevel
[13Sep2026 20:58:08.781] [main/DEBUG] [net.minecraftforge.coremod.transformer.CoreModBaseTransformer/COREMOD]: Transforming getAllEnchantments with desc ()Ljava/util/Map;
[13Sep2026 20:58:08.781] [main/INFO] [net.minecraftforge.coremod.CoreMod.placebo/COREMODLOG]: Patching IForgeItemStack#getEnchantmentLevel
[13Sep2026 20:58:08.812] [main/DEBUG] [net.minecraftforge.coremod.transformer.CoreModBaseTransformer/COREMOD]: Transforming getAttributeModifiers with desc (Lnet/minecraft/world/entity/EquipmentSlot;Lnet/minecraft/world/item/ItemStack;)Lcom/google/common/collect/Multimap;
[13Sep2026 20:58:08.813] [main/DEBUG] [net.minecraftforge.coremod.transformer.CoreModBaseTransformer/COREMOD]: Transforming getCraftingRemainingItem with desc (Lnet/minecraft/world/item/ItemStack;)Lnet/minecraft/world/item/ItemStack;
[13Sep2026 20:58:08.813] [main/DEBUG] [net.minecraftforge.coremod.transformer.CoreModBaseTransformer/COREMOD]: Transforming hasCraftingRemainingItem with desc (Lnet/minecraft/world/item/ItemStack;)Z
[13Sep2026 20:58:08.814] [main/DEBUG] [net.minecraftforge.coremod.transformer.CoreModBaseTransformer/COREMOD]: Transforming getEquipmentSlot with desc (Lnet/minecraft/world/item/ItemStack;)Lnet/minecraft/world/entity/EquipmentSlot;
[13Sep2026 20:58:08.815] [main/DEBUG] [net.minecraftforge.coremod.transformer.CoreModBaseTransformer/COREMOD]: Transforming isCorrectToolForDrops with desc (Lnet/minecraft/world/item/ItemStack;Lnet/minecraft/world/level/block/state/BlockState;)Z
[13Sep2026 20:58:08.815] [main/DEBUG] [net.minecraftforge.coremod.transformer.CoreModBaseTransformer/COREMOD]: Transforming shouldCauseReequipAnimation with desc (Lnet/minecraft/world/item/ItemStack;Lnet/minecraft/world/item/ItemStack;Z)Z
[13Sep2026 20:58:08.815] [main/DEBUG] [net.minecraftforge.coremod.transformer.CoreModBaseTransformer/COREMOD]: Transforming damageItem with desc (Lnet/minecraft/world/item/ItemStack;ILnet/minecraft/world/entity/LivingEntity;Ljava/util/function/Consumer;)I
[13Sep2026 20:58:08.816] [main/DEBUG] [net.minecraftforge.coremod.transformer.CoreModBaseTransformer/COREMOD]: Transforming net/minecraftforge/common/extensions/IForgeItem
[13Sep2026 20:58:08.816] [main/DEBUG] [mixin/]: Mixing compat117plus.patchwork.compat.IForgeItemMixin from pehkui.mixins.json into net.minecraftforge.common.extensions.IForgeItem
[13Sep2026 20:58:08.828] [main/DEBUG] [net.minecraftforge.coremod.transformer.CoreModBaseTransformer/COREMOD]: Transforming net/minecraft/world/entity/EntityType
[13Sep2026 20:58:08.896] [main/DEBUG] [mixin/]: Mixing inject.MixinEntityType from architectury-common.mixins.json into net.minecraft.world.entity.EntityType
[13Sep2026 20:58:08.931] [main/DEBUG] [mixin/]: Mixing perf.dynamic_dfu.BlockEntityTypeMixin from modernfix-modernfix.mixins.json into net.minecraft.world.level.block.entity.BlockEntityType
[13Sep2026 20:58:08.932] [main/DEBUG] [mixin/]: Mixing BlockEntityTypeAccessor from fabric-api-lookup-api-v1.mixins.json into net.minecraft.world.level.block.entity.BlockEntityType
[13Sep2026 20:58:08.932] [main/DEBUG] [mixin/]: fabric-api-lookup-api-v1.mixins.json:BlockEntityTypeAccessor: Class version 61 required is higher than the class version supported by the current version of Mixin (JAVA_16 supports class version 60)
[13Sep2026 20:58:08.971] [main/DEBUG] [mixin/]: Mixing MixinPoiTypes from lootr.mixins.json into net.minecraft.world.entity.ai.village.poi.PoiTypes
[13Sep2026 20:58:08.984] [main/DEBUG] [mixin/]: Mixing accessor.PoiTypeAccessor from moonlight-common.mixins.json into net.minecraft.world.entity.ai.village.poi.PoiType
[13Sep2026 20:58:08.985] [main/DEBUG] [mixin/]: Mixing MixinPoiType from lootr.mixins.json into net.minecraft.world.entity.ai.village.poi.PoiType
[13Sep2026 20:58:08.987] [main/DEBUG] [mixin/]: Mixing PoiMixin from moonlight-common.mixins.json into net.minecraft.world.entity.ai.village.poi.PoiType
[13Sep2026 20:58:09.097] [main/DEBUG] [mixin/]: Mixing perf.memoize_creative_tab_build.CreativeModeTabMixin from modernfix-modernfix.mixins.json into net.minecraft.world.item.CreativeModeTab
[13Sep2026 20:58:09.099] [main/DEBUG] [mixin/]: Mixing CreativeModeTabMixin from kubejs-common.mixins.json into net.minecraft.world.item.CreativeModeTab
[13Sep2026 20:58:09.100] [main/DEBUG] [mixin/]: Mixing ItemGroupMixin from fabric-item-group-api-v1.mixins.json into net.minecraft.world.item.CreativeModeTab
[13Sep2026 20:58:09.107] [main/DEBUG] [mixin/]: Mixing FireBlockMixin from fabric-content-registries-v0.mixins.json into net.minecraft.world.level.block.FireBlock
[13Sep2026 20:58:09.109] [main/DEBUG] [mixin/]: fabric-content-registries-v0.mixins.json:FireBlockMixin: Class version 61 required is higher than the class version supported by the current version of Mixin (JAVA_16 supports class version 60)
[13Sep2026 20:58:09.112] [main/DEBUG] [mixin/]: Mixing FireBlockMixin from moonlight.mixins.json into net.minecraft.world.level.block.FireBlock
[13Sep2026 20:58:09.124] [main/DEBUG] [mixin/]: Mixing DirectionMixin from rhino-common.mixins.json into net.minecraft.core.Direction
[13Sep2026 20:58:09.182] [main/DEBUG] [mixin/]: Mixing ShapesMixin from creativecore.mixins.json into net.minecraft.world.phys.shapes.Shapes
[13Sep2026 20:58:09.221] [main/DEBUG] [mixin/]: Mixing DiscreteVSAccess from ferritecore.blockstatecache.mixin.json into net.minecraft.world.phys.shapes.DiscreteVoxelShape
[13Sep2026 20:58:09.224] [main/DEBUG] [mixin/]: Mixing BitSetDVSAccess from ferritecore.blockstatecache.mixin.json into net.minecraft.world.phys.shapes.BitSetDiscreteVoxelShape
[13Sep2026 20:58:09.226] [main/DEBUG] [mixin/]: Mixing VoxelShapeAccessor from creativecore.mixins.json into net.minecraft.world.phys.shapes.VoxelShape
[13Sep2026 20:58:09.227] [main/DEBUG] [mixin/]: Mixing VoxelShapeAccess from ferritecore.blockstatecache.mixin.json into net.minecraft.world.phys.shapes.VoxelShape
[13Sep2026 20:58:09.227] [main/DEBUG] [mixin/]: Unexpected: Registered method setShape(Lnet/minecraft/world/phys/shapes/DiscreteVoxelShape;)V in net.minecraft.world.phys.shapes.VoxelShape was not merged
[13Sep2026 20:58:09.232] [main/DEBUG] [mixin/]: Mixing ArrayVSAccess from ferritecore.blockstatecache.mixin.json into net.minecraft.world.phys.shapes.ArrayVoxelShape
[13Sep2026 20:58:09.240] [main/DEBUG] [mixin/]: Mixing SliceShapeAccess from ferritecore.blockstatecache.mixin.json into net.minecraft.world.phys.shapes.SliceShape
[13Sep2026 20:58:09.455] [main/DEBUG] [mixin/]: Mixing perf.reduce_blockstate_cache_rebuilds.BlocksMixin from modernfix-modernfix.mixins.json into net.minecraft.world.level.block.Blocks
[13Sep2026 20:58:09.457] [main/DEBUG] [mixin/]: Renaming synthetic method lambda$getEmptyConsumer$0(Ljava/lang/Object;)V to mdbf378c$lambda$getEmptyConsumer$0$0 in modernfix-modernfix.mixins.json:perf.reduce_blockstate_cache_rebuilds.BlocksMixin
[13Sep2026 20:58:09.509] [main/DEBUG] [net.minecraftforge.coremod.transformer.CoreModBaseTransformer/COREMOD]: Transforming net/minecraft/world/level/block/LiquidBlock
[13Sep2026 20:58:09.510] [main/DEBUG] [mixin/]: Mixing inject.MixinLiquidBlock from architectury-common.mixins.json into net.minecraft.world.level.block.LiquidBlock
[13Sep2026 20:58:09.538] [main/DEBUG] [mixin/]: Mixing accessor.DispenserBlockAccessor from moonlight-common.mixins.json into net.minecraft.world.level.block.DispenserBlock
[13Sep2026 20:58:09.539] [main/DEBUG] [mixin/]: Renaming @Accessor method getDispenserRegistry()Ljava/util/Map; to getDispenserRegistry_$md$bf378c$0 in moonlight-common.mixins.json:accessor.DispenserBlockAccessor
[13Sep2026 20:58:09.547] [main/DEBUG] [mixin/]: Mixing DetectorRailBlockMixin from fabric-object-builder-v1.mixins.json into net.minecraft.world.level.block.DetectorRailBlock
[13Sep2026 20:58:09.548] [main/DEBUG] [mixin/]: fabric-object-builder-v1.mixins.json:DetectorRailBlockMixin: Class version 61 required is higher than the class version supported by the current version of Mixin (JAVA_16 supports class version 60)
[13Sep2026 20:58:09.548] [main/DEBUG] [mixin/]: Renaming synthetic method lambda$getCustomComparatorOutput$0(Lnet/minecraft/world/entity/Entity;)Z to mdbf378c$lambda$getCustomComparatorOutput$0$0 in fabric-object-builder-v1.mixins.json:DetectorRailBlockMixin
[13Sep2026 20:58:09.554] [main/DEBUG] [mixin/]: Mixing PistonBaseBlockMixin from ftbchunks-common.mixins.json into net.minecraft.world.level.block.piston.PistonBaseBlock
[13Sep2026 20:58:09.623] [main/DEBUG] [net.minecraftforge.coremod.transformer.CoreModBaseTransformer/COREMOD]: Transforming net/minecraft/world/level/block/StairBlock
[13Sep2026 20:58:09.641] [main/DEBUG] [mixin/]: Mixing CropBlockMixin from balm.mixins.json into net.minecraft.world.level.block.CropBlock
[13Sep2026 20:58:09.698] [main/DEBUG] [mixin/]: Mixing PortalBlockMixin from pehkui.mixins.json into net.minecraft.world.level.block.NetherPortalBlock
[13Sep2026 20:58:09.727] [main/DEBUG] [mixin/]: Mixing StemBlockMixin from balm.mixins.json into net.minecraft.world.level.block.StemBlock
[13Sep2026 20:58:09.795] [main/DEBUG] [mixin/]: Mixing perf.deduplicate_wall_shapes.WallBlockMixin from modernfix-modernfix.mixins.json into net.minecraft.world.level.block.WallBlock
[13Sep2026 20:58:09.818] [main/DEBUG] [net.minecraftforge.coremod.transformer.CoreModBaseTransformer/COREMOD]: Transforming net/minecraft/world/level/block/FlowerPotBlock
[13Sep2026 20:58:09.832] [main/DEBUG] [mixin/]: Mixing AnvilBlockMixin from placebo.mixins.json into net.minecraft.world.level.block.AnvilBlock
[13Sep2026 20:58:09.947] [main/DEBUG] [mixin/]: Mixing MixinPowderSnowBlock from curios.mixins.json into net.minecraft.world.level.block.PowderSnowBlock
[13Sep2026 20:58:09.957] [main/DEBUG] [net.minecraftforge.coremod.transformer.CoreModBaseTransformer/COREMOD]: Transforming m_154909_ with desc ()Lcom/google/common/collect/BiMap;
[13Sep2026 20:58:09.970] [main/DEBUG] [net.minecraftforge.coremod.CoreMod.fabric_content_registries_v0/COREMODLOG]: Made net.minecraft.block.Oxidizable.OXIDATION_LEVEL_INCREASES mutable
[13Sep2026 20:58:10.011] [main/DEBUG] [mixin/]: Mixing AbstractBlockSettingsAccessor from fabric-object-builder-v1.mixins.json into net.minecraft.world.level.block.state.BlockBehaviour$Properties
[13Sep2026 20:58:10.012] [main/DEBUG] [mixin/]: fabric-object-builder-v1.mixins.json:AbstractBlockSettingsAccessor: Class version 61 required is higher than the class version supported by the current version of Mixin (JAVA_16 supports class version 60)
[13Sep2026 20:58:10.047] [main/DEBUG] [mixin/]: Mixing perf.state_definition_construct.StateDefinitionMixin from modernfix-modernfix.mixins.json into net.minecraft.world.level.block.state.StateDefinition
[13Sep2026 20:58:10.322] [main/INFO] [net.minecraft.server.Bootstrap/]: Vanilla bootstrap took 3092 milliseconds
[13Sep2026 20:58:10.543] [main/DEBUG] [io.netty.util.internal.PlatformDependent0/]: -Dio.netty.noUnsafe: false
[13Sep2026 20:58:10.543] [main/DEBUG] [io.netty.util.internal.PlatformDependent0/]: Java version: 17
[13Sep2026 20:58:10.560] [main/DEBUG] [io.netty.util.internal.PlatformDependent0/]: sun.misc.Unsafe.theUnsafe: available
[13Sep2026 20:58:10.561] [main/DEBUG] [io.netty.util.internal.PlatformDependent0/]: sun.misc.Unsafe.copyMemory: available
[13Sep2026 20:58:10.561] [main/DEBUG] [io.netty.util.internal.PlatformDependent0/]: sun.misc.Unsafe.storeFence: available
[13Sep2026 20:58:10.562] [main/DEBUG] [io.netty.util.internal.PlatformDependent0/]: java.nio.Buffer.address: available
[13Sep2026 20:58:10.562] [main/DEBUG] [io.netty.util.internal.PlatformDependent0/]: direct buffer constructor: unavailable
java.lang.UnsupportedOperationException: Reflective setAccessible(true) disabled
	at io.netty.util.internal.ReflectionUtil.trySetAccessible(ReflectionUtil.java:31) ~[netty-common-4.1.82.Final.jar%2382!/:4.1.82.Final]
	at io.netty.util.internal.PlatformDependent0$5.run(PlatformDependent0.java:288) ~[netty-common-4.1.82.Final.jar%2382!/:4.1.82.Final]
	at java.security.AccessController.doPrivileged(AccessController.java:318) ~[?:?]
	at io.netty.util.internal.PlatformDependent0.<clinit>(PlatformDependent0.java:282) ~[netty-common-4.1.82.Final.jar%2382!/:4.1.82.Final]
	at io.netty.util.internal.PlatformDependent.isAndroid(PlatformDependent.java:333) ~[netty-common-4.1.82.Final.jar%2382!/:4.1.82.Final]
	at io.netty.util.internal.PlatformDependent.<clinit>(PlatformDependent.java:88) ~[netty-common-4.1.82.Final.jar%2382!/:4.1.82.Final]
	at io.netty.util.ConstantPool.<init>(ConstantPool.java:34) ~[netty-common-4.1.82.Final.jar%2382!/:4.1.82.Final]
	at io.netty.util.AttributeKey$1.<init>(AttributeKey.java:27) ~[netty-common-4.1.82.Final.jar%2382!/:4.1.82.Final]
	at io.netty.util.AttributeKey.<clinit>(AttributeKey.java:27) ~[netty-common-4.1.82.Final.jar%2382!/:4.1.82.Final]
	at net.minecraftforge.network.NetworkConstants.<clinit>(NetworkConstants.java:34) ~[forge-1.20.1-47.3.7-universal.jar%23286!/:?]
	at net.minecraft.server.Bootstrap.handler$zgg000$doClassloadHack(Bootstrap.java:1036) ~[server-1.20.1-20230612.114412-srg.jar%23281!/:?]
	at net.minecraft.server.Bootstrap.m_135870_(Bootstrap.java:64) ~[server-1.20.1-20230612.114412-srg.jar%23281!/:?]
	at net.minecraftforge.registries.ForgeRegistries.init(ForgeRegistries.java:212) ~[forge-1.20.1-47.3.7-universal.jar%23286!/:?]
	at net.minecraftforge.registries.ForgeRegistries.<clinit>(ForgeRegistries.java:65) ~[forge-1.20.1-47.3.7-universal.jar%23286!/:?]
	at net.minecraft.world.level.block.LiquidBlock.<init>(LiquidBlock.java:53) ~[server-1.20.1-20230612.114412-srg.jar%23281!/:?]
	at net.minecraft.world.level.block.Blocks.<clinit>(Blocks.java:77) ~[server-1.20.1-20230612.114412-srg.jar%23281!/:?]
	at net.minecraft.world.level.block.FireBlock.m_53484_(FireBlock.java:301) ~[server-1.20.1-20230612.114412-srg.jar%23281!/:?]
	at net.minecraft.server.Bootstrap.m_135870_(Bootstrap.java:46) ~[server-1.20.1-20230612.114412-srg.jar%23281!/:?]
	at net.minecraft.server.Main.main(Main.java:121) ~[server-1.20.1-20230612.114412-srg.jar%23281!/:?]
	at jdk.internal.reflect.NativeMethodAccessorImpl.invoke0(Native Method) ~[?:?]
	at jdk.internal.reflect.NativeMethodAccessorImpl.invoke(NativeMethodAccessorImpl.java:77) ~[?:?]
	at jdk.internal.reflect.DelegatingMethodAccessorImpl.invoke(DelegatingMethodAccessorImpl.java:43) ~[?:?]
	at java.lang.reflect.Method.invoke(Method.java:569) ~[?:?]
	at net.minecraftforge.fml.loading.targets.CommonLaunchHandler.runTarget(CommonLaunchHandler.java:111) ~[fmlloader-1.20.1-47.3.7.jar%2369!/:?]
	at net.minecraftforge.fml.loading.targets.CommonLaunchHandler.serverService(CommonLaunchHandler.java:103) ~[fmlloader-1.20.1-47.3.7.jar%2369!/:?]
	at net.minecraftforge.fml.loading.targets.CommonServerLaunchHandler.lambda$makeService$0(CommonServerLaunchHandler.java:27) ~[fmlloader-1.20.1-47.3.7.jar%2369!/:?]
	at cpw.mods.modlauncher.LaunchServiceHandlerDecorator.launch(LaunchServiceHandlerDecorator.java:30) ~[modlauncher-10.0.9.jar%2355!/:?]
	at cpw.mods.modlauncher.LaunchServiceHandler.launch(LaunchServiceHandler.java:53) ~[modlauncher-10.0.9.jar%2355!/:?]
	at cpw.mods.modlauncher.LaunchServiceHandler.launch(LaunchServiceHandler.java:71) ~[modlauncher-10.0.9.jar%2355!/:?]
	at cpw.mods.modlauncher.Launcher.run(Launcher.java:108) ~[modlauncher-10.0.9.jar%2355!/:?]
	at cpw.mods.modlauncher.Launcher.main(Launcher.java:78) ~[modlauncher-10.0.9.jar%2355!/:?]
	at cpw.mods.modlauncher.BootstrapLaunchConsumer.accept(BootstrapLaunchConsumer.java:26) ~[modlauncher-10.0.9.jar%2355!/:?]
	at cpw.mods.modlauncher.BootstrapLaunchConsumer.accept(BootstrapLaunchConsumer.java:23) ~[modlauncher-10.0.9.jar%2355!/:?]
	at cpw.mods.bootstraplauncher.BootstrapLauncher.main(BootstrapLauncher.java:141) ~[bootstraplauncher-1.1.2.jar:?]
[13Sep2026 20:58:10.570] [main/DEBUG] [io.netty.util.internal.PlatformDependent0/]: java.nio.Bits.unaligned: available, true
[13Sep2026 20:58:10.600] [main/DEBUG] [io.netty.util.internal.PlatformDependent0/]: jdk.internal.misc.Unsafe.allocateUninitializedArray(int): unavailable
java.lang.IllegalAccessException: class io.netty.util.internal.PlatformDependent0$7 (in module io.netty.common) cannot access class jdk.internal.misc.Unsafe (in module java.base) because module java.base does not export jdk.internal.misc to module io.netty.common
	at jdk.internal.reflect.Reflection.newIllegalAccessException(Reflection.java:392) ~[?:?]
	at java.lang.reflect.AccessibleObject.checkAccess(AccessibleObject.java:674) ~[?:?]
	at java.lang.reflect.Method.invoke(Method.java:561) ~[?:?]
	at io.netty.util.internal.PlatformDependent0$7.run(PlatformDependent0.java:410) ~[netty-common-4.1.82.Final.jar%2382!/:4.1.82.Final]
	at java.security.AccessController.doPrivileged(AccessController.java:318) ~[?:?]
	at io.netty.util.internal.PlatformDependent0.<clinit>(PlatformDependent0.java:401) ~[netty-common-4.1.82.Final.jar%2382!/:4.1.82.Final]
	at io.netty.util.internal.PlatformDependent.isAndroid(PlatformDependent.java:333) ~[netty-common-4.1.82.Final.jar%2382!/:4.1.82.Final]
	at io.netty.util.internal.PlatformDependent.<clinit>(PlatformDependent.java:88) ~[netty-common-4.1.82.Final.jar%2382!/:4.1.82.Final]
	at io.netty.util.ConstantPool.<init>(ConstantPool.java:34) ~[netty-common-4.1.82.Final.jar%2382!/:4.1.82.Final]
	at io.netty.util.AttributeKey$1.<init>(AttributeKey.java:27) ~[netty-common-4.1.82.Final.jar%2382!/:4.1.82.Final]
	at io.netty.util.AttributeKey.<clinit>(AttributeKey.java:27) ~[netty-common-4.1.82.Final.jar%2382!/:4.1.82.Final]
	at net.minecraftforge.network.NetworkConstants.<clinit>(NetworkConstants.java:34) ~[forge-1.20.1-47.3.7-universal.jar%23286!/:?]
	at net.minecraft.server.Bootstrap.handler$zgg000$doClassloadHack(Bootstrap.java:1036) ~[server-1.20.1-20230612.114412-srg.jar%23281!/:?]
	at net.minecraft.server.Bootstrap.m_135870_(Bootstrap.java:64) ~[server-1.20.1-20230612.114412-srg.jar%23281!/:?]
	at net.minecraftforge.registries.ForgeRegistries.init(ForgeRegistries.java:212) ~[forge-1.20.1-47.3.7-universal.jar%23286!/:?]
	at net.minecraftforge.registries.ForgeRegistries.<clinit>(ForgeRegistries.java:65) ~[forge-1.20.1-47.3.7-universal.jar%23286!/:?]
	at net.minecraft.world.level.block.LiquidBlock.<init>(LiquidBlock.java:53) ~[server-1.20.1-20230612.114412-srg.jar%23281!/:?]
	at net.minecraft.world.level.block.Blocks.<clinit>(Blocks.java:77) ~[server-1.20.1-20230612.114412-srg.jar%23281!/:?]
	at net.minecraft.world.level.block.FireBlock.m_53484_(FireBlock.java:301) ~[server-1.20.1-20230612.114412-srg.jar%23281!/:?]
	at net.minecraft.server.Bootstrap.m_135870_(Bootstrap.java:46) ~[server-1.20.1-20230612.114412-srg.jar%23281!/:?]
	at net.minecraft.server.Main.main(Main.java:121) ~[server-1.20.1-20230612.114412-srg.jar%23281!/:?]
	at jdk.internal.reflect.NativeMethodAccessorImpl.invoke0(Native Method) ~[?:?]
	at jdk.internal.reflect.NativeMethodAccessorImpl.invoke(NativeMethodAccessorImpl.java:77) ~[?:?]
	at jdk.internal.reflect.DelegatingMethodAccessorImpl.invoke(DelegatingMethodAccessorImpl.java:43) ~[?:?]
	at java.lang.reflect.Method.invoke(Method.java:569) ~[?:?]
	at net.minecraftforge.fml.loading.targets.CommonLaunchHandler.runTarget(CommonLaunchHandler.java:111) ~[fmlloader-1.20.1-47.3.7.jar%2369!/:?]
	at net.minecraftforge.fml.loading.targets.CommonLaunchHandler.serverService(CommonLaunchHandler.java:103) ~[fmlloader-1.20.1-47.3.7.jar%2369!/:?]
	at net.minecraftforge.fml.loading.targets.CommonServerLaunchHandler.lambda$makeService$0(CommonServerLaunchHandler.java:27) ~[fmlloader-1.20.1-47.3.7.jar%2369!/:?]
	at cpw.mods.modlauncher.LaunchServiceHandlerDecorator.launch(LaunchServiceHandlerDecorator.java:30) ~[modlauncher-10.0.9.jar%2355!/:?]
	at cpw.mods.modlauncher.LaunchServiceHandler.launch(LaunchServiceHandler.java:53) ~[modlauncher-10.0.9.jar%2355!/:?]
	at cpw.mods.modlauncher.LaunchServiceHandler.launch(LaunchServiceHandler.java:71) ~[modlauncher-10.0.9.jar%2355!/:?]
	at cpw.mods.modlauncher.Launcher.run(Launcher.java:108) ~[modlauncher-10.0.9.jar%2355!/:?]
	at cpw.mods.modlauncher.Launcher.main(Launcher.java:78) ~[modlauncher-10.0.9.jar%2355!/:?]
	at cpw.mods.modlauncher.BootstrapLaunchConsumer.accept(BootstrapLaunchConsumer.java:26) ~[modlauncher-10.0.9.jar%2355!/:?]
	at cpw.mods.modlauncher.BootstrapLaunchConsumer.accept(BootstrapLaunchConsumer.java:23) ~[modlauncher-10.0.9.jar%2355!/:?]
	at cpw.mods.bootstraplauncher.BootstrapLauncher.main(BootstrapLauncher.java:141) ~[bootstraplauncher-1.1.2.jar:?]
[13Sep2026 20:58:10.605] [main/DEBUG] [io.netty.util.internal.PlatformDependent0/]: java.nio.DirectByteBuffer.<init>(long, int): unavailable
[13Sep2026 20:58:10.605] [main/DEBUG] [io.netty.util.internal.PlatformDependent/]: sun.misc.Unsafe: available
[13Sep2026 20:58:10.606] [main/DEBUG] [io.netty.util.internal.PlatformDependent/]: maxDirectMemory: 15032385536 bytes (maybe)
[13Sep2026 20:58:10.606] [main/DEBUG] [io.netty.util.internal.PlatformDependent/]: -Dio.netty.tmpdir: /tmp (java.io.tmpdir)
[13Sep2026 20:58:10.606] [main/DEBUG] [io.netty.util.internal.PlatformDependent/]: -Dio.netty.bitMode: 64 (sun.arch.data.model)
[13Sep2026 20:58:10.607] [main/DEBUG] [io.netty.util.internal.PlatformDependent/]: -Dio.netty.maxDirectMemory: -1 bytes
[13Sep2026 20:58:10.610] [main/DEBUG] [io.netty.util.internal.PlatformDependent/]: -Dio.netty.uninitializedArrayAllocationThreshold: -1
[13Sep2026 20:58:10.626] [main/DEBUG] [io.netty.util.internal.CleanerJava9/]: java.nio.ByteBuffer.cleaner(): available
[13Sep2026 20:58:10.628] [main/DEBUG] [io.netty.util.internal.PlatformDependent/]: -Dio.netty.noPreferDirect: false
[13Sep2026 20:58:10.647] [main/DEBUG] [mixin/]: Mixing SimpleChannelMixin from connectivity.mixins.json into net.minecraftforge.network.simple.SimpleChannel
[13Sep2026 20:58:10.824] [main/DEBUG] [mixin/]: Mixing networkstats.CCustomPayloadPacketNameMixin from connectivity.mixins.json into net.minecraft.network.protocol.game.ServerboundCustomPayloadPacket
[13Sep2026 20:58:10.825] [main/DEBUG] [mixin/]: Mixing accessor.CustomPayloadC2SPacketAccessor from fabric-networking-api-v1.mixins.json into net.minecraft.network.protocol.game.ServerboundCustomPayloadPacket
[13Sep2026 20:58:10.825] [main/DEBUG] [mixin/]: fabric-networking-api-v1.mixins.json:accessor.CustomPayloadC2SPacketAccessor: Class version 61 required is higher than the class version supported by the current version of Mixin (JAVA_16 supports class version 60)
[13Sep2026 20:58:10.825] [main/DEBUG] [mixin/]: Mixing v1_19_4_forge.ServerboundCustomPayloadPacketMixin from packetfixer.v1_19_4.forge.mixins.json into net.minecraft.network.protocol.game.ServerboundCustomPayloadPacket
[13Sep2026 20:58:10.831] [main/DEBUG] [mixin/]: Mixing ClientBoundCustomPayloadPacketLMixin from connectivity.mixins.json into net.minecraft.network.protocol.game.ClientboundCustomPayloadPacket
[13Sep2026 20:58:10.831] [main/DEBUG] [mixin/]: Mixing networkstats.SCustomPayloadPlayPacketNameMixin from connectivity.mixins.json into net.minecraft.network.protocol.game.ClientboundCustomPayloadPacket
[13Sep2026 20:58:10.831] [main/DEBUG] [mixin/]: Mixing v1_19_4_forge.ClientboundCustomPayloadPacketMixin from packetfixer.v1_19_4.forge.mixins.json into net.minecraft.network.protocol.game.ClientboundCustomPayloadPacket
[13Sep2026 20:58:10.833] [main/WARN] [mixin/]: @ModifyConstant conflict. Skipping connectivity.mixins.json:ClientBoundCustomPayloadPacketLMixin->@ModifyConstant::modifyLimit(I)I with priority 1, already redirected by packetfixer.v1_19_4.forge.mixins.json:v1_19_4_forge.ClientboundCustomPayloadPacketMixin->@ModifyConstant::packetfixer$newSize(I)I with priority 1000
[13Sep2026 20:58:10.834] [main/WARN] [mixin/]: @ModifyConstant conflict. Skipping connectivity.mixins.json:ClientBoundCustomPayloadPacketLMixin->@ModifyConstant::modifyLimit(I)I with priority 1, already redirected by packetfixer.v1_19_4.forge.mixins.json:v1_19_4_forge.ClientboundCustomPayloadPacketMixin->@ModifyConstant::packetfixer$newSize(I)I with priority 1000
[13Sep2026 20:58:10.836] [main/DEBUG] [mixin/]: Mixing networkstats.CCustomPayloadLoginPacketNameMixin from connectivity.mixins.json into net.minecraft.network.protocol.login.ServerboundCustomQueryPacket
[13Sep2026 20:58:10.836] [main/DEBUG] [mixin/]: Mixing accessor.LoginQueryResponseC2SPacketAccessor from fabric-networking-api-v1.mixins.json into net.minecraft.network.protocol.login.ServerboundCustomQueryPacket
[13Sep2026 20:58:10.837] [main/DEBUG] [mixin/]: fabric-networking-api-v1.mixins.json:accessor.LoginQueryResponseC2SPacketAccessor: Class version 61 required is higher than the class version supported by the current version of Mixin (JAVA_16 supports class version 60)
[13Sep2026 20:58:10.837] [main/DEBUG] [mixin/]: Mixing v1_19_4_forge.ServerboundCustomQueryPacketMixin from packetfixer.v1_19_4.forge.mixins.json into net.minecraft.network.protocol.login.ServerboundCustomQueryPacket
[13Sep2026 20:58:10.842] [main/DEBUG] [mixin/]: Mixing networkstats.SCustomPayloadLoginPacketNameMixin from connectivity.mixins.json into net.minecraft.network.protocol.login.ClientboundCustomQueryPacket
[13Sep2026 20:58:10.843] [main/DEBUG] [mixin/]: Mixing v1_19_4_forge.ClientboundCustomQueryPacketMixin from packetfixer.v1_19_4.forge.mixins.json into net.minecraft.network.protocol.login.ClientboundCustomQueryPacket
[13Sep2026 20:58:10.852] [main/DEBUG] [mixin/]: Mixing perf.fix_handshake_stall.HandshakeHandlerMixin from modernfix-modernfix.mixins.json into net.minecraftforge.network.HandshakeHandler
[13Sep2026 20:58:10.940] [main/DEBUG] [mixin/]: Mixing DyeColorMixin from rhino-common.mixins.json into net.minecraft.world.item.DyeColor
[13Sep2026 20:58:10.969] [main/DEBUG] [mixin/]: Mixing BlockEntityMixin from fabric-block-view-api-v2.mixins.json into net.minecraft.world.level.block.entity.BlockEntity
[13Sep2026 20:58:10.969] [main/DEBUG] [mixin/]: Mixing AttachmentTargetsMixin from fabric-data-attachment-api-v1.mixins.json into net.minecraft.world.level.block.entity.BlockEntity
[13Sep2026 20:58:10.972] [main/DEBUG] [mixin/]: Mixing BlockEntityMixin from fabric-data-attachment-api-v1.mixins.json into net.minecraft.world.level.block.entity.BlockEntity
[13Sep2026 20:58:10.973] [main/DEBUG] [mixin/]: Mixing BlockEntityMixin from fabric-rendering-data-attachment-v1.mixins.json into net.minecraft.world.level.block.entity.BlockEntity
[13Sep2026 20:58:10.974] [main/DEBUG] [mixin/]: Mixing block_entity.BlockEntityMixin from hugestructureblocks.mixins.json into net.minecraft.world.level.block.entity.BlockEntity
[13Sep2026 20:58:10.990] [main/DEBUG] [mixin/]: Mixing MixinFallingBlockEntity from architectury.mixins.json into net.minecraft.world.entity.item.FallingBlockEntity
[13Sep2026 20:58:10.993] [main/DEBUG] [mixin/]: Mixing PreEntityTickMixin from pehkui.mixins.json into net.minecraft.world.entity.item.FallingBlockEntity
[13Sep2026 20:58:11.051] [main/DEBUG] [mixin/]: Mixing reach.compat1204minus.compat1194plus.InventoryMixin from pehkui.mixins.json into net.minecraft.world.Container
[13Sep2026 20:58:11.053] [main/DEBUG] [mixin/]: Mixing ContainerMixin from kubejs-common.mixins.json into net.minecraft.world.Container
[13Sep2026 20:58:11.069] [main/DEBUG] [mixin/]: Mixing NamedScreenHandlerFactoryMixin from fabric-screen-handler-api-v1.mixins.json into net.minecraft.world.MenuProvider
[13Sep2026 20:58:11.070] [main/DEBUG] [mixin/]: fabric-screen-handler-api-v1.mixins.json:NamedScreenHandlerFactoryMixin: Class version 61 required is higher than the class version supported by the current version of Mixin (JAVA_16 supports class version 60)
[13Sep2026 20:58:11.074] [main/DEBUG] [mixin/]: Mixing accessor.DispenserBlockEntityAccessor from moonlight-common.mixins.json into net.minecraft.world.level.block.entity.DispenserBlockEntity
[13Sep2026 20:58:11.077] [main/DEBUG] [mixin/]: Mixing LootableContainerBlockEntityMixin from fabric-transfer-api-v1.mixins.json into net.minecraft.world.level.block.entity.RandomizableContainerBlockEntity
[13Sep2026 20:58:11.079] [main/DEBUG] [mixin/]: fabric-transfer-api-v1.mixins.json:LootableContainerBlockEntityMixin: Class version 61 required is higher than the class version supported by the current version of Mixin (JAVA_16 supports class version 60)
[13Sep2026 20:58:11.079] [main/DEBUG] [mixin/]: Mixing MixinRandomizableContainerBlockEntity from lootr.mixins.json into net.minecraft.world.level.block.entity.RandomizableContainerBlockEntity
[13Sep2026 20:58:11.199] [main/DEBUG] [mixin/]: Mixing PistonBlockEntityMixin from moonlight-common.mixins.json into net.minecraft.world.level.block.piston.PistonMovingBlockEntity
[13Sep2026 20:58:11.225] [main/DEBUG] [mixin/]: Mixing AccessorRangedAttribute from attributefix.mixins.json into net.minecraft.world.entity.ai.attributes.RangedAttribute
[13Sep2026 20:58:11.298] [main/DEBUG] [mixin/]: Mixing PreEntityTickMixin from pehkui.mixins.json into net.minecraft.world.entity.item.PrimedTnt
[13Sep2026 20:58:11.303] [main/DEBUG] [mixin/]: Mixing ChiseledBookshelfBlockEntityMixin from fabric-transfer-api-v1.mixins.json into net.minecraft.world.level.block.entity.ChiseledBookShelfBlockEntity
[13Sep2026 20:58:11.303] [main/DEBUG] [mixin/]: fabric-transfer-api-v1.mixins.json:ChiseledBookshelfBlockEntityMixin: Class version 61 required is higher than the class version supported by the current version of Mixin (JAVA_16 supports class version 60)
[13Sep2026 20:58:11.398] [main/DEBUG] [mixin/]: Mixing AbstractContainerMenuInvoker from placebo.mixins.json into net.minecraft.world.inventory.AbstractContainerMenu
[13Sep2026 20:58:11.398] [main/DEBUG] [mixin/]: Mixing compat1204minus.ScreenHandlerMixin from pehkui.mixins.json into net.minecraft.world.inventory.AbstractContainerMenu
[13Sep2026 20:58:11.400] [main/DEBUG] [mixin/]: Mixing reach.compat1204minus.ScreenHandlerMixin from pehkui.mixins.json into net.minecraft.world.inventory.AbstractContainerMenu
[13Sep2026 20:58:11.412] [main/DEBUG] [mixin/]: Mixing AbstractFurnaceBlockEntityMixin from fabric-transfer-api-v1.mixins.json into net.minecraft.world.level.block.entity.AbstractFurnaceBlockEntity
[13Sep2026 20:58:11.412] [main/DEBUG] [mixin/]: fabric-transfer-api-v1.mixins.json:AbstractFurnaceBlockEntityMixin: Class version 61 required is higher than the class version supported by the current version of Mixin (JAVA_16 supports class version 60)
[13Sep2026 20:58:11.475] [main/DEBUG] [mixin/]: Mixing PersistentProjectileEntityMixin from pehkui.mixins.json into net.minecraft.world.entity.projectile.AbstractArrow
[13Sep2026 20:58:11.476] [main/DEBUG] [mixin/]: Mixing compat116plus.PersistentProjectileEntityMixin from pehkui.mixins.json into net.minecraft.world.entity.projectile.AbstractArrow
[13Sep2026 20:58:11.476] [main/DEBUG] [mixin/]: Mixing compat1202minus.PersistentProjectileEntityMixin from pehkui.mixins.json into net.minecraft.world.entity.projectile.AbstractArrow
[13Sep2026 20:58:11.476] [main/DEBUG] [mixin/]: Mixing compat1204minus.PersistentProjectileEntityMixin from pehkui.mixins.json into net.minecraft.world.entity.projectile.AbstractArrow
[13Sep2026 20:58:11.484] [main/DEBUG] [mixin/]: Mixing compat116plus.ProjectileEntityMixin from pehkui.mixins.json into net.minecraft.world.entity.projectile.Projectile
[13Sep2026 20:58:11.491] [main/DEBUG] [mixin/]: Mixing JukeboxBlockEntityMixin from fabric-transfer-api-v1.mixins.json into net.minecraft.world.level.block.entity.JukeboxBlockEntity
[13Sep2026 20:58:11.491] [main/DEBUG] [mixin/]: fabric-transfer-api-v1.mixins.json:JukeboxBlockEntityMixin: Class version 61 required is higher than the class version supported by the current version of Mixin (JAVA_16 supports class version 60)
[13Sep2026 20:58:11.506] [main/DEBUG] [mixin/]: Mixing MobAccessor from sophisticatedbackpacks.mixins.json into net.minecraft.world.entity.Mob
[13Sep2026 20:58:11.507] [main/DEBUG] [mixin/]: Mixing MobEntityMixin from fabric-entity-events-v1.mixins.json into net.minecraft.world.entity.Mob
[13Sep2026 20:58:11.507] [main/DEBUG] [mixin/]: fabric-entity-events-v1.mixins.json:MobEntityMixin: Class version 61 required is higher than the class version supported by the current version of Mixin (JAVA_16 supports class version 60)
[13Sep2026 20:58:11.507] [main/DEBUG] [mixin/]: Mixing MobEntityMixin from pehkui.mixins.json into net.minecraft.world.entity.Mob
[13Sep2026 20:58:11.508] [main/DEBUG] [mixin/]: Mixing EntityMixin from moonlight-common.mixins.json into net.minecraft.world.entity.Mob
[13Sep2026 20:58:11.508] [main/DEBUG] [mixin/]: Mixing compat116plus.MobEntityMixin from pehkui.mixins.json into net.minecraft.world.entity.Mob
[13Sep2026 20:58:11.532] [main/DEBUG] [mixin/]: Mixing compat1201minus.EntityVehicleHeightOffsetMixin from pehkui.mixins.json into net.minecraft.world.entity.monster.Silverfish
[13Sep2026 20:58:11.594] [main/DEBUG] [net.minecraftforge.coremod.transformer.CoreModBaseTransformer/COREMOD]: Transforming net/minecraft/world/item/ItemStack
[13Sep2026 20:58:11.595] [main/DEBUG] [mixin/]: Mixing ItemStackMixin from fabric-item-api-v1.mixins.json into net.minecraft.world.item.ItemStack
[13Sep2026 20:58:11.595] [main/DEBUG] [mixin/]: fabric-item-api-v1.mixins.json:ItemStackMixin: Class version 61 required is higher than the class version supported by the current version of Mixin (JAVA_16 supports class version 60)
[13Sep2026 20:58:11.595] [main/DEBUG] [mixin/]: Mixing ItemStackMixin from placebo.mixins.json into net.minecraft.world.item.ItemStack
[13Sep2026 20:58:11.596] [main/DEBUG] [mixin/]: Renaming synthetic method lambda$getOrCreate$0(Ljava/util/function/Function;Ljava/util/function/ToIntFunction;Lnet/minecraft/resources/ResourceLocation;)Ldev/shadowsoffire/placebo/util/CachedObject; to mdbf378c$lambda$getOrCreate$0$0 in placebo.mixins.json:ItemStackMixin
[13Sep2026 20:58:11.598] [main/DEBUG] [mixin/]: Mixing ItemStackMixin from kubejs-common.mixins.json into net.minecraft.world.item.ItemStack
[13Sep2026 20:58:11.599] [main/DEBUG] [mixin/]: Mixing ItemStackMixin from fastsuite.mixins.json into net.minecraft.world.item.ItemStack
[13Sep2026 20:58:11.610] [main/DEBUG] [net.minecraftforge.coremod.transformer.CoreModBaseTransformer/COREMOD]: Transforming getEnchantmentLevel with desc (Lnet/minecraft/world/item/enchantment/Enchantment;)I
[13Sep2026 20:58:11.611] [main/INFO] [net.minecraftforge.coremod.CoreMod.placebo/COREMODLOG]: Patching IForgeItemStack#getEnchantmentLevel
[13Sep2026 20:58:11.611] [main/DEBUG] [net.minecraftforge.coremod.transformer.CoreModBaseTransformer/COREMOD]: Transforming getAllEnchantments with desc ()Ljava/util/Map;
[13Sep2026 20:58:11.611] [main/INFO] [net.minecraftforge.coremod.CoreMod.placebo/COREMODLOG]: Patching IForgeItemStack#getEnchantmentLevel
[13Sep2026 20:58:11.673] [main/DEBUG] [mixin/]: Mixing WitherEntityMixin from pehkui.mixins.json into net.minecraft.world.entity.boss.wither.WitherBoss
[13Sep2026 20:58:11.673] [main/DEBUG] [mixin/]: Mixing compat1204minus.WitherEntityMixin from pehkui.mixins.json into net.minecraft.world.entity.boss.wither.WitherBoss
[13Sep2026 20:58:11.693] [main/DEBUG] [mixin/]: Mixing compat1204minus.compat116plus.ForgingScreenHandlerMixin from pehkui.mixins.json into net.minecraft.world.inventory.ItemCombinerMenu
[13Sep2026 20:58:11.693] [main/DEBUG] [mixin/]: Mixing reach.compat1204minus.compat116plus.ForgingScreenHandlerMixin from pehkui.mixins.json into net.minecraft.world.inventory.ItemCombinerMenu
[13Sep2026 20:58:11.856] [main/DEBUG] [mixin/]: Mixing compat116plus.AnimalEntityMixin from pehkui.mixins.json into net.minecraft.world.entity.animal.Animal
[13Sep2026 20:58:11.857] [main/DEBUG] [mixin/]: Mixing compat1201minus.EntityVehicleHeightOffsetMixin from pehkui.mixins.json into net.minecraft.world.entity.animal.Animal
[13Sep2026 20:58:11.873] [main/DEBUG] [mixin/]: Mixing compat1201minus.compat120plus.SnifferEntityMixin from pehkui.mixins.json into net.minecraft.world.entity.animal.sniffer.Sniffer
[13Sep2026 20:58:11.976] [main/DEBUG] [mixin/]: Mixing GrindstoneMenuMixin from moonlight-common.mixins.json into net.minecraft.world.inventory.GrindstoneMenu
[13Sep2026 20:58:12.017] [main/DEBUG] [mixin/]: Mixing structure.StructureBlockUnlimit from hugestructureblocks.mixins.json into net.minecraft.world.level.block.entity.StructureBlockEntity
[13Sep2026 20:58:12.018] [main/DEBUG] [mixin/]: Renaming synthetic method lambda$streamCornerPos$3(Lnet/minecraft/core/BlockPos;Lnet/minecraft/core/BlockPos;)D to mdbf378c$lambda$streamCornerPos$3$0 in hugestructureblocks.mixins.json:structure.StructureBlockUnlimit
[13Sep2026 20:58:12.018] [main/DEBUG] [mixin/]: Renaming synthetic method lambda$streamCornerPos$2(Ljava/lang/String;Lnet/minecraft/world/level/block/entity/BlockEntity;)Z to mdbf378c$lambda$streamCornerPos$2$1 in hugestructureblocks.mixins.json:structure.StructureBlockUnlimit
[13Sep2026 20:58:12.018] [main/DEBUG] [mixin/]: Renaming synthetic method lambda$streamCornerPos$1(Lnet/minecraft/core/BlockPos;Lnet/minecraft/core/BlockPos;)Z to mdbf378c$lambda$streamCornerPos$1$2 in hugestructureblocks.mixins.json:structure.StructureBlockUnlimit
[13Sep2026 20:58:12.018] [main/DEBUG] [mixin/]: Renaming synthetic method lambda$streamCornerPos$0(Lnet/minecraft/core/BlockPos;Lnet/minecraft/core/BlockPos;)Z to mdbf378c$lambda$streamCornerPos$0$3 in hugestructureblocks.mixins.json:structure.StructureBlockUnlimit
[13Sep2026 20:58:12.102] [main/DEBUG] [mixin/]: Mixing MixinLightningBolt from architectury-common.mixins.json into net.minecraft.world.entity.LightningBolt
[13Sep2026 20:58:12.103] [main/DEBUG] [mixin/]: Mixing LightningEntityMixin from moonlight-common.mixins.json into net.minecraft.world.entity.LightningBolt
[13Sep2026 20:58:12.139] [main/DEBUG] [net.minecraftforge.coremod.transformer.CoreModBaseTransformer/COREMOD]: Transforming net/minecraft/world/entity/animal/frog/Tadpole
[13Sep2026 20:58:12.159] [main/DEBUG] [mixin/]: Mixing TadpoleEntityMixin from fabric-entity-events-v1.mixins.json into net.minecraft.world.entity.animal.frog.Tadpole
[13Sep2026 20:58:12.162] [main/DEBUG] [mixin/]: fabric-entity-events-v1.mixins.json:TadpoleEntityMixin: Class version 61 required is higher than the class version supported by the current version of Mixin (JAVA_16 supports class version 60)
[13Sep2026 20:58:12.180] [main/DEBUG] [mixin/]: Mixing BlockItemMixin from moonlight-common.mixins.json into net.minecraft.world.item.BlockItem
[13Sep2026 20:58:12.197] [main/DEBUG] [mixin/]: Mixing tools.ArmorItemMixin from kubejs-common.mixins.json into net.minecraft.world.item.ArmorItem
[13Sep2026 20:58:12.203] [main/DEBUG] [mixin/]: Mixing SwordItemMixin from dummmmmmy-common.mixins.json into net.minecraft.world.item.SwordItem
[13Sep2026 20:58:12.208] [main/DEBUG] [mixin/]: Mixing tools.SwordItemMixin from kubejs-common.mixins.json into net.minecraft.world.item.SwordItem
[13Sep2026 20:58:12.209] [main/DEBUG] [mixin/]: Mixing SwordItemMixin from fabric-mining-level-api-v1.mixins.json into net.minecraft.world.item.SwordItem
[13Sep2026 20:58:12.209] [main/DEBUG] [mixin/]: fabric-mining-level-api-v1.mixins.json:SwordItemMixin: Class version 61 required is higher than the class version supported by the current version of Mixin (JAVA_16 supports class version 60)
[13Sep2026 20:58:12.215] [main/DEBUG] [mixin/]: Mixing ShovelItemAccessor from fabric-content-registries-v0.mixins.json into net.minecraft.world.item.ShovelItem
[13Sep2026 20:58:12.215] [main/DEBUG] [mixin/]: fabric-content-registries-v0.mixins.json:ShovelItemAccessor: Class version 61 required is higher than the class version supported by the current version of Mixin (JAVA_16 supports class version 60)
[13Sep2026 20:58:12.215] [main/DEBUG] [mixin/]: Renaming @Accessor method getPathStates()Ljava/util/Map; to getPathStates_$md$bf378c$0 in fabric-content-registries-v0.mixins.json:ShovelItemAccessor
[13Sep2026 20:58:12.217] [main/DEBUG] [mixin/]: Mixing ToolItemMixin from dummmmmmy-common.mixins.json into net.minecraft.world.item.DiggerItem
[13Sep2026 20:58:12.217] [main/DEBUG] [mixin/]: Mixing tools.DiggerItemMixin from kubejs-common.mixins.json into net.minecraft.world.item.DiggerItem
[13Sep2026 20:58:12.217] [main/DEBUG] [mixin/]: Mixing MiningToolItemMixin from fabric-mining-level-api-v1.mixins.json into net.minecraft.world.item.DiggerItem
[13Sep2026 20:58:12.217] [main/DEBUG] [mixin/]: fabric-mining-level-api-v1.mixins.json:MiningToolItemMixin: Class version 61 required is higher than the class version supported by the current version of Mixin (JAVA_16 supports class version 60)
[13Sep2026 20:58:12.224] [main/DEBUG] [mixin/]: Mixing AxeItemAccessor from fabric-content-registries-v0.mixins.json into net.minecraft.world.item.AxeItem
[13Sep2026 20:58:12.225] [main/DEBUG] [mixin/]: fabric-content-registries-v0.mixins.json:AxeItemAccessor: Class version 61 required is higher than the class version supported by the current version of Mixin (JAVA_16 supports class version 60)
[13Sep2026 20:58:12.225] [main/DEBUG] [mixin/]: Renaming @Accessor method getStrippedBlocks()Ljava/util/Map; to getStrippedBlocks_$md$bf378c$0 in fabric-content-registries-v0.mixins.json:AxeItemAccessor
[13Sep2026 20:58:12.225] [main/DEBUG] [mixin/]: Renaming @Accessor method setStrippedBlocks(Ljava/util/Map;)V to setStrippedBlocks_$md$bf378c$1 in fabric-content-registries-v0.mixins.json:AxeItemAccessor
[13Sep2026 20:58:12.235] [main/DEBUG] [net.minecraftforge.coremod.transformer.CoreModBaseTransformer/COREMOD]: Transforming net/minecraft/world/item/BucketItem
[13Sep2026 20:58:12.236] [main/DEBUG] [mixin/]: Mixing inject.MixinBucketItem from architectury-common.mixins.json into net.minecraft.world.item.BucketItem
[13Sep2026 20:58:12.236] [main/DEBUG] [mixin/]: Mixing BucketItemMixin from fabric-transfer-api-v1.mixins.json into net.minecraft.world.item.BucketItem
[13Sep2026 20:58:12.236] [main/DEBUG] [mixin/]: fabric-transfer-api-v1.mixins.json:BucketItemMixin: Class version 61 required is higher than the class version supported by the current version of Mixin (JAVA_16 supports class version 60)
[13Sep2026 20:58:12.249] [main/DEBUG] [mixin/]: Mixing MapItemMixin from moonlight-common.mixins.json into net.minecraft.world.item.MapItem
[13Sep2026 20:58:12.251] [main/DEBUG] [mixin/]: Renaming synthetic method lambda$update$1(Lnet/minecraft/world/level/saveddata/maps/MapItemSavedData;Lnet/minecraft/world/entity/Entity;Ljava/util/concurrent/atomic/AtomicBoolean;Lnet/minecraft/resources/ResourceLocation;Lnet/mehvahdjukaar/moonlight/api/map/CustomMapData;)V to mdbf378c$lambda$update$1$0 in moonlight-common.mixins.json:MapItemMixin
[13Sep2026 20:58:12.252] [main/DEBUG] [mixin/]: Renaming synthetic method lambda$appendHoverText$0(Lnet/minecraft/world/level/saveddata/maps/MapItemSavedData;Lnet/minecraft/world/item/ItemStack;Ljava/util/List;Lnet/minecraft/resources/ResourceLocation;Lnet/mehvahdjukaar/moonlight/api/map/CustomMapData;)V to mdbf378c$lambda$appendHoverText$0$1 in moonlight-common.mixins.json:MapItemMixin
[13Sep2026 20:58:12.257] [main/DEBUG] [mixin/]: Mixing MixinShearsItem from curios.mixins.json into net.minecraft.world.item.ShearsItem
[13Sep2026 20:58:12.257] [main/DEBUG] [mixin/]: Mixing ShearsItemMixin from fabric-mining-level-api-v1.mixins.json into net.minecraft.world.item.ShearsItem
[13Sep2026 20:58:12.258] [main/DEBUG] [mixin/]: fabric-mining-level-api-v1.mixins.json:ShearsItemMixin: Class version 61 required is higher than the class version supported by the current version of Mixin (JAVA_16 supports class version 60)
[13Sep2026 20:58:12.258] [main/DEBUG] [mixin/]: Mixing ShearItemMixin from moonlight-common.mixins.json into net.minecraft.world.item.ShearsItem
[13Sep2026 20:58:12.270] [main/DEBUG] [mixin/]: Mixing compat116plus.SpawnEggItemMixin from pehkui.mixins.json into net.minecraft.world.item.SpawnEggItem
[13Sep2026 20:58:12.270] [main/DEBUG] [mixin/]: Renaming synthetic method lambda$pehkui$spawnBaby$0(Lnet/minecraft/world/entity/Mob;Lnet/minecraft/world/entity/Mob;)V to mdbf378c$lambda$pehkui$spawnBaby$0$0 in pehkui.mixins.json:compat116plus.SpawnEggItemMixin
[13Sep2026 20:58:12.278] [main/DEBUG] [mixin/]: Mixing ArmorStandFIxMixin from dummmmmmy-common.mixins.json into net.minecraft.world.item.ArmorStandItem
[13Sep2026 20:58:12.291] [main/DEBUG] [mixin/]: Mixing tools.TridentItemMixin from kubejs-common.mixins.json into net.minecraft.world.item.TridentItem
[13Sep2026 20:58:12.293] [main/DEBUG] [mixin/]: Mixing compat1204minus.CrossbowItemMixin from pehkui.mixins.json into net.minecraft.world.item.CrossbowItem
[13Sep2026 20:58:12.301] [main/DEBUG] [mixin/]: Mixing HoneycombItemMixin from fabric-content-registries-v0.mixins.json into net.minecraft.world.item.HoneycombItem
[13Sep2026 20:58:12.301] [main/DEBUG] [mixin/]: fabric-content-registries-v0.mixins.json:HoneycombItemMixin: Class version 61 required is higher than the class version supported by the current version of Mixin (JAVA_16 supports class version 60)
[13Sep2026 20:58:12.304] [main/DEBUG] [mixin/]: Mixing compat1202minus.compat120plus.BrushItemMixin from pehkui.mixins.json into net.minecraft.world.item.BrushItem
[13Sep2026 20:58:12.322] [main/DEBUG] [mixin/]: Mixing inject.MixinItemProperties from architectury-common.mixins.json into net.minecraft.world.item.Item$Properties
[13Sep2026 20:58:12.382] [main/DEBUG] [mixin/]: Mixing PreEntityTickMixin from pehkui.mixins.json into net.minecraft.world.entity.vehicle.AbstractMinecart
[13Sep2026 20:58:12.391] [main/DEBUG] [mixin/]: Mixing MixinAllay from sophisticatedcore.mixins.json into net.minecraft.world.entity.animal.allay.Allay
[13Sep2026 20:58:12.441] [main/DEBUG] [mixin/]: Mixing AbstractDecorationEntityMixin from pehkui.mixins.json into net.minecraft.world.entity.decoration.HangingEntity
[13Sep2026 20:58:12.442] [main/DEBUG] [mixin/]: Mixing PreEntityTickMixin from pehkui.mixins.json into net.minecraft.world.entity.decoration.HangingEntity
[13Sep2026 20:58:12.454] [main/DEBUG] [mixin/]: Mixing perf.dynamic_dfu.EntityTypeBuilderMixin from modernfix-modernfix.mixins.json into net.minecraft.world.entity.EntityType$Builder
[13Sep2026 20:58:12.462] [main/DEBUG] [mixin/]: Mixing AreaEffectCloudEntityMixin from pehkui.mixins.json into net.minecraft.world.entity.AreaEffectCloud
[13Sep2026 20:58:12.467] [main/DEBUG] [mixin/]: Mixing ArmorStandEntityMixin from pehkui.mixins.json into net.minecraft.world.entity.decoration.ArmorStand
[13Sep2026 20:58:12.468] [main/DEBUG] [mixin/]: Mixing compat1201minus.EntityVehicleHeightOffsetMixin from pehkui.mixins.json into net.minecraft.world.entity.decoration.ArmorStand
[13Sep2026 20:58:12.469] [main/DEBUG] [mixin/]: Mixing compat1204minus.ArmorStandEntityMixin from pehkui.mixins.json into net.minecraft.world.entity.decoration.ArmorStand
[13Sep2026 20:58:12.469] [main/DEBUG] [mixin/]: Mixing ArmorStandMixin from ftbchunks-common.mixins.json into net.minecraft.world.entity.decoration.ArmorStand
[13Sep2026 20:58:12.483] [main/DEBUG] [mixin/]: Mixing compat1201minus.compat117plus.AxolotlEntityMixin from pehkui.mixins.json into net.minecraft.world.entity.animal.axolotl.Axolotl
[13Sep2026 20:58:12.494] [main/DEBUG] [mixin/]: Mixing ExperienceOrbAccess from clumps.mixins.json into net.minecraft.world.entity.ExperienceOrb
[13Sep2026 20:58:12.494] [main/DEBUG] [mixin/]: Mixing MixinExperienceOrb from clumps.mixins.json into net.minecraft.world.entity.ExperienceOrb
[13Sep2026 20:58:12.495] [main/DEBUG] [mixin/]: Renaming synthetic method lambda$clumps$resolve$7(Ljava/util/Map$Entry;)Ljava/lang/Integer; to mdbf378c$lambda$clumps$resolve$7$0 in clumps.mixins.json:MixinExperienceOrb
[13Sep2026 20:58:12.495] [main/DEBUG] [mixin/]: Renaming synthetic method lambda$addAdditionalSaveData$6(Lnet/minecraft/nbt/CompoundTag;Ljava/lang/Integer;Ljava/lang/Integer;)V to mdbf378c$lambda$addAdditionalSaveData$6$1 in clumps.mixins.json:MixinExperienceOrb
[13Sep2026 20:58:12.496] [main/DEBUG] [mixin/]: Renaming synthetic method lambda$tryMergeToExisting$5(Ljava/util/Map;)Ljava/util/stream/Stream; to mdbf378c$lambda$tryMergeToExisting$5$2 in clumps.mixins.json:MixinExperienceOrb
[13Sep2026 20:58:12.496] [main/DEBUG] [mixin/]: Renaming synthetic method lambda$tryMergeToExisting$4(IILnet/minecraft/world/entity/ExperienceOrb;)Z to mdbf378c$lambda$tryMergeToExisting$4$3 in clumps.mixins.json:MixinExperienceOrb
[13Sep2026 20:58:12.496] [main/DEBUG] [mixin/]: Renaming synthetic method lambda$merge$3(Ljava/util/Map;)Ljava/util/stream/Stream; to mdbf378c$lambda$merge$3$4 in clumps.mixins.json:MixinExperienceOrb
[13Sep2026 20:58:12.496] [main/DEBUG] [mixin/]: Renaming synthetic method lambda$clumps$repairPlayerItems$2(ILnet/minecraft/world/entity/player/Player;Lnet/minecraft/world/item/ItemStack;)Ljava/lang/Integer; to mdbf378c$lambda$clumps$repairPlayerItems$2$5 in clumps.mixins.json:MixinExperienceOrb
[13Sep2026 20:58:12.496] [main/DEBUG] [mixin/]: Renaming synthetic method lambda$clumps$repairPlayerItems$1(Lnet/minecraft/world/item/ItemStack;Ljava/lang/Integer;)Ljava/lang/Float; to mdbf378c$lambda$clumps$repairPlayerItems$1$6 in clumps.mixins.json:MixinExperienceOrb
[13Sep2026 20:58:12.497] [main/DEBUG] [mixin/]: Renaming synthetic method lambda$playerTouch$0(Lnet/minecraft/world/entity/player/Player;Ljava/util/concurrent/atomic/AtomicInteger;Ljava/lang/Integer;Ljava/lang/Integer;)V to mdbf378c$lambda$playerTouch$0$7 in clumps.mixins.json:MixinExperienceOrb
[13Sep2026 20:58:12.524] [main/DEBUG] [mixin/]: Mixing perf.ticking_chunk_alloc.BatMixin from modernfix-modernfix.mixins.json into net.minecraft.world.entity.ambient.Bat
[13Sep2026 20:58:12.542] [main/DEBUG] [mixin/]: Mixing BeeGoalMixin from moonlight-common.mixins.json into net.minecraft.world.entity.animal.Bee$BeeGrowCropGoal
[13Sep2026 20:58:12.550] [main/DEBUG] [mixin/]: Mixing TrackTargetGoalMixin from pehkui.mixins.json into net.minecraft.world.entity.ai.goal.target.TargetGoal
[13Sep2026 20:58:12.556] [main/DEBUG] [mixin/]: Mixing BlazeEntityShootFireballGoalMixin from pehkui.mixins.json into net.minecraft.world.entity.monster.Blaze$BlazeAttackGoal
[13Sep2026 20:58:12.566] [main/DEBUG] [mixin/]: Mixing BoatEntityMixin from pehkui.mixins.json into net.minecraft.world.entity.vehicle.Boat
[13Sep2026 20:58:12.567] [main/DEBUG] [mixin/]: Mixing compat1201minus.EntityMountedHeightOffsetMixin from pehkui.mixins.json into net.minecraft.world.entity.vehicle.Boat
[13Sep2026 20:58:12.568] [main/DEBUG] [mixin/]: Mixing compat1201minus.compat120plus.BoatEntityMixin from pehkui.mixins.json into net.minecraft.world.entity.vehicle.Boat
[13Sep2026 20:58:12.568] [main/DEBUG] [mixin/]: Mixing compat1204minus.BoatEntityMixin from pehkui.mixins.json into net.minecraft.world.entity.vehicle.Boat
[13Sep2026 20:58:12.578] [main/DEBUG] [mixin/]: Mixing compat1201minus.compat1193plus.CamelEntityMixin from pehkui.mixins.json into net.minecraft.world.entity.animal.camel.Camel
[13Sep2026 20:58:12.579] [main/DEBUG] [mixin/]: Mixing compat1201minus.compat120plus.CamelEntityMixin from pehkui.mixins.json into net.minecraft.world.entity.animal.camel.Camel
[13Sep2026 20:58:12.579] [main/DEBUG] [mixin/]: Mixing compat1204minus.compat1193plus.CamelEntityMixin from pehkui.mixins.json into net.minecraft.world.entity.animal.camel.Camel
[13Sep2026 20:58:12.588] [main/DEBUG] [mixin/]: Mixing compat1201minus.compat120plus.AbstractHorseEntityMixin from pehkui.mixins.json into net.minecraft.world.entity.animal.horse.AbstractHorse
[13Sep2026 20:58:12.614] [main/DEBUG] [mixin/]: Mixing MixinCatSitOnBlockGoal from lootr.mixins.json into net.minecraft.world.entity.ai.goal.CatSitOnBlockGoal
[13Sep2026 20:58:12.623] [main/DEBUG] [net.minecraftforge.coremod.transformer.CoreModBaseTransformer/COREMOD]: Transforming net/minecraft/world/entity/monster/Spider
[13Sep2026 20:58:12.635] [main/DEBUG] [mixin/]: Mixing compat1201minus.EntityVehicleHeightOffsetMixin from pehkui.mixins.json into net.minecraft.world.entity.monster.AbstractSkeleton
[13Sep2026 20:58:12.642] [main/DEBUG] [mixin/]: Mixing compat119plus.ChestBoatEntityMixin from pehkui.mixins.json into net.minecraft.world.entity.vehicle.ChestBoat
[13Sep2026 20:58:12.643] [main/DEBUG] [mixin/]: Mixing reach.compat1204minus.compat119plus.ChestBoatEntityMixin from pehkui.mixins.json into net.minecraft.world.entity.vehicle.ChestBoat
[13Sep2026 20:58:12.649] [main/DEBUG] [mixin/]: Mixing reach.compat1204minus.compat119plus.StorageMinecartEntityMixin from pehkui.mixins.json into net.minecraft.world.entity.vehicle.AbstractMinecartContainer
[13Sep2026 20:58:12.660] [main/DEBUG] [mixin/]: Mixing compat1201minus.compat120plus.ChickenEntityMixin from pehkui.mixins.json into net.minecraft.world.entity.animal.Chicken
[13Sep2026 20:58:12.681] [main/DEBUG] [mixin/]: Mixing compat1201minus.AbstractDonkeyEntityMixin from pehkui.mixins.json into net.minecraft.world.entity.animal.horse.AbstractChestedHorse
[13Sep2026 20:58:12.685] [main/DEBUG] [mixin/]: Mixing compat116plus.DragonFireballEntityMixin from pehkui.mixins.json into net.minecraft.world.entity.projectile.DragonFireball
[13Sep2026 20:58:12.687] [main/DEBUG] [mixin/]: Mixing ExplosiveProjectileEntityMixin from pehkui.mixins.json into net.minecraft.world.entity.projectile.AbstractHurtingProjectile
[13Sep2026 20:58:12.693] [main/DEBUG] [net.minecraftforge.coremod.transformer.CoreModBaseTransformer/COREMOD]: Transforming net/minecraft/world/entity/monster/Zombie
[13Sep2026 20:58:12.719] [main/DEBUG] [mixin/]: Mixing compat1201minus.EntityVehicleHeightOffsetMixin from pehkui.mixins.json into net.minecraft.world.entity.monster.Zombie
[13Sep2026 20:58:12.726] [main/DEBUG] [net.minecraftforge.coremod.transformer.CoreModBaseTransformer/COREMOD]: Transforming net/minecraft/world/entity/monster/ZombieVillager
[13Sep2026 20:58:12.760] [main/DEBUG] [mixin/]: Mixing compat116plus.EggEntityMixin from pehkui.mixins.json into net.minecraft.world.entity.projectile.ThrownEgg
[13Sep2026 20:58:12.763] [main/DEBUG] [mixin/]: Mixing ThrownEntityMixin from pehkui.mixins.json into net.minecraft.world.entity.projectile.ThrowableProjectile
[13Sep2026 20:58:12.764] [main/DEBUG] [mixin/]: Mixing compat1204minus.ThrownEntityMixin from pehkui.mixins.json into net.minecraft.world.entity.projectile.ThrowableProjectile
[13Sep2026 20:58:12.775] [main/DEBUG] [mixin/]: Mixing PreEntityTickMixin from pehkui.mixins.json into net.minecraft.world.entity.boss.enderdragon.EndCrystal
[13Sep2026 20:58:12.776] [main/DEBUG] [mixin/]: Mixing compat1202minus.compat1193plus.EndCrystalEntityMixin from pehkui.mixins.json into net.minecraft.world.entity.boss.enderdragon.EndCrystal
[13Sep2026 20:58:12.781] [main/DEBUG] [mixin/]: Mixing EnderDragonEntityMixin from pehkui.mixins.json into net.minecraft.world.entity.boss.enderdragon.EnderDragon
[13Sep2026 20:58:12.788] [main/DEBUG] [mixin/]: Mixing compat116plus.EnderPearlEntityMixin from pehkui.mixins.json into net.minecraft.world.entity.projectile.ThrownEnderpearl
[13Sep2026 20:58:12.793] [main/DEBUG] [mixin/]: Mixing compat1201minus.EntityVehicleHeightOffsetMixin from pehkui.mixins.json into net.minecraft.world.entity.monster.Endermite
[13Sep2026 20:58:12.804] [main/DEBUG] [mixin/]: Mixing compat1201minus.EntityVehicleHeightOffsetMixin from pehkui.mixins.json into net.minecraft.world.entity.monster.PatrollingMonster
[13Sep2026 20:58:12.816] [main/DEBUG] [net.minecraftforge.coremod.transformer.CoreModBaseTransformer/COREMOD]: Transforming net/minecraft/world/entity/monster/Evoker$EvokerSummonSpellGoal
[13Sep2026 20:58:12.821] [main/DEBUG] [mixin/]: Mixing compat116plus.SummonVexGoalMixin from pehkui.mixins.json into net.minecraft.world.entity.monster.Evoker$EvokerSummonSpellGoal
[13Sep2026 20:58:12.826] [main/DEBUG] [mixin/]: Mixing EvokerFangsEntityMixin from pehkui.mixins.json into net.minecraft.world.entity.projectile.EvokerFangs
[13Sep2026 20:58:12.838] [main/DEBUG] [mixin/]: Mixing FixBlockPlaceContextMixin from moonlight-common.mixins.json into net.minecraft.world.item.context.BlockPlaceContext
[13Sep2026 20:58:12.843] [main/DEBUG] [mixin/]: Mixing FireworkRocketEntityMixin from kubejs-common.mixins.json into net.minecraft.world.entity.projectile.FireworkRocketEntity
[13Sep2026 20:58:12.851] [main/DEBUG] [mixin/]: Mixing compat116plus.FoxEntityMateGoalMixin from pehkui.mixins.json into net.minecraft.world.entity.animal.Fox$FoxBreedGoal
[13Sep2026 20:58:12.869] [main/DEBUG] [mixin/]: Mixing GhastEntityShootFireballGoalMixin from pehkui.mixins.json into net.minecraft.world.entity.monster.Ghast$GhastShootFireballGoal
[13Sep2026 20:58:12.874] [main/DEBUG] [mixin/]: Mixing ItemFrameEntityMixin from kubejs-common.mixins.json into net.minecraft.world.entity.decoration.ItemFrame
[13Sep2026 20:58:12.875] [main/DEBUG] [mixin/]: Mixing ItemFrameEntityMixin from pehkui.mixins.json into net.minecraft.world.entity.decoration.ItemFrame
[13Sep2026 20:58:12.890] [main/DEBUG] [mixin/]: Mixing compat1201minus.compat116plus.HoglinEntityMixin from pehkui.mixins.json into net.minecraft.world.entity.monster.hoglin.Hoglin
[13Sep2026 20:58:12.894] [main/DEBUG] [mixin/]: Mixing compat1201minus.compat116plus.ZoglinEntityMixin from pehkui.mixins.json into net.minecraft.world.entity.monster.Zoglin
[13Sep2026 20:58:12.917] [main/DEBUG] [mixin/]: Mixing compat1193plus.FireballEntityMixin from pehkui.mixins.json into net.minecraft.world.entity.projectile.LargeFireball
[13Sep2026 20:58:12.923] [main/DEBUG] [mixin/]: Mixing compat1201minus.compat120plus.LlamaEntityMixin from pehkui.mixins.json into net.minecraft.world.entity.animal.horse.Llama
[13Sep2026 20:58:12.929] [main/DEBUG] [mixin/]: Mixing LlamaSpitEntityMixin from pehkui.mixins.json into net.minecraft.world.entity.projectile.LlamaSpit
[13Sep2026 20:58:12.935] [main/DEBUG] [mixin/]: Mixing compat117plus.SlimeEntityMixin from pehkui.mixins.json into net.minecraft.world.entity.monster.Slime
[13Sep2026 20:58:12.936] [main/DEBUG] [mixin/]: Mixing compat1204minus.compat117plus.SlimeEntityMixin from pehkui.mixins.json into net.minecraft.world.entity.monster.Slime
[13Sep2026 20:58:12.973] [main/DEBUG] [mixin/]: Mixing compat116plus.PigEntityMixin from pehkui.mixins.json into net.minecraft.world.entity.animal.Pig
[13Sep2026 20:58:12.999] [main/DEBUG] [mixin/]: Mixing PotionEntityMixin from pehkui.mixins.json into net.minecraft.world.entity.projectile.ThrownPotion
[13Sep2026 20:58:13.000] [main/DEBUG] [mixin/]: Mixing compat1204minus.PotionEntityMixin from pehkui.mixins.json into net.minecraft.world.entity.projectile.ThrownPotion
[13Sep2026 20:58:13.001] [main/DEBUG] [mixin/]: Mixing ThrownPotionMixin from moonlight-common.mixins.json into net.minecraft.world.entity.projectile.ThrownPotion
[13Sep2026 20:58:13.020] [main/DEBUG] [mixin/]: Mixing compat1201minus.EntityMountedHeightOffsetMixin from pehkui.mixins.json into net.minecraft.world.entity.monster.Ravager
[13Sep2026 20:58:13.030] [main/DEBUG] [mixin/]: Mixing CraftingContainerMixin from kubejs-common.mixins.json into net.minecraft.world.inventory.CraftingContainer
[13Sep2026 20:58:13.034] [main/DEBUG] [mixin/]: Mixing compat117plus.ShulkerEntityMixin from pehkui.mixins.json into net.minecraft.world.entity.monster.Shulker
[13Sep2026 20:58:13.035] [main/DEBUG] [mixin/]: Mixing compat1204minus.ShulkerEntityMixin from pehkui.mixins.json into net.minecraft.world.entity.monster.Shulker
[13Sep2026 20:58:13.049] [main/DEBUG] [mixin/]: Mixing compat1201minus.SkeletonHorseEntityMixin from pehkui.mixins.json into net.minecraft.world.entity.animal.horse.SkeletonHorse
[13Sep2026 20:58:13.052] [main/DEBUG] [net.minecraftforge.coremod.transformer.CoreModBaseTransformer/COREMOD]: Transforming net/minecraft/world/entity/animal/horse/SkeletonTrapGoal
[13Sep2026 20:58:13.076] [main/DEBUG] [net.minecraftforge.coremod.transformer.CoreModBaseTransformer/COREMOD]: Transforming net/minecraft/world/entity/monster/Strider
[13Sep2026 20:58:13.132] [main/DEBUG] [mixin/]: Mixing MixinServerPlayer from xaeroworldmap.mixins.json into net.minecraft.server.level.ServerPlayer
[13Sep2026 20:58:13.134] [main/DEBUG] [mixin/]: Mixing ServerPlayerEntityMixin from fabric-entity-events-v1.mixins.json into net.minecraft.server.level.ServerPlayer
[13Sep2026 20:58:13.134] [main/DEBUG] [mixin/]: fabric-entity-events-v1.mixins.json:ServerPlayerEntityMixin: Class version 61 required is higher than the class version supported by the current version of Mixin (JAVA_16 supports class version 60)
[13Sep2026 20:58:13.136] [main/DEBUG] [mixin/]: Mixing ServerPlayerMixin from nerb-common.mixins.json into net.minecraft.server.level.ServerPlayer
[13Sep2026 20:58:13.137] [main/DEBUG] [mixin/]: Mixing ServerPlayerMixin from kubejs-common.mixins.json into net.minecraft.server.level.ServerPlayer
[13Sep2026 20:58:13.137] [main/DEBUG] [mixin/]: Mixing MixinServerPlayer from xaerolib.mixins.json into net.minecraft.server.level.ServerPlayer
[13Sep2026 20:58:13.138] [main/DEBUG] [mixin/]: Mixing ServerPlayerEntityMixin from pehkui.mixins.json into net.minecraft.server.level.ServerPlayer
[13Sep2026 20:58:13.139] [main/DEBUG] [mixin/]: Mixing ServerPlayerEntityMixin from fabric-screen-handler-api-v1.mixins.json into net.minecraft.server.level.ServerPlayer
[13Sep2026 20:58:13.139] [main/DEBUG] [mixin/]: fabric-screen-handler-api-v1.mixins.json:ServerPlayerEntityMixin: Class version 61 required is higher than the class version supported by the current version of Mixin (JAVA_16 supports class version 60)
[13Sep2026 20:58:13.141] [main/DEBUG] [mixin/]: Mixing ServerPlayerMixin from jujutsucraftutility.mixins.json into net.minecraft.server.level.ServerPlayer
[13Sep2026 20:58:13.142] [main/DEBUG] [mixin/]: Mixing CantUseSpamSuppressMixin from jujutsuslop.mixins.json into net.minecraft.server.level.ServerPlayer
[13Sep2026 20:58:13.143] [main/DEBUG] [mixin/]: Mixing ServerPlayerMixin from moonlight-common.mixins.json into net.minecraft.server.level.ServerPlayer
[13Sep2026 20:58:13.143] [main/DEBUG] [mixin/]: Mixing MixinServerPlayer from xaerohud.mixins.json into net.minecraft.server.level.ServerPlayer
[13Sep2026 20:58:13.199] [main/DEBUG] [mixin/]: Mixing perf.ticking_chunk_alloc.ChunkAccessMixin from modernfix-modernfix.mixins.json into net.minecraft.world.level.chunk.ChunkAccess
[13Sep2026 20:58:13.200] [main/DEBUG] [mixin/]: Mixing perf.compact_imposterprotochunks.ChunkAccessMixin from modernfix-modernfix.mixins.json into net.minecraft.world.level.chunk.ChunkAccess
[13Sep2026 20:58:13.200] [main/DEBUG] [mixin/]: Mixing AttachmentTargetsMixin from fabric-data-attachment-api-v1.mixins.json into net.minecraft.world.level.chunk.ChunkAccess
[13Sep2026 20:58:13.201] [main/DEBUG] [mixin/]: Mixing ChunkAccessMixin from smoothchunk.mixins.json into net.minecraft.world.level.chunk.ChunkAccess
[13Sep2026 20:58:13.209] [main/DEBUG] [mixin/]: Mixing ChunkSectionReadSkipMixin from connectivity.mixins.json into net.minecraft.world.level.chunk.LevelChunk
[13Sep2026 20:58:13.210] [main/DEBUG] [mixin/]: Mixing WorldChunkMixin from fabric-data-attachment-api-v1.mixins.json into net.minecraft.world.level.chunk.LevelChunk
[13Sep2026 20:58:13.210] [main/DEBUG] [mixin/]: Mixing server.WorldChunkMixin from fabric-lifecycle-events-v1.mixins.json into net.minecraft.world.level.chunk.LevelChunk
[13Sep2026 20:58:13.211] [main/DEBUG] [mixin/]: Mixing LevelChunkMixin from moonlight-common.mixins.json into net.minecraft.world.level.chunk.LevelChunk
[13Sep2026 20:58:13.211] [main/DEBUG] [mixin/]: Mixing MixinLevelChunk from lootr.mixins.json into net.minecraft.world.level.chunk.LevelChunk
[13Sep2026 20:58:13.243] [main/DEBUG] [net.minecraftforge.coremod.transformer.CoreModBaseTransformer/COREMOD]: Transforming net/minecraft/world/entity/npc/Villager
[13Sep2026 20:58:13.271] [main/DEBUG] [mixin/]: Mixing VillagerEntityAccessor from fabric-content-registries-v0.mixins.json into net.minecraft.world.entity.npc.Villager
[13Sep2026 20:58:13.272] [main/DEBUG] [mixin/]: fabric-content-registries-v0.mixins.json:VillagerEntityAccessor: Class version 61 required is higher than the class version supported by the current version of Mixin (JAVA_16 supports class version 60)
[13Sep2026 20:58:13.272] [main/DEBUG] [mixin/]: Renaming @Accessor method fabric_setItemFoodValues(Ljava/util/Map;)V to fabric_setItemFoodValues_$md$bf378c$0 in fabric-content-registries-v0.mixins.json:VillagerEntityAccessor
[13Sep2026 20:58:13.272] [main/DEBUG] [mixin/]: Renaming @Accessor method fabric_setGatherableItems(Ljava/util/Set;)V to fabric_setGatherableItems_$md$bf378c$1 in fabric-content-registries-v0.mixins.json:VillagerEntityAccessor
[13Sep2026 20:58:13.273] [main/DEBUG] [mixin/]: Renaming @Accessor method fabric_getGatherableItems()Ljava/util/Set; to fabric_getGatherableItems_$md$bf378c$2 in fabric-content-registries-v0.mixins.json:VillagerEntityAccessor
[13Sep2026 20:58:13.273] [main/DEBUG] [mixin/]: Mixing compat116plus.VillagerEntityMixin from pehkui.mixins.json into net.minecraft.world.entity.npc.Villager
[13Sep2026 20:58:13.273] [main/DEBUG] [mixin/]: Mixing VillagerMixin from moonlight-common.mixins.json into net.minecraft.world.entity.npc.Villager
[13Sep2026 20:58:13.322] [main/DEBUG] [mixin/]: Mixing compat116plus.FishingBobberEntityMixin from pehkui.mixins.json into net.minecraft.world.entity.projectile.FishingHook
[13Sep2026 20:58:13.335] [main/DEBUG] [mixin/]: Mixing IngredientMixin from fastsuite.mixins.json into net.minecraft.world.item.crafting.Ingredient
[13Sep2026 20:58:13.340] [main/DEBUG] [mixin/]: Mixing perf.faster_ingredients.IngredientMixin from modernfix-modernfix.mixins.json into net.minecraft.world.item.crafting.Ingredient
[13Sep2026 20:58:13.341] [main/DEBUG] [mixin/]: Renaming synthetic method lambda$computeItemsArray$1(I)[Lnet/minecraft/world/item/ItemStack; to mdbf378c$lambda$computeItemsArray$1$0 in modernfix-modernfix.mixins.json:perf.faster_ingredients.IngredientMixin
[13Sep2026 20:58:13.341] [main/DEBUG] [mixin/]: Renaming synthetic method lambda$modernfix$fasterTagIngredientStacking$0(Lnet/minecraft/core/Holder;)I to mdbf378c$lambda$modernfix$fasterTagIngredientStacking$0$1 in modernfix-modernfix.mixins.json:perf.faster_ingredients.IngredientMixin
[13Sep2026 20:58:13.347] [main/DEBUG] [mixin/]: Mixing perf.smart_ingredient_sync.IngredientMixin from modernfix-modernfix.mixins.json into net.minecraft.world.item.crafting.Ingredient
[13Sep2026 20:58:13.352] [main/DEBUG] [mixin/]: Mixing IngredientMixin from kubejs-common.mixins.json into net.minecraft.world.item.crafting.Ingredient
[13Sep2026 20:58:13.353] [main/DEBUG] [mixin/]: Mixing ingredient.IngredientMixin from fabric-recipe-api-v1.mixins.json into net.minecraft.world.item.crafting.Ingredient
[13Sep2026 20:58:13.367] [main/DEBUG] [mixin/]: Mixing inject.MixinFoodPropertiesBuilder from architectury-common.mixins.json into net.minecraft.world.food.FoodProperties$Builder
[13Sep2026 20:58:13.369] [main/DEBUG] [net.minecraftforge.coremod.transformer.CoreModBaseTransformer/COREMOD]: Transforming net/minecraft/world/effect/MobEffectInstance
[13Sep2026 20:58:13.412] [main/DEBUG] [mixin/]: Mixing ServerPlayNetworkHandlerMixin from fabric-networking-api-v1.mixins.json into net.minecraft.server.network.ServerGamePacketListenerImpl
[13Sep2026 20:58:13.412] [main/DEBUG] [mixin/]: fabric-networking-api-v1.mixins.json:ServerPlayNetworkHandlerMixin: Class version 61 required is higher than the class version supported by the current version of Mixin (JAVA_16 supports class version 60)
[13Sep2026 20:58:13.414] [main/DEBUG] [mixin/]: Mixing bugfix.forge_vehicle_packets.ServerGamePacketListenerImplMixin from modernfix-modernfix.mixins.json into net.minecraft.server.network.ServerGamePacketListenerImpl
[13Sep2026 20:58:13.415] [main/DEBUG] [mixin/]: Mixing accessor.ServerPlayNetworkHandlerAccessor from fabric-networking-api-v1.mixins.json into net.minecraft.server.network.ServerGamePacketListenerImpl
[13Sep2026 20:58:13.415] [main/DEBUG] [mixin/]: fabric-networking-api-v1.mixins.json:accessor.ServerPlayNetworkHandlerAccessor: Class version 61 required is higher than the class version supported by the current version of Mixin (JAVA_16 supports class version 60)
[13Sep2026 20:58:13.416] [main/DEBUG] [mixin/]: Mixing ServerPlayNetworkHandlerMixin from pehkui.mixins.json into net.minecraft.server.network.ServerGamePacketListenerImpl
[13Sep2026 20:58:13.416] [main/DEBUG] [mixin/]: Mixing compat1204minus.ServerPlayNetworkHandlerMixin from pehkui.mixins.json into net.minecraft.server.network.ServerGamePacketListenerImpl
[13Sep2026 20:58:13.417] [main/DEBUG] [mixin/]: Mixing reach.compat1204minus.ServerPlayNetworkHandlerMixin from pehkui.mixins.json into net.minecraft.server.network.ServerGamePacketListenerImpl
[13Sep2026 20:58:13.417] [main/DEBUG] [mixin/]: Mixing reach.compat1204minus.compat119plus.ServerPlayNetworkHandlerMixin from pehkui.mixins.json into net.minecraft.server.network.ServerGamePacketListenerImpl
[13Sep2026 20:58:13.417] [main/DEBUG] [mixin/]: Mixing MixinServerGamePacketListenerImpl from lootr.mixins.json into net.minecraft.server.network.ServerGamePacketListenerImpl
[13Sep2026 20:58:13.418] [main/DEBUG] [mixin/]: Mixing v1_19_4_forge.ServerGamePacketListenerImplMixin from packetfixer.v1_19_4.forge.mixins.json into net.minecraft.server.network.ServerGamePacketListenerImpl
[13Sep2026 20:58:13.418] [main/DEBUG] [mixin/]: Mixing ServerPlayNetHandlerMixin from connectivity.mixins.json into net.minecraft.server.network.ServerGamePacketListenerImpl
[13Sep2026 20:58:13.418] [main/DEBUG] [mixin/]: Renaming synthetic method lambda$on$0(Lnet/minecraft/network/chat/Component;)V to mdbf378c$lambda$on$0$0 in connectivity.mixins.json:ServerPlayNetHandlerMixin
[13Sep2026 20:58:13.433] [main/WARN] [mixin/]: @ModifyConstant conflict. Skipping packetfixer.v1_19_4.forge.mixins.json:v1_19_4_forge.ServerGamePacketListenerImplMixin->@ModifyConstant::packetfixer$tick(J)J with priority 1000, already redirected by connectivity.mixins.json:ServerPlayNetHandlerMixin->@ModifyConstant::playTimeout(J)J with priority 1001
[13Sep2026 20:58:13.463] [main/DEBUG] [mixin/]: Mixing compat116plus.NbtCompoundMixin from pehkui.mixins.json into net.minecraft.nbt.CompoundTag
[13Sep2026 20:58:13.464] [main/DEBUG] [mixin/]: Mixing CompoundTagMixin from geto_storage_fix.mixins.json into net.minecraft.nbt.CompoundTag
[13Sep2026 20:58:13.478] [main/DEBUG] [mixin/]: Mixing NumericTagMixin from rhino-common.mixins.json into net.minecraft.nbt.NumericTag
[13Sep2026 20:58:13.484] [main/DEBUG] [mixin/]: Mixing EntitySelectorOptionsInvoker from pehkui.mixins.json into net.minecraft.commands.arguments.selector.options.EntitySelectorOptions
[13Sep2026 20:58:13.485] [main/DEBUG] [mixin/]: Renaming @Invoker method callPutOption(Ljava/lang/String;Lnet/minecraft/commands/arguments/selector/options/EntitySelectorOptions$Modifier;Ljava/util/function/Predicate;Lnet/minecraft/network/chat/Component;)V to callPutOption_$md$bf378c$0 in pehkui.mixins.json:EntitySelectorOptionsInvoker
[13Sep2026 20:58:13.485] [main/DEBUG] [mixin/]: Mixing EntitySelectorOptionsMixin from pehkui.mixins.json into net.minecraft.commands.arguments.selector.options.EntitySelectorOptions
[13Sep2026 20:58:13.510] [main/DEBUG] [mixin/]: Mixing EntitySelectorReaderMixin from fabric-command-api-v2.mixins.json into net.minecraft.commands.arguments.selector.EntitySelectorParser
[13Sep2026 20:58:13.511] [main/DEBUG] [mixin/]: fabric-command-api-v2.mixins.json:EntitySelectorReaderMixin: Class version 61 required is higher than the class version supported by the current version of Mixin (JAVA_16 supports class version 60)
[13Sep2026 20:58:13.511] [main/DEBUG] [mixin/]: Mixing EntitySelectorReaderMixin from pehkui.mixins.json into net.minecraft.commands.arguments.selector.EntitySelectorParser
[13Sep2026 20:58:13.512] [main/DEBUG] [mixin/]: Renaming synthetic method lambda$pehkui$buildPredicate$1(Lvirtuoel/pehkui/api/ScaleType;Lnet/minecraft/world/entity/Entity;)Z to mdbf378c$lambda$pehkui$buildPredicate$1$0 in pehkui.mixins.json:EntitySelectorReaderMixin
[13Sep2026 20:58:13.513] [main/DEBUG] [mixin/]: Renaming synthetic method lambda$pehkui$buildPredicate$0(Lvirtuoel/pehkui/api/ScaleType;Lnet/minecraft/world/entity/Entity;)Z to mdbf378c$lambda$pehkui$buildPredicate$0$1 in pehkui.mixins.json:EntitySelectorReaderMixin
[13Sep2026 20:58:13.557] [main/DEBUG] [mixin/]: Mixing IItemHandlerMixin from kubejs-forge.mixins.json into net.minecraftforge.items.IItemHandler
[13Sep2026 20:58:13.563] [main/DEBUG] [mixin/]: Mixing compat1204minus.compat117plus.ViewerCountManagerMixin from pehkui.mixins.json into net.minecraft.world.level.block.entity.ContainerOpenersCounter
[13Sep2026 20:58:13.588] [main/DEBUG] [mixin/]: Generating mapped inner class net/minecraft/world/level/block/entity/ChiseledBookShelfBlockEntity$Anonymous$9bb79666f3954aac898838018cd746dc (originally net/fabricmc/fabric/mixin/transfer/ChiseledBookshelfBlockEntityMixin$1)
[13Sep2026 20:58:13.612] [main/DEBUG] [mixin/]: Mixing perf.dynamic_structure_manager.StructureManagerMixin from modernfix-modernfix.mixins.json into net.minecraft.world.level.levelgen.structure.templatesystem.StructureTemplateManager
[13Sep2026 20:58:13.614] [main/DEBUG] [mixin/]: Mixing perf.cache_upgraded_structures.StructureManagerMixin from modernfix-modernfix.mixins.json into net.minecraft.world.level.levelgen.structure.templatesystem.StructureTemplateManager
[13Sep2026 20:58:13.620] [main/DEBUG] [mixin/]: Mixing ChunkGeneratorMixin from mixins.jujutsucrafts.json into net.minecraft.world.level.chunk.ChunkGenerator
[13Sep2026 20:58:13.653] [main/DEBUG] [mixin/]: Mixing MixinInventory from curios.mixins.json into net.minecraft.world.entity.player.Inventory
[13Sep2026 20:58:13.654] [main/DEBUG] [mixin/]: Mixing InventoryMixin from moonlight-common.mixins.json into net.minecraft.world.entity.player.Inventory
[13Sep2026 20:58:13.661] [main/DEBUG] [mixin/]: Mixing SimpleInventoryMixin from fabric-transfer-api-v1.mixins.json into net.minecraft.world.SimpleContainer
[13Sep2026 20:58:13.662] [main/DEBUG] [mixin/]: fabric-transfer-api-v1.mixins.json:SimpleInventoryMixin: Class version 61 required is higher than the class version supported by the current version of Mixin (JAVA_16 supports class version 60)
[13Sep2026 20:58:13.664] [main/DEBUG] [mixin/]: Mixing SlotAccessor from balm.mixins.json into net.minecraft.world.inventory.Slot
[13Sep2026 20:58:13.669] [main/DEBUG] [mixin/]: Mixing RecipeMixin from kubejs-common.mixins.json into net.minecraft.world.item.crafting.Recipe
[13Sep2026 20:58:13.672] [main/DEBUG] [mixin/]: Mixing GrindstoneMenuSlotMixin from moonlight-common.mixins.json into net.minecraft.world.inventory.GrindstoneMenu$4
[13Sep2026 20:58:13.686] [main/DEBUG] [mixin/]: Mixing MapExtendingRecipeMixin from moonlight-common.mixins.json into net.minecraft.world.item.crafting.MapExtendingRecipe
[13Sep2026 20:58:13.733] [main/DEBUG] [mixin/]: Mixing OperationArgumentTypeAccessor from pehkui.mixins.json into net.minecraft.commands.arguments.OperationArgument
[13Sep2026 20:58:13.733] [main/DEBUG] [mixin/]: Renaming @Accessor method getInvalidOperationException()Lcom/mojang/brigadier/exceptions/SimpleCommandExceptionType; to getInvalidOperationException_$md$bf378c$0 in pehkui.mixins.json:OperationArgumentTypeAccessor
[13Sep2026 20:58:13.733] [main/DEBUG] [mixin/]: Renaming @Accessor method getDivisionZeroException()Lcom/mojang/brigadier/exceptions/SimpleCommandExceptionType; to getDivisionZeroException_$md$bf378c$1 in pehkui.mixins.json:OperationArgumentTypeAccessor
[13Sep2026 20:58:13.806] [main/DEBUG] [mixin/]: Mixing MixinApplyBonusCount from curios.mixins.json into net.minecraft.world.level.storage.loot.functions.ApplyBonusCount
[13Sep2026 20:58:14.081] [main/DEBUG] [net.minecraftforge.coremod.transformer.CoreModBaseTransformer/COREMOD]: Transforming net/minecraft/world/level/levelgen/structure/Structure
[13Sep2026 20:58:14.133] [main/DEBUG] [net.minecraftforge.coremod.transformer.CoreModBaseTransformer/COREMOD]: Transforming net/minecraft/world/level/levelgen/structure/structures/OceanRuinPieces$OceanRuinPiece
[13Sep2026 20:58:14.144] [main/DEBUG] [net.minecraftforge.coremod.transformer.CoreModBaseTransformer/COREMOD]: Transforming net/minecraft/world/level/levelgen/structure/structures/SwampHutPiece
[13Sep2026 20:58:14.171] [main/DEBUG] [net.minecraftforge.coremod.transformer.CoreModBaseTransformer/COREMOD]: Transforming net/minecraft/world/level/levelgen/structure/structures/OceanMonumentPieces$OceanMonumentPiece
[13Sep2026 20:58:14.190] [main/DEBUG] [mixin/]: Mixing MixinEndCityPieces$EndCityPiece from lootr.mixins.json into net.minecraft.world.level.levelgen.structure.structures.EndCityPieces$EndCityPiece
[13Sep2026 20:58:14.198] [main/DEBUG] [net.minecraftforge.coremod.transformer.CoreModBaseTransformer/COREMOD]: Transforming net/minecraft/world/level/levelgen/structure/structures/WoodlandMansionPieces$WoodlandMansionPiece
[13Sep2026 20:58:14.226] [main/DEBUG] [mixin/]: Mixing structure.JigsawStructureUnlimit from hugestructureblocks.mixins.json into net.minecraft.world.level.levelgen.structure.structures.JigsawStructure
[13Sep2026 20:58:14.226] [main/DEBUG] [net.minecraftforge.coremod.transformer.CoreModBaseTransformer/COREMOD]: Transforming net/minecraft/world/level/levelgen/structure/Structure
[13Sep2026 20:58:14.227] [main/DEBUG] [mixin/]: Renaming synthetic method lambda$static$7(Lcom/mojang/serialization/codecs/RecordCodecBuilder$Instance;)Lcom/mojang/datafixers/kinds/App; to mdbf378c$lambda$static$7$0 in hugestructureblocks.mixins.json:structure.JigsawStructureUnlimit
[13Sep2026 20:58:14.227] [main/DEBUG] [mixin/]: Renaming synthetic method lambda$static$6(Lnet/minecraft/world/level/levelgen/structure/structures/JigsawStructure;)Ljava/lang/Integer; to mdbf378c$lambda$static$6$1 in hugestructureblocks.mixins.json:structure.JigsawStructureUnlimit
[13Sep2026 20:58:14.227] [main/DEBUG] [mixin/]: Renaming synthetic method lambda$static$5(Lnet/minecraft/world/level/levelgen/structure/structures/JigsawStructure;)Ljava/util/Optional; to mdbf378c$lambda$static$5$2 in hugestructureblocks.mixins.json:structure.JigsawStructureUnlimit
[13Sep2026 20:58:14.228] [main/DEBUG] [mixin/]: Renaming synthetic method lambda$static$4(Lnet/minecraft/world/level/levelgen/structure/structures/JigsawStructure;)Ljava/lang/Boolean; to mdbf378c$lambda$static$4$3 in hugestructureblocks.mixins.json:structure.JigsawStructureUnlimit
[13Sep2026 20:58:14.228] [main/DEBUG] [mixin/]: Renaming synthetic method lambda$static$3(Lnet/minecraft/world/level/levelgen/structure/structures/JigsawStructure;)Lnet/minecraft/world/level/levelgen/heightproviders/HeightProvider; to mdbf378c$lambda$static$3$4 in hugestructureblocks.mixins.json:structure.JigsawStructureUnlimit
[13Sep2026 20:58:14.228] [main/DEBUG] [mixin/]: Renaming synthetic method lambda$static$2(Lnet/minecraft/world/level/levelgen/structure/structures/JigsawStructure;)Ljava/lang/Integer; to mdbf378c$lambda$static$2$5 in hugestructureblocks.mixins.json:structure.JigsawStructureUnlimit
[13Sep2026 20:58:14.228] [main/DEBUG] [mixin/]: Renaming synthetic method lambda$static$1(Lnet/minecraft/world/level/levelgen/structure/structures/JigsawStructure;)Ljava/util/Optional; to mdbf378c$lambda$static$1$6 in hugestructureblocks.mixins.json:structure.JigsawStructureUnlimit
[13Sep2026 20:58:14.228] [main/DEBUG] [mixin/]: Renaming synthetic method lambda$static$0(Lnet/minecraft/world/level/levelgen/structure/structures/JigsawStructure;)Lnet/minecraft/core/Holder; to mdbf378c$lambda$static$0$7 in hugestructureblocks.mixins.json:structure.JigsawStructureUnlimit
[13Sep2026 20:58:14.237] [main/DEBUG] [mixin/]: Mixing StructureTemplatePoolAccessor from waystones.mixins.json into net.minecraft.world.level.levelgen.structure.pools.StructureTemplatePool
[13Sep2026 20:58:14.307] [main/DEBUG] [mixin/]: Mixing BiomeSourceMixin from fabric-biome-api-v1.mixins.json into net.minecraft.world.level.biome.BiomeSource
[13Sep2026 20:58:14.307] [main/DEBUG] [mixin/]: fabric-biome-api-v1.mixins.json:BiomeSourceMixin: Class version 61 required is higher than the class version supported by the current version of Mixin (JAVA_16 supports class version 60)
[13Sep2026 20:58:14.311] [main/DEBUG] [net.minecraftforge.coremod.transformer.CoreModBaseTransformer/COREMOD]: Transforming net/minecraft/world/level/biome/Biome
[13Sep2026 20:58:14.312] [main/DEBUG] [mixin/]: Mixing perf.remove_biome_temperature_cache.BiomeMixin from modernfix-modernfix.mixins.json into net.minecraft.world.level.biome.Biome
[13Sep2026 20:58:14.312] [main/DEBUG] [mixin/]: Mixing biomeTemperatureLeak.Biome_threadLocalMixin from memoryleakfix.mixins.json into net.minecraft.world.level.biome.Biome
[13Sep2026 20:58:14.313] [main/DEBUG] [mixin/]: Mixing BiomeMixin from ftbchunks-common.mixins.json into net.minecraft.world.level.biome.Biome
[13Sep2026 20:58:14.342] [main/DEBUG] [mixin/]: Mixing SpawnSettingsBuilderAccessor from fabric-biome-api-v1.mixins.json into net.minecraft.world.level.biome.MobSpawnSettings$Builder
[13Sep2026 20:58:14.342] [main/DEBUG] [mixin/]: fabric-biome-api-v1.mixins.json:SpawnSettingsBuilderAccessor: Class version 61 required is higher than the class version supported by the current version of Mixin (JAVA_16 supports class version 60)
[13Sep2026 20:58:14.364] [main/DEBUG] [mixin/]: Mixing NetherBiomePresetMixin from fabric-biome-api-v1.mixins.json into net.minecraft.world.level.biome.MultiNoiseBiomeSourceParameterList$Preset$1
[13Sep2026 20:58:14.365] [main/DEBUG] [mixin/]: fabric-biome-api-v1.mixins.json:NetherBiomePresetMixin: Class version 61 required is higher than the class version supported by the current version of Mixin (JAVA_16 supports class version 60)
[13Sep2026 20:58:14.373] [main/DEBUG] [mixin/]: Mixing TheEndBiomeSourceMixin from fabric-biome-api-v1.mixins.json into net.minecraft.world.level.biome.TheEndBiomeSource
[13Sep2026 20:58:14.373] [main/DEBUG] [mixin/]: fabric-biome-api-v1.mixins.json:TheEndBiomeSourceMixin: Class version 61 required is higher than the class version supported by the current version of Mixin (JAVA_16 supports class version 60)
[13Sep2026 20:58:14.373] [main/DEBUG] [mixin/]: Renaming synthetic method lambda$init$1(Lnet/minecraft/core/HolderGetter;)Lnet/fabricmc/fabric/impl/biome/TheEndBiomeData$Overrides; to mdbf378c$lambda$init$1$0 in fabric-biome-api-v1.mixins.json:TheEndBiomeSourceMixin
[13Sep2026 20:58:14.373] [main/DEBUG] [mixin/]: Renaming synthetic method lambda$modifyCodec$0(Lcom/mojang/serialization/codecs/RecordCodecBuilder$Instance;)Lcom/mojang/datafixers/kinds/App; to mdbf378c$lambda$modifyCodec$0$1 in fabric-biome-api-v1.mixins.json:TheEndBiomeSourceMixin
[13Sep2026 20:58:14.385] [main/DEBUG] [mixin/]: Mixing perf.optimize_surface_rules.NoiseBasedChunkGeneratorMixin from modernfix-modernfix.mixins.json into net.minecraft.world.level.levelgen.NoiseBasedChunkGenerator
[13Sep2026 20:58:14.386] [main/DEBUG] [mixin/]: Renaming synthetic method lambda$mfix$accumulate$0(Ljava/util/Set;Lnet/minecraft/core/Holder;)V to mdbf378c$lambda$mfix$accumulate$0$0 in modernfix-modernfix.mixins.json:perf.optimize_surface_rules.NoiseBasedChunkGeneratorMixin
[13Sep2026 20:58:14.418] [main/DEBUG] [mixin/]: Mixing perf.forge_registry_alloc.DebugLevelSourceMixin from modernfix-modernfix.mixins.json into net.minecraft.world.level.levelgen.DebugLevelSource
[13Sep2026 20:58:14.419] [main/DEBUG] [mixin/]: Mixing DebugChunkGeneratorAccessor from fabric-registry-sync-v0.mixins.json into net.minecraft.world.level.levelgen.DebugLevelSource
[13Sep2026 20:58:14.419] [main/DEBUG] [mixin/]: fabric-registry-sync-v0.mixins.json:DebugChunkGeneratorAccessor: Class version 61 required is higher than the class version supported by the current version of Mixin (JAVA_16 supports class version 60)
[13Sep2026 20:58:14.419] [main/DEBUG] [mixin/]: Renaming @Accessor method setBLOCK_STATES(Ljava/util/List;)V to setBLOCK_STATES_$md$bf378c$0 in fabric-registry-sync-v0.mixins.json:DebugChunkGeneratorAccessor
[13Sep2026 20:58:14.419] [main/DEBUG] [mixin/]: Renaming @Accessor method setX_SIDE_LENGTH(I)V to setX_SIDE_LENGTH_$md$bf378c$1 in fabric-registry-sync-v0.mixins.json:DebugChunkGeneratorAccessor
[13Sep2026 20:58:14.419] [main/DEBUG] [mixin/]: Renaming @Accessor method setZ_SIDE_LENGTH(I)V to setZ_SIDE_LENGTH_$md$bf378c$2 in fabric-registry-sync-v0.mixins.json:DebugChunkGeneratorAccessor
[13Sep2026 20:58:14.426] [main/DEBUG] [mixin/]: Mixing perf.optimize_surface_rules.BiomeConditionSourceMixin from modernfix-modernfix.mixins.json into net.minecraft.world.level.levelgen.SurfaceRules$BiomeConditionSource
[13Sep2026 20:58:14.426] [main/DEBUG] [mixin/]: Renaming synthetic method lambda$mfix$optimizeCondition$1()Z to mdbf378c$lambda$mfix$optimizeCondition$1$0 in modernfix-modernfix.mixins.json:perf.optimize_surface_rules.BiomeConditionSourceMixin
[13Sep2026 20:58:14.426] [main/DEBUG] [mixin/]: Renaming synthetic method lambda$mfix$optimizeCondition$0()Z to mdbf378c$lambda$mfix$optimizeCondition$0$1 in modernfix-modernfix.mixins.json:perf.optimize_surface_rules.BiomeConditionSourceMixin
[13Sep2026 20:58:14.486] [main/DEBUG] [mixin/]: Mixing SinglePoolElementMixin from waystones.mixins.json into net.minecraft.world.level.levelgen.structure.pools.SinglePoolElement
[13Sep2026 20:58:14.487] [main/DEBUG] [mixin/]: Renaming synthetic method lambda$waystones$isWaystone$1(Lnet/minecraft/world/level/levelgen/structure/templatesystem/StructureTemplate;)V to mdbf378c$lambda$waystones$isWaystone$1$0 in waystones.mixins.json:SinglePoolElementMixin
[13Sep2026 20:58:14.487] [main/DEBUG] [mixin/]: Renaming synthetic method lambda$waystones$isWaystone$0(Lnet/minecraft/resources/ResourceLocation;)V to mdbf378c$lambda$waystones$isWaystone$0$1 in waystones.mixins.json:SinglePoolElementMixin
[13Sep2026 20:58:14.646] [main/DEBUG] [net.minecraftforge.common.ForgeI18n/CORE]: Loading I18N data entries: 6430
[13Sep2026 20:58:14.782] [main/DEBUG] [net.minecraftforge.fml.ModWorkManager/LOADING]: Using 4 threads for parallel mod-loading
[13Sep2026 20:58:14.792] [main/DEBUG] [net.minecraftforge.fml.javafmlmod.FMLJavaModLanguageProvider/LOADING]: Loading FMLModContainer from classloader cpw.mods.modlauncher.TransformingClassLoader@7f8c3646 - got cpw.mods.cl.ModuleClassLoader@639aba11
[13Sep2026 20:58:14.793] [main/DEBUG] [net.minecraftforge.fml.javafmlmod.FMLModContainer/LOADING]: Creating FMLModContainer instance for net.blay09.mods.kuma.forge.ForgeKumaAPI
[13Sep2026 20:58:14.795] [main/DEBUG] [net.minecraftforge.fml.javafmlmod.FMLJavaModLanguageProvider/LOADING]: Loading FMLModContainer from classloader cpw.mods.modlauncher.TransformingClassLoader@7f8c3646 - got cpw.mods.cl.ModuleClassLoader@639aba11
[13Sep2026 20:58:14.795] [main/DEBUG] [net.minecraftforge.fml.javafmlmod.FMLModContainer/LOADING]: Creating FMLModContainer instance for net.fabricmc.fabric.impl.renderer.RendererImpl
[13Sep2026 20:58:14.795] [main/DEBUG] [net.minecraftforge.fml.javafmlmod.FMLJavaModLanguageProvider/LOADING]: Loading FMLModContainer from classloader cpw.mods.modlauncher.TransformingClassLoader@7f8c3646 - got cpw.mods.cl.ModuleClassLoader@639aba11
[13Sep2026 20:58:14.795] [main/DEBUG] [net.minecraftforge.fml.javafmlmod.FMLModContainer/LOADING]: Creating FMLModContainer instance for software.bernie.example.GeckoLibMod
[13Sep2026 20:58:14.796] [main/DEBUG] [net.minecraftforge.fml.javafmlmod.FMLJavaModLanguageProvider/LOADING]: Loading FMLModContainer from classloader cpw.mods.modlauncher.TransformingClassLoader@7f8c3646 - got cpw.mods.cl.ModuleClassLoader@639aba11
[13Sep2026 20:58:14.796] [main/DEBUG] [net.minecraftforge.fml.javafmlmod.FMLModContainer/LOADING]: Creating FMLModContainer instance for dev.kosmx.playerAnim.forge.ForgeModInterface
[13Sep2026 20:58:14.796] [main/DEBUG] [net.minecraftforge.fml.javafmlmod.FMLJavaModLanguageProvider/LOADING]: Loading FMLModContainer from classloader cpw.mods.modlauncher.TransformingClassLoader@7f8c3646 - got cpw.mods.cl.ModuleClassLoader@639aba11
[13Sep2026 20:58:14.796] [main/DEBUG] [net.minecraftforge.fml.javafmlmod.FMLModContainer/LOADING]: Creating FMLModContainer instance for net.fabricmc.fabric.impl.item.FabricItemImpl
[13Sep2026 20:58:14.796] [main/DEBUG] [net.minecraftforge.fml.javafmlmod.FMLJavaModLanguageProvider/LOADING]: Loading FMLModContainer from classloader cpw.mods.modlauncher.TransformingClassLoader@7f8c3646 - got cpw.mods.cl.ModuleClassLoader@639aba11
[13Sep2026 20:58:14.797] [main/DEBUG] [net.minecraftforge.fml.javafmlmod.FMLModContainer/LOADING]: Creating FMLModContainer instance for net.fabricmc.fabric.impl.client.rendering.fluid.FluidRenderingImpl
[13Sep2026 20:58:14.797] [main/DEBUG] [net.minecraftforge.fml.javafmlmod.FMLJavaModLanguageProvider/LOADING]: Loading FMLModContainer from classloader cpw.mods.modlauncher.TransformingClassLoader@7f8c3646 - got cpw.mods.cl.ModuleClassLoader@639aba11
[13Sep2026 20:58:14.797] [main/DEBUG] [net.minecraftforge.fml.javafmlmod.FMLModContainer/LOADING]: Creating FMLModContainer instance for net.fabricmc.fabric.impl.client.model.ModelsImpl
[13Sep2026 20:58:14.797] [main/DEBUG] [net.minecraftforge.fml.javafmlmod.FMLJavaModLanguageProvider/LOADING]: Loading FMLModContainer from classloader cpw.mods.modlauncher.TransformingClassLoader@7f8c3646 - got cpw.mods.cl.ModuleClassLoader@639aba11
[13Sep2026 20:58:14.797] [main/DEBUG] [net.minecraftforge.fml.javafmlmod.FMLModContainer/LOADING]: Creating FMLModContainer instance for com.connectivity.Connectivity
[13Sep2026 20:58:14.800] [main/DEBUG] [net.minecraftforge.fml.javafmlmod.FMLJavaModLanguageProvider/LOADING]: Loading FMLModContainer from classloader cpw.mods.modlauncher.TransformingClassLoader@7f8c3646 - got cpw.mods.cl.ModuleClassLoader@639aba11
[13Sep2026 20:58:14.800] [main/DEBUG] [net.minecraftforge.fml.javafmlmod.FMLModContainer/LOADING]: Creating FMLModContainer instance for net.p3pp3rf1y.sophisticatedcore.SophisticatedCore
[13Sep2026 20:58:14.802] [main/DEBUG] [net.minecraftforge.fml.javafmlmod.FMLJavaModLanguageProvider/LOADING]: Loading FMLModContainer from classloader cpw.mods.modlauncher.TransformingClassLoader@7f8c3646 - got cpw.mods.cl.ModuleClassLoader@639aba11
[13Sep2026 20:58:14.802] [main/DEBUG] [net.minecraftforge.fml.javafmlmod.FMLModContainer/LOADING]: Creating FMLModContainer instance for net.fabricmc.fabric.impl.tag.convention.ConventionTagsImpl
[13Sep2026 20:58:14.803] [main/DEBUG] [net.minecraftforge.fml.javafmlmod.FMLJavaModLanguageProvider/LOADING]: Loading FMLModContainer from classloader cpw.mods.modlauncher.TransformingClassLoader@7f8c3646 - got cpw.mods.cl.ModuleClassLoader@639aba11
[13Sep2026 20:58:14.803] [main/DEBUG] [net.minecraftforge.fml.javafmlmod.FMLModContainer/LOADING]: Creating FMLModContainer instance for xaero.map.WorldMapForge
[13Sep2026 20:58:14.806] [main/DEBUG] [net.minecraftforge.fml.javafmlmod.FMLJavaModLanguageProvider/LOADING]: Loading FMLModContainer from classloader cpw.mods.modlauncher.TransformingClassLoader@7f8c3646 - got cpw.mods.cl.ModuleClassLoader@639aba11
[13Sep2026 20:58:14.806] [main/DEBUG] [net.minecraftforge.fml.javafmlmod.FMLModContainer/LOADING]: Creating FMLModContainer instance for com.blamejared.controlling.Controlling
[13Sep2026 20:58:14.807] [main/DEBUG] [net.minecraftforge.fml.javafmlmod.FMLJavaModLanguageProvider/LOADING]: Loading FMLModContainer from classloader cpw.mods.modlauncher.TransformingClassLoader@7f8c3646 - got cpw.mods.cl.ModuleClassLoader@639aba11
[13Sep2026 20:58:14.807] [main/DEBUG] [net.minecraftforge.fml.javafmlmod.FMLModContainer/LOADING]: Creating FMLModContainer instance for dev.shadowsoffire.placebo.Placebo
[13Sep2026 20:58:14.809] [main/DEBUG] [net.minecraftforge.fml.javafmlmod.FMLJavaModLanguageProvider/LOADING]: Loading FMLModContainer from classloader cpw.mods.modlauncher.TransformingClassLoader@7f8c3646 - got cpw.mods.cl.ModuleClassLoader@639aba11
[13Sep2026 20:58:14.809] [main/DEBUG] [net.minecraftforge.fml.javafmlmod.FMLModContainer/LOADING]: Creating FMLModContainer instance for org.embeddedt.modernfix.forge.init.ModernFixForge
[13Sep2026 20:58:14.810] [main/DEBUG] [net.minecraftforge.fml.javafmlmod.FMLJavaModLanguageProvider/LOADING]: Loading FMLModContainer from classloader cpw.mods.modlauncher.TransformingClassLoader@7f8c3646 - got cpw.mods.cl.ModuleClassLoader@639aba11
[13Sep2026 20:58:14.810] [main/DEBUG] [net.minecraftforge.fml.javafmlmod.FMLModContainer/LOADING]: Creating FMLModContainer instance for net.fabricmc.fabric.impl.command.v1.LegacyHandler
[13Sep2026 20:58:14.810] [main/DEBUG] [net.minecraftforge.fml.javafmlmod.FMLJavaModLanguageProvider/LOADING]: Loading FMLModContainer from classloader cpw.mods.modlauncher.TransformingClassLoader@7f8c3646 - got cpw.mods.cl.ModuleClassLoader@639aba11
[13Sep2026 20:58:14.810] [main/DEBUG] [net.minecraftforge.fml.javafmlmod.FMLModContainer/LOADING]: Creating FMLModContainer instance for net.fabricmc.fabric.impl.blockview.BlockViewImpl
[13Sep2026 20:58:14.811] [main/DEBUG] [net.minecraftforge.fml.javafmlmod.FMLJavaModLanguageProvider/LOADING]: Loading FMLModContainer from classloader cpw.mods.modlauncher.TransformingClassLoader@7f8c3646 - got cpw.mods.cl.ModuleClassLoader@639aba11
[13Sep2026 20:58:14.811] [main/DEBUG] [net.minecraftforge.fml.javafmlmod.FMLModContainer/LOADING]: Creating FMLModContainer instance for net.fabricmc.fabric.impl.command.CommandApiImpl
[13Sep2026 20:58:14.811] [main/DEBUG] [net.minecraftforge.fml.javafmlmod.FMLJavaModLanguageProvider/LOADING]: Loading FMLModContainer from classloader cpw.mods.modlauncher.TransformingClassLoader@7f8c3646 - got cpw.mods.cl.ModuleClassLoader@639aba11
[13Sep2026 20:58:14.811] [main/DEBUG] [net.minecraftforge.fml.javafmlmod.FMLModContainer/LOADING]: Creating FMLModContainer instance for net.fabricmc.fabric.impl.attachment.AttachmentEntrypoint
[13Sep2026 20:58:14.812] [main/DEBUG] [net.minecraftforge.fml.javafmlmod.FMLJavaModLanguageProvider/LOADING]: Loading FMLModContainer from classloader cpw.mods.modlauncher.TransformingClassLoader@7f8c3646 - got cpw.mods.cl.ModuleClassLoader@639aba11
[13Sep2026 20:58:14.812] [main/DEBUG] [net.minecraftforge.fml.javafmlmod.FMLModContainer/LOADING]: Creating FMLModContainer instance for net.p3pp3rf1y.sophisticatedbackpacks.SophisticatedBackpacks
[13Sep2026 20:58:14.813] [main/DEBUG] [net.minecraftforge.fml.javafmlmod.FMLJavaModLanguageProvider/LOADING]: Loading FMLModContainer from classloader cpw.mods.modlauncher.TransformingClassLoader@7f8c3646 - got cpw.mods.cl.ModuleClassLoader@639aba11
[13Sep2026 20:58:14.813] [main/DEBUG] [net.minecraftforge.fml.javafmlmod.FMLModContainer/LOADING]: Creating FMLModContainer instance for net.blay09.mods.balm.forge.ForgeBalm
[13Sep2026 20:58:14.814] [main/DEBUG] [net.minecraftforge.fml.javafmlmod.FMLJavaModLanguageProvider/LOADING]: Loading FMLModContainer from classloader cpw.mods.modlauncher.TransformingClassLoader@7f8c3646 - got cpw.mods.cl.ModuleClassLoader@639aba11
[13Sep2026 20:58:14.814] [main/DEBUG] [net.minecraftforge.fml.javafmlmod.FMLModContainer/LOADING]: Creating FMLModContainer instance for net.fabricmc.fabric.impl.client.screen.ScreenApiImpl
[13Sep2026 20:58:14.814] [main/DEBUG] [net.minecraftforge.fml.javafmlmod.FMLJavaModLanguageProvider/LOADING]: Loading FMLModContainer from classloader cpw.mods.modlauncher.TransformingClassLoader@7f8c3646 - got cpw.mods.cl.ModuleClassLoader@639aba11
[13Sep2026 20:58:14.814] [main/DEBUG] [net.minecraftforge.fml.javafmlmod.FMLModContainer/LOADING]: Creating FMLModContainer instance for toni.sodiumoptionsapi.SodiumOptionsAPI
[13Sep2026 20:58:14.820] [main/DEBUG] [net.minecraftforge.fml.javafmlmod.FMLJavaModLanguageProvider/LOADING]: Loading FMLModContainer from classloader cpw.mods.modlauncher.TransformingClassLoader@7f8c3646 - got cpw.mods.cl.ModuleClassLoader@639aba11
[13Sep2026 20:58:14.820] [main/DEBUG] [net.minecraftforge.fml.javafmlmod.FMLModContainer/LOADING]: Creating FMLModContainer instance for me.shedaniel.clothconfig.ClothConfigForge
[13Sep2026 20:58:14.823] [main/DEBUG] [net.minecraftforge.fml.javafmlmod.FMLJavaModLanguageProvider/LOADING]: Loading FMLModContainer from classloader cpw.mods.modlauncher.TransformingClassLoader@7f8c3646 - got cpw.mods.cl.ModuleClassLoader@639aba11
[13Sep2026 20:58:14.823] [main/DEBUG] [net.minecraftforge.fml.javafmlmod.FMLModContainer/LOADING]: Creating FMLModContainer instance for com.sonicether.soundphysics.ForgeSoundPhysicsMod
[13Sep2026 20:58:14.825] [main/DEBUG] [net.minecraftforge.fml.javafmlmod.FMLJavaModLanguageProvider/LOADING]: Loading FMLModContainer from classloader cpw.mods.modlauncher.TransformingClassLoader@7f8c3646 - got cpw.mods.cl.ModuleClassLoader@639aba11
[13Sep2026 20:58:14.825] [main/DEBUG] [net.minecraftforge.fml.javafmlmod.FMLModContainer/LOADING]: Creating FMLModContainer instance for net.mehvahdjukaar.dummmmmmy.forge.DummmmmmyForge
[13Sep2026 20:58:14.826] [main/DEBUG] [net.minecraftforge.fml.javafmlmod.FMLJavaModLanguageProvider/LOADING]: Loading FMLModContainer from classloader cpw.mods.modlauncher.TransformingClassLoader@7f8c3646 - got cpw.mods.cl.ModuleClassLoader@639aba11
[13Sep2026 20:58:14.826] [main/DEBUG] [net.minecraftforge.fml.javafmlmod.FMLModContainer/LOADING]: Creating FMLModContainer instance for net.fabricmc.fabric.impl.sinytra.SinytraFabric
[13Sep2026 20:58:14.826] [main/DEBUG] [net.minecraftforge.fml.javafmlmod.FMLJavaModLanguageProvider/LOADING]: Loading FMLModContainer from classloader cpw.mods.modlauncher.TransformingClassLoader@7f8c3646 - got cpw.mods.cl.ModuleClassLoader@639aba11
[13Sep2026 20:58:14.826] [main/DEBUG] [net.minecraftforge.fml.javafmlmod.FMLModContainer/LOADING]: Creating FMLModContainer instance for com.jjcaddons.almirionapi.AlmirionApiMod
[13Sep2026 20:58:14.827] [main/DEBUG] [net.minecraftforge.fml.javafmlmod.FMLJavaModLanguageProvider/LOADING]: Loading FMLModContainer from classloader cpw.mods.modlauncher.TransformingClassLoader@7f8c3646 - got cpw.mods.cl.ModuleClassLoader@639aba11
[13Sep2026 20:58:14.827] [main/DEBUG] [net.minecraftforge.fml.javafmlmod.FMLModContainer/LOADING]: Creating FMLModContainer instance for net.fabricmc.fabric.impl.content.registry.ContentRegistryImpl
[13Sep2026 20:58:14.828] [main/DEBUG] [net.minecraftforge.fml.javafmlmod.FMLJavaModLanguageProvider/LOADING]: Loading FMLModContainer from classloader cpw.mods.modlauncher.TransformingClassLoader@7f8c3646 - got cpw.mods.cl.ModuleClassLoader@639aba11
[13Sep2026 20:58:14.828] [main/DEBUG] [net.minecraftforge.fml.javafmlmod.FMLModContainer/LOADING]: Creating FMLModContainer instance for toni.sodiumdynamiclights.SodiumDynamicLights
[13Sep2026 20:58:14.832] [main/DEBUG] [net.minecraftforge.fml.javafmlmod.FMLJavaModLanguageProvider/LOADING]: Loading FMLModContainer from classloader cpw.mods.modlauncher.TransformingClassLoader@7f8c3646 - got cpw.mods.cl.ModuleClassLoader@639aba11
[13Sep2026 20:58:14.832] [main/DEBUG] [net.minecraftforge.fml.javafmlmod.FMLModContainer/LOADING]: Creating FMLModContainer instance for me.jellysquid.mods.sodium.client.SodiumClientMod
[13Sep2026 20:58:14.834] [main/DEBUG] [net.minecraftforge.fml.javafmlmod.FMLJavaModLanguageProvider/LOADING]: Loading FMLModContainer from classloader cpw.mods.modlauncher.TransformingClassLoader@7f8c3646 - got cpw.mods.cl.ModuleClassLoader@639aba11
[13Sep2026 20:58:14.834] [main/DEBUG] [net.minecraftforge.fml.javafmlmod.FMLModContainer/LOADING]: Creating FMLModContainer instance for me.jellysquid.mods.sodium.client.RubidiumStub
[13Sep2026 20:58:14.835] [main/DEBUG] [net.minecraftforge.fml.javafmlmod.FMLJavaModLanguageProvider/LOADING]: Loading FMLModContainer from classloader cpw.mods.modlauncher.TransformingClassLoader@7f8c3646 - got cpw.mods.cl.ModuleClassLoader@639aba11
[13Sep2026 20:58:14.835] [main/DEBUG] [net.minecraftforge.fml.javafmlmod.FMLModContainer/LOADING]: Creating FMLModContainer instance for traben.entity_model_features.EMFInit
[13Sep2026 20:58:14.837] [main/DEBUG] [net.minecraftforge.fml.javafmlmod.FMLJavaModLanguageProvider/LOADING]: Loading FMLModContainer from classloader cpw.mods.modlauncher.TransformingClassLoader@7f8c3646 - got cpw.mods.cl.ModuleClassLoader@639aba11
[13Sep2026 20:58:14.837] [main/DEBUG] [net.minecraftforge.fml.javafmlmod.FMLModContainer/LOADING]: Creating FMLModContainer instance for com.vecoo.extraquests.ExtraQuests
[13Sep2026 20:58:14.838] [main/DEBUG] [net.minecraftforge.fml.javafmlmod.FMLJavaModLanguageProvider/LOADING]: Loading FMLModContainer from classloader cpw.mods.modlauncher.TransformingClassLoader@7f8c3646 - got cpw.mods.cl.ModuleClassLoader@639aba11
[13Sep2026 20:58:14.838] [main/DEBUG] [net.minecraftforge.fml.javafmlmod.FMLModContainer/LOADING]: Creating FMLModContainer instance for traben.entity_texture_features.ETFInit
[13Sep2026 20:58:14.839] [main/DEBUG] [net.minecraftforge.fml.javafmlmod.FMLJavaModLanguageProvider/LOADING]: Loading FMLModContainer from classloader cpw.mods.modlauncher.TransformingClassLoader@7f8c3646 - got cpw.mods.cl.ModuleClassLoader@639aba11
[13Sep2026 20:58:14.839] [main/DEBUG] [net.minecraftforge.fml.javafmlmod.FMLModContainer/LOADING]: Creating FMLModContainer instance for net.fabricmc.fabric.impl.gamerule.GameRuleApiImpl
[13Sep2026 20:58:14.839] [main/DEBUG] [net.minecraftforge.fml.javafmlmod.FMLJavaModLanguageProvider/LOADING]: Loading FMLModContainer from classloader cpw.mods.modlauncher.TransformingClassLoader@7f8c3646 - got cpw.mods.cl.ModuleClassLoader@639aba11
[13Sep2026 20:58:14.840] [main/DEBUG] [net.minecraftforge.fml.javafmlmod.FMLModContainer/LOADING]: Creating FMLModContainer instance for team.creative.ambientsounds.AmbientSounds
[13Sep2026 20:58:14.840] [main/DEBUG] [net.minecraftforge.fml.javafmlmod.FMLJavaModLanguageProvider/LOADING]: Loading FMLModContainer from classloader cpw.mods.modlauncher.TransformingClassLoader@7f8c3646 - got cpw.mods.cl.ModuleClassLoader@639aba11
[13Sep2026 20:58:14.840] [main/DEBUG] [net.minecraftforge.fml.javafmlmod.FMLModContainer/LOADING]: Creating FMLModContainer instance for net.fabricmc.fabric.impl.lookup.ApiLookupImpl
[13Sep2026 20:58:14.841] [main/DEBUG] [net.minecraftforge.fml.javafmlmod.FMLJavaModLanguageProvider/LOADING]: Loading FMLModContainer from classloader cpw.mods.modlauncher.TransformingClassLoader@7f8c3646 - got cpw.mods.cl.ModuleClassLoader@639aba11
[13Sep2026 20:58:14.841] [main/DEBUG] [net.minecraftforge.fml.javafmlmod.FMLModContainer/LOADING]: Creating FMLModContainer instance for org.popcraft.chunky.ChunkyForge
[13Sep2026 20:58:14.843] [main/DEBUG] [net.minecraftforge.fml.javafmlmod.FMLJavaModLanguageProvider/LOADING]: Loading FMLModContainer from classloader cpw.mods.modlauncher.TransformingClassLoader@7f8c3646 - got cpw.mods.cl.ModuleClassLoader@639aba11
[13Sep2026 20:58:14.843] [main/DEBUG] [net.minecraftforge.fml.javafmlmod.FMLModContainer/LOADING]: Creating FMLModContainer instance for com.jjcnbtfix.JJCNBTFIX
[13Sep2026 20:58:14.844] [main/DEBUG] [net.minecraftforge.fml.javafmlmod.FMLJavaModLanguageProvider/LOADING]: Loading FMLModContainer from classloader cpw.mods.modlauncher.TransformingClassLoader@7f8c3646 - got cpw.mods.cl.ModuleClassLoader@639aba11
[13Sep2026 20:58:14.844] [main/DEBUG] [net.minecraftforge.fml.javafmlmod.FMLModContainer/LOADING]: Creating FMLModContainer instance for de.johni0702.minecraft.bobby.Bobby
[13Sep2026 20:58:14.846] [main/DEBUG] [net.minecraftforge.fml.javafmlmod.FMLJavaModLanguageProvider/LOADING]: Loading FMLModContainer from classloader cpw.mods.modlauncher.TransformingClassLoader@7f8c3646 - got cpw.mods.cl.ModuleClassLoader@639aba11
[13Sep2026 20:58:14.846] [main/DEBUG] [net.minecraftforge.fml.javafmlmod.FMLModContainer/LOADING]: Creating FMLModContainer instance for me.lucko.spark.forge.ForgeSparkMod
[13Sep2026 20:58:14.848] [main/DEBUG] [net.minecraftforge.fml.javafmlmod.FMLJavaModLanguageProvider/LOADING]: Loading FMLModContainer from classloader cpw.mods.modlauncher.TransformingClassLoader@7f8c3646 - got cpw.mods.cl.ModuleClassLoader@639aba11
[13Sep2026 20:58:14.848] [main/DEBUG] [net.minecraftforge.fml.javafmlmod.FMLModContainer/LOADING]: Creating FMLModContainer instance for top.theillusivec4.curios.Curios
[13Sep2026 20:58:14.851] [main/DEBUG] [net.minecraftforge.fml.javafmlmod.FMLJavaModLanguageProvider/LOADING]: Loading FMLModContainer from classloader cpw.mods.modlauncher.TransformingClassLoader@7f8c3646 - got cpw.mods.cl.ModuleClassLoader@639aba11
[13Sep2026 20:58:14.851] [main/DEBUG] [net.minecraftforge.fml.javafmlmod.FMLModContainer/LOADING]: Creating FMLModContainer instance for vazkii.patchouli.forge.common.ForgeModInitializer
[13Sep2026 20:58:14.853] [main/DEBUG] [net.minecraftforge.fml.javafmlmod.FMLJavaModLanguageProvider/LOADING]: Loading FMLModContainer from classloader cpw.mods.modlauncher.TransformingClassLoader@7f8c3646 - got cpw.mods.cl.ModuleClassLoader@639aba11
[13Sep2026 20:58:14.853] [main/DEBUG] [net.minecraftforge.fml.javafmlmod.FMLModContainer/LOADING]: Creating FMLModContainer instance for com.vecoo.extralib.ExtraLib
[13Sep2026 20:58:14.854] [main/DEBUG] [net.minecraftforge.fml.javafmlmod.FMLJavaModLanguageProvider/LOADING]: Loading FMLModContainer from classloader cpw.mods.modlauncher.TransformingClassLoader@7f8c3646 - got cpw.mods.cl.ModuleClassLoader@639aba11
[13Sep2026 20:58:14.854] [main/DEBUG] [net.minecraftforge.fml.javafmlmod.FMLModContainer/LOADING]: Creating FMLModContainer instance for com.blamejared.searchables.SearchablesForge
[13Sep2026 20:58:14.854] [main/DEBUG] [net.minecraftforge.fml.javafmlmod.FMLJavaModLanguageProvider/LOADING]: Loading FMLModContainer from classloader cpw.mods.modlauncher.TransformingClassLoader@7f8c3646 - got cpw.mods.cl.ModuleClassLoader@639aba11
[13Sep2026 20:58:14.854] [main/DEBUG] [net.minecraftforge.fml.javafmlmod.FMLModContainer/LOADING]: Creating FMLModContainer instance for net.fabricmc.fabric.impl.entity.event.EntityEventsImpl
[13Sep2026 20:58:14.855] [main/DEBUG] [net.minecraftforge.fml.javafmlmod.FMLJavaModLanguageProvider/LOADING]: Loading FMLModContainer from classloader cpw.mods.modlauncher.TransformingClassLoader@7f8c3646 - got cpw.mods.cl.ModuleClassLoader@639aba11
[13Sep2026 20:58:14.855] [main/DEBUG] [net.minecraftforge.fml.javafmlmod.FMLModContainer/LOADING]: Creating FMLModContainer instance for com.sk89q.worldedit.forge.ForgeWorldEdit
[13Sep2026 20:58:14.862] [main/DEBUG] [net.minecraftforge.fml.javafmlmod.FMLJavaModLanguageProvider/LOADING]: Loading FMLModContainer from classloader cpw.mods.modlauncher.TransformingClassLoader@7f8c3646 - got cpw.mods.cl.ModuleClassLoader@639aba11
[13Sep2026 20:58:14.862] [main/DEBUG] [net.minecraftforge.fml.javafmlmod.FMLModContainer/LOADING]: Creating FMLModContainer instance for dev.architectury.forge.ArchitecturyForge
[13Sep2026 20:58:14.863] [main/DEBUG] [net.minecraftforge.fml.javafmlmod.FMLJavaModLanguageProvider/LOADING]: Loading FMLModContainer from classloader cpw.mods.modlauncher.TransformingClassLoader@7f8c3646 - got cpw.mods.cl.ModuleClassLoader@639aba11
[13Sep2026 20:58:14.863] [main/DEBUG] [net.minecraftforge.fml.javafmlmod.FMLModContainer/LOADING]: Creating FMLModContainer instance for it.hurts.octostudios.nerb.forge.NERBForge
[13Sep2026 20:58:14.863] [main/DEBUG] [net.minecraftforge.fml.javafmlmod.FMLJavaModLanguageProvider/LOADING]: Loading FMLModContainer from classloader cpw.mods.modlauncher.TransformingClassLoader@7f8c3646 - got cpw.mods.cl.ModuleClassLoader@639aba11
[13Sep2026 20:58:14.863] [main/DEBUG] [net.minecraftforge.fml.javafmlmod.FMLModContainer/LOADING]: Creating FMLModContainer instance for com.builtbroken.ai.improvements.AIImprovements
[13Sep2026 20:58:14.864] [main/DEBUG] [net.minecraftforge.fml.javafmlmod.FMLJavaModLanguageProvider/LOADING]: Loading FMLModContainer from classloader cpw.mods.modlauncher.TransformingClassLoader@7f8c3646 - got cpw.mods.cl.ModuleClassLoader@639aba11
[13Sep2026 20:58:14.864] [main/DEBUG] [net.minecraftforge.fml.javafmlmod.FMLModContainer/LOADING]: Creating FMLModContainer instance for net.fabricmc.fabric.impl.loot.LootImpl
[13Sep2026 20:58:14.864] [main/DEBUG] [net.minecraftforge.fml.javafmlmod.FMLJavaModLanguageProvider/LOADING]: Loading FMLModContainer from classloader cpw.mods.modlauncher.TransformingClassLoader@7f8c3646 - got cpw.mods.cl.ModuleClassLoader@639aba11
[13Sep2026 20:58:14.864] [main/DEBUG] [net.minecraftforge.fml.javafmlmod.FMLModContainer/LOADING]: Creating FMLModContainer instance for com.cupboard.Cupboard
[13Sep2026 20:58:14.865] [main/DEBUG] [net.minecraftforge.fml.javafmlmod.FMLJavaModLanguageProvider/LOADING]: Loading FMLModContainer from classloader cpw.mods.modlauncher.TransformingClassLoader@7f8c3646 - got cpw.mods.cl.ModuleClassLoader@639aba11
[13Sep2026 20:58:14.865] [main/DEBUG] [net.minecraftforge.fml.javafmlmod.FMLModContainer/LOADING]: Creating FMLModContainer instance for dev.tr7zw.transition.TRansitionBootstrap
[13Sep2026 20:58:14.865] [main/DEBUG] [net.minecraftforge.fml.javafmlmod.FMLJavaModLanguageProvider/LOADING]: Loading FMLModContainer from classloader cpw.mods.modlauncher.TransformingClassLoader@7f8c3646 - got cpw.mods.cl.ModuleClassLoader@639aba11
[13Sep2026 20:58:14.865] [main/DEBUG] [net.minecraftforge.fml.javafmlmod.FMLModContainer/LOADING]: Creating FMLModContainer instance for net.fabricmc.fabric.impl.rendering.data.RenderingDataAttachmentImpl
[13Sep2026 20:58:14.866] [main/DEBUG] [net.minecraftforge.fml.javafmlmod.FMLJavaModLanguageProvider/LOADING]: Loading FMLModContainer from classloader cpw.mods.modlauncher.TransformingClassLoader@7f8c3646 - got cpw.mods.cl.ModuleClassLoader@639aba11
[13Sep2026 20:58:14.866] [main/DEBUG] [net.minecraftforge.fml.javafmlmod.FMLModContainer/LOADING]: Creating FMLModContainer instance for net.fabricmc.fabric.impl.networking.NetworkingImpl
[13Sep2026 20:58:14.866] [main/DEBUG] [net.minecraftforge.fml.javafmlmod.FMLJavaModLanguageProvider/LOADING]: Loading FMLModContainer from classloader cpw.mods.modlauncher.TransformingClassLoader@7f8c3646 - got cpw.mods.cl.ModuleClassLoader@639aba11
[13Sep2026 20:58:14.866] [main/DEBUG] [net.minecraftforge.fml.javafmlmod.FMLModContainer/LOADING]: Creating FMLModContainer instance for com.convallyria.hugestructureblocks.forge.HSBForge
[13Sep2026 20:58:14.867] [main/DEBUG] [net.minecraftforge.fml.javafmlmod.FMLJavaModLanguageProvider/LOADING]: Loading FMLModContainer from classloader cpw.mods.modlauncher.TransformingClassLoader@7f8c3646 - got cpw.mods.cl.ModuleClassLoader@639aba11
[13Sep2026 20:58:14.867] [main/DEBUG] [net.minecraftforge.fml.javafmlmod.FMLModContainer/LOADING]: Creating FMLModContainer instance for net.mcreator.bindingvow.BindingvowMod
[13Sep2026 20:58:14.868] [main/DEBUG] [net.minecraftforge.fml.javafmlmod.FMLJavaModLanguageProvider/LOADING]: Loading FMLModContainer from classloader cpw.mods.modlauncher.TransformingClassLoader@7f8c3646 - got cpw.mods.cl.ModuleClassLoader@639aba11
[13Sep2026 20:58:14.870] [main/DEBUG] [net.minecraftforge.fml.javafmlmod.FMLModContainer/LOADING]: Creating FMLModContainer instance for net.fabricmc.fabric.impl.event.lifecycle.LifecycleEventsImpl
[13Sep2026 20:58:14.871] [main/DEBUG] [net.minecraftforge.fml.javafmlmod.FMLJavaModLanguageProvider/LOADING]: Loading FMLModContainer from classloader cpw.mods.modlauncher.TransformingClassLoader@7f8c3646 - got cpw.mods.cl.ModuleClassLoader@639aba11
[13Sep2026 20:58:14.871] [main/DEBUG] [net.minecraftforge.fml.javafmlmod.FMLModContainer/LOADING]: Creating FMLModContainer instance for com.quickskin.mod.forge.QuickSkinForge
[13Sep2026 20:58:14.872] [main/DEBUG] [net.minecraftforge.fml.javafmlmod.FMLJavaModLanguageProvider/LOADING]: Loading FMLModContainer from classloader cpw.mods.modlauncher.TransformingClassLoader@7f8c3646 - got cpw.mods.cl.ModuleClassLoader@639aba11
[13Sep2026 20:58:14.872] [main/DEBUG] [net.minecraftforge.fml.javafmlmod.FMLModContainer/LOADING]: Creating FMLModContainer instance for net.fabricmc.fabric.impl.client.keybinding.KeyBindingMod
[13Sep2026 20:58:14.872] [main/DEBUG] [net.minecraftforge.fml.javafmlmod.FMLJavaModLanguageProvider/LOADING]: Loading FMLModContainer from classloader cpw.mods.modlauncher.TransformingClassLoader@7f8c3646 - got cpw.mods.cl.ModuleClassLoader@639aba11
[13Sep2026 20:58:14.872] [main/DEBUG] [net.minecraftforge.fml.javafmlmod.FMLModContainer/LOADING]: Creating FMLModContainer instance for betteradvancements.forge.BetterAdvancements
[13Sep2026 20:58:14.878] [main/DEBUG] [net.minecraftforge.fml.javafmlmod.FMLJavaModLanguageProvider/LOADING]: Loading FMLModContainer from classloader cpw.mods.modlauncher.TransformingClassLoader@7f8c3646 - got cpw.mods.cl.ModuleClassLoader@639aba11
[13Sep2026 20:58:14.879] [main/DEBUG] [net.minecraftforge.fml.javafmlmod.FMLModContainer/LOADING]: Creating FMLModContainer instance for net.fabricmc.fabric.impl.tag.client.ClientTagsImpl
[13Sep2026 20:58:14.880] [main/DEBUG] [net.minecraftforge.fml.javafmlmod.FMLJavaModLanguageProvider/LOADING]: Loading FMLModContainer from classloader cpw.mods.modlauncher.TransformingClassLoader@7f8c3646 - got cpw.mods.cl.ModuleClassLoader@639aba11
[13Sep2026 20:58:14.880] [main/DEBUG] [net.minecraftforge.fml.javafmlmod.FMLModContainer/LOADING]: Creating FMLModContainer instance for com.almirion.core.AlmirionCore
[13Sep2026 20:58:14.880] [main/DEBUG] [net.minecraftforge.fml.javafmlmod.FMLJavaModLanguageProvider/LOADING]: Loading FMLModContainer from classloader cpw.mods.modlauncher.TransformingClassLoader@7f8c3646 - got cpw.mods.cl.ModuleClassLoader@639aba11
[13Sep2026 20:58:14.880] [main/DEBUG] [net.minecraftforge.fml.javafmlmod.FMLModContainer/LOADING]: Creating FMLModContainer instance for net.fabricmc.fabric.impl.transfer.TransferApiImpl
[13Sep2026 20:58:14.881] [main/DEBUG] [net.minecraftforge.fml.javafmlmod.FMLJavaModLanguageProvider/LOADING]: Loading FMLModContainer from classloader cpw.mods.modlauncher.TransformingClassLoader@7f8c3646 - got cpw.mods.cl.ModuleClassLoader@639aba11
[13Sep2026 20:58:14.881] [main/DEBUG] [net.minecraftforge.fml.javafmlmod.FMLModContainer/LOADING]: Creating FMLModContainer instance for net.fabricmc.fabric.impl.dimension.FabricDimensionInternals
[13Sep2026 20:58:14.881] [main/DEBUG] [net.minecraftforge.fml.javafmlmod.FMLJavaModLanguageProvider/LOADING]: Loading FMLModContainer from classloader cpw.mods.modlauncher.TransformingClassLoader@7f8c3646 - got cpw.mods.cl.ModuleClassLoader@639aba11
[13Sep2026 20:58:14.881] [main/DEBUG] [net.minecraftforge.fml.javafmlmod.FMLModContainer/LOADING]: Creating FMLModContainer instance for dev.latvian.mods.rhino.mod.forge.RhinoModForge
[13Sep2026 20:58:14.882] [main/DEBUG] [net.minecraftforge.fml.javafmlmod.FMLJavaModLanguageProvider/LOADING]: Loading FMLModContainer from classloader cpw.mods.modlauncher.TransformingClassLoader@7f8c3646 - got cpw.mods.cl.ModuleClassLoader@639aba11
[13Sep2026 20:58:14.882] [main/DEBUG] [net.minecraftforge.fml.javafmlmod.FMLModContainer/LOADING]: Creating FMLModContainer instance for com.github.alexmodguy.retrodamageindicators.Loader
[13Sep2026 20:58:14.882] [main/DEBUG] [net.minecraftforge.fml.javafmlmod.FMLJavaModLanguageProvider/LOADING]: Loading FMLModContainer from classloader cpw.mods.modlauncher.TransformingClassLoader@7f8c3646 - got cpw.mods.cl.ModuleClassLoader@639aba11
[13Sep2026 20:58:14.882] [main/DEBUG] [net.minecraftforge.fml.javafmlmod.FMLModContainer/LOADING]: Creating FMLModContainer instance for dev.ftb.mods.ftblibrary.forge.FTBLibraryForge
[13Sep2026 20:58:14.883] [main/DEBUG] [net.minecraftforge.fml.javafmlmod.FMLJavaModLanguageProvider/LOADING]: Loading FMLModContainer from classloader cpw.mods.modlauncher.TransformingClassLoader@7f8c3646 - got cpw.mods.cl.ModuleClassLoader@639aba11
[13Sep2026 20:58:14.883] [main/DEBUG] [net.minecraftforge.fml.javafmlmod.FMLModContainer/LOADING]: Creating FMLModContainer instance for dev.ftb.mods.ftbteams.forge.FTBTeamsForge
[13Sep2026 20:58:14.883] [main/DEBUG] [net.minecraftforge.fml.javafmlmod.FMLJavaModLanguageProvider/LOADING]: Loading FMLModContainer from classloader cpw.mods.modlauncher.TransformingClassLoader@7f8c3646 - got cpw.mods.cl.ModuleClassLoader@639aba11
[13Sep2026 20:58:14.883] [main/DEBUG] [net.minecraftforge.fml.javafmlmod.FMLModContainer/LOADING]: Creating FMLModContainer instance for com.limitedchunks.LimitedChunks
[13Sep2026 20:58:14.884] [main/DEBUG] [net.minecraftforge.fml.javafmlmod.FMLJavaModLanguageProvider/LOADING]: Loading FMLModContainer from classloader cpw.mods.modlauncher.TransformingClassLoader@7f8c3646 - got cpw.mods.cl.ModuleClassLoader@639aba11
[13Sep2026 20:58:14.884] [main/DEBUG] [net.minecraftforge.fml.javafmlmod.FMLModContainer/LOADING]: Creating FMLModContainer instance for it.hurts.octostudios.octolib.forge.OctoLibForge
[13Sep2026 20:58:14.884] [main/DEBUG] [net.minecraftforge.fml.javafmlmod.FMLJavaModLanguageProvider/LOADING]: Loading FMLModContainer from classloader cpw.mods.modlauncher.TransformingClassLoader@7f8c3646 - got cpw.mods.cl.ModuleClassLoader@639aba11
[13Sep2026 20:58:14.884] [main/DEBUG] [net.minecraftforge.fml.javafmlmod.FMLModContainer/LOADING]: Creating FMLModContainer instance for net.fabricmc.fabric.impl.client.model.loading.ModelLoadingImpl
[13Sep2026 20:58:14.884] [main/DEBUG] [net.minecraftforge.fml.javafmlmod.FMLJavaModLanguageProvider/LOADING]: Loading FMLModContainer from classloader cpw.mods.modlauncher.TransformingClassLoader@7f8c3646 - got cpw.mods.cl.ModuleClassLoader@639aba11
[13Sep2026 20:58:14.884] [main/DEBUG] [net.minecraftforge.fml.javafmlmod.FMLModContainer/LOADING]: Creating FMLModContainer instance for mezz.jei.forge.JustEnoughItems
[13Sep2026 20:58:14.885] [main/DEBUG] [net.minecraftforge.fml.javafmlmod.FMLJavaModLanguageProvider/LOADING]: Loading FMLModContainer from classloader cpw.mods.modlauncher.TransformingClassLoader@7f8c3646 - got cpw.mods.cl.ModuleClassLoader@639aba11
[13Sep2026 20:58:14.885] [main/DEBUG] [net.minecraftforge.fml.javafmlmod.FMLModContainer/LOADING]: Creating FMLModContainer instance for dev.latvian.mods.kubejs.forge.KubeJSForge
[13Sep2026 20:58:14.885] [main/DEBUG] [net.minecraftforge.fml.javafmlmod.FMLJavaModLanguageProvider/LOADING]: Loading FMLModContainer from classloader cpw.mods.modlauncher.TransformingClassLoader@7f8c3646 - got cpw.mods.cl.ModuleClassLoader@639aba11
[13Sep2026 20:58:14.885] [main/DEBUG] [net.minecraftforge.fml.javafmlmod.FMLModContainer/LOADING]: Creating FMLModContainer instance for net.darkhax.attributefix.AttributeFixForge
[13Sep2026 20:58:14.886] [main/DEBUG] [net.minecraftforge.fml.javafmlmod.FMLJavaModLanguageProvider/LOADING]: Loading FMLModContainer from classloader cpw.mods.modlauncher.TransformingClassLoader@7f8c3646 - got cpw.mods.cl.ModuleClassLoader@639aba11
[13Sep2026 20:58:14.886] [main/DEBUG] [net.minecraftforge.fml.javafmlmod.FMLModContainer/LOADING]: Creating FMLModContainer instance for xaero.lib.XaeroLibForge
[13Sep2026 20:58:14.886] [main/DEBUG] [net.minecraftforge.fml.javafmlmod.FMLJavaModLanguageProvider/LOADING]: Loading FMLModContainer from classloader cpw.mods.modlauncher.TransformingClassLoader@7f8c3646 - got cpw.mods.cl.ModuleClassLoader@639aba11
[13Sep2026 20:58:14.886] [main/DEBUG] [net.minecraftforge.fml.javafmlmod.FMLModContainer/LOADING]: Creating FMLModContainer instance for virtuoel.pehkui.Pehkui
[13Sep2026 20:58:14.887] [main/DEBUG] [net.minecraftforge.fml.javafmlmod.FMLJavaModLanguageProvider/LOADING]: Loading FMLModContainer from classloader cpw.mods.modlauncher.TransformingClassLoader@7f8c3646 - got cpw.mods.cl.ModuleClassLoader@639aba11
[13Sep2026 20:58:14.887] [main/DEBUG] [net.minecraftforge.fml.javafmlmod.FMLModContainer/LOADING]: Creating FMLModContainer instance for net.fabricmc.fabric.impl.screenhandler.ScreenHandlerImpl
[13Sep2026 20:58:14.888] [main/DEBUG] [net.minecraftforge.fml.javafmlmod.FMLJavaModLanguageProvider/LOADING]: Loading FMLModContainer from classloader cpw.mods.modlauncher.TransformingClassLoader@7f8c3646 - got cpw.mods.cl.ModuleClassLoader@639aba11
[13Sep2026 20:58:14.888] [main/DEBUG] [net.minecraftforge.fml.javafmlmod.FMLModContainer/LOADING]: Creating FMLModContainer instance for net.fabricmc.fabric.impl.resource.loader.ResourceLoaderImpl
[13Sep2026 20:58:14.888] [main/DEBUG] [net.minecraftforge.fml.javafmlmod.FMLJavaModLanguageProvider/LOADING]: Loading FMLModContainer from classloader cpw.mods.modlauncher.TransformingClassLoader@7f8c3646 - got cpw.mods.cl.ModuleClassLoader@639aba11
[13Sep2026 20:58:14.888] [main/DEBUG] [net.minecraftforge.fml.javafmlmod.FMLModContainer/LOADING]: Creating FMLModContainer instance for dev.tr7zw.trender.gui.impl.client.LibGuiBootstrap
[13Sep2026 20:58:14.888] [main/DEBUG] [net.minecraftforge.fml.javafmlmod.FMLJavaModLanguageProvider/LOADING]: Loading FMLModContainer from classloader cpw.mods.modlauncher.TransformingClassLoader@7f8c3646 - got cpw.mods.cl.ModuleClassLoader@639aba11
[13Sep2026 20:58:14.888] [main/DEBUG] [net.minecraftforge.fml.javafmlmod.FMLModContainer/LOADING]: Creating FMLModContainer instance for net.fabricmc.fabric.impl.client.rendering.RenderingImpl
[13Sep2026 20:58:14.889] [main/DEBUG] [net.minecraftforge.fml.javafmlmod.FMLJavaModLanguageProvider/LOADING]: Loading FMLModContainer from classloader cpw.mods.modlauncher.TransformingClassLoader@7f8c3646 - got cpw.mods.cl.ModuleClassLoader@639aba11
[13Sep2026 20:58:14.889] [main/DEBUG] [net.minecraftforge.fml.javafmlmod.FMLModContainer/LOADING]: Creating FMLModContainer instance for me.srrapero720.chloride.Chloride
[13Sep2026 20:58:14.889] [main/DEBUG] [net.minecraftforge.fml.javafmlmod.FMLJavaModLanguageProvider/LOADING]: Loading FMLModContainer from classloader cpw.mods.modlauncher.TransformingClassLoader@7f8c3646 - got cpw.mods.cl.ModuleClassLoader@639aba11
[13Sep2026 20:58:14.890] [main/DEBUG] [net.minecraftforge.fml.javafmlmod.FMLModContainer/LOADING]: Creating FMLModContainer instance for net.blay09.mods.waystones.ForgeWaystones
[13Sep2026 20:58:14.890] [main/DEBUG] [net.minecraftforge.fml.javafmlmod.FMLJavaModLanguageProvider/LOADING]: Loading FMLModContainer from classloader cpw.mods.modlauncher.TransformingClassLoader@7f8c3646 - got cpw.mods.cl.ModuleClassLoader@639aba11
[13Sep2026 20:58:14.890] [main/DEBUG] [net.minecraftforge.fml.javafmlmod.FMLModContainer/LOADING]: Creating FMLModContainer instance for net.fabricmc.fabric.impl.client.indigo.IndigoMod
[13Sep2026 20:58:14.890] [main/DEBUG] [net.minecraftforge.fml.javafmlmod.FMLJavaModLanguageProvider/LOADING]: Loading FMLModContainer from classloader cpw.mods.modlauncher.TransformingClassLoader@7f8c3646 - got cpw.mods.cl.ModuleClassLoader@639aba11
[13Sep2026 20:58:14.890] [main/DEBUG] [net.minecraftforge.fml.javafmlmod.FMLModContainer/LOADING]: Creating FMLModContainer instance for dev.shadowsoffire.fastsuite.FastSuite
[13Sep2026 20:58:14.891] [main/DEBUG] [net.minecraftforge.fml.javafmlmod.FMLJavaModLanguageProvider/LOADING]: Loading FMLModContainer from classloader cpw.mods.modlauncher.TransformingClassLoader@7f8c3646 - got cpw.mods.cl.ModuleClassLoader@639aba11
[13Sep2026 20:58:14.891] [main/DEBUG] [net.minecraftforge.fml.javafmlmod.FMLModContainer/LOADING]: Creating FMLModContainer instance for com.blamejared.clumps.Clumps
[13Sep2026 20:58:14.891] [main/DEBUG] [net.minecraftforge.fml.javafmlmod.FMLJavaModLanguageProvider/LOADING]: Loading FMLModContainer from classloader cpw.mods.modlauncher.TransformingClassLoader@7f8c3646 - got cpw.mods.cl.ModuleClassLoader@639aba11
[13Sep2026 20:58:14.891] [main/DEBUG] [net.minecraftforge.fml.javafmlmod.FMLModContainer/LOADING]: Creating FMLModContainer instance for com.fastasyncworldsave.FastAsyncWorldSave
[13Sep2026 20:58:14.892] [main/DEBUG] [net.minecraftforge.fml.javafmlmod.FMLJavaModLanguageProvider/LOADING]: Loading FMLModContainer from classloader cpw.mods.modlauncher.TransformingClassLoader@7f8c3646 - got cpw.mods.cl.ModuleClassLoader@639aba11
[13Sep2026 20:58:14.892] [main/DEBUG] [net.minecraftforge.fml.javafmlmod.FMLModContainer/LOADING]: Creating FMLModContainer instance for net.fabricmc.fabric.impl.mininglevel.MiningLevelImpl
[13Sep2026 20:58:14.892] [main/DEBUG] [net.minecraftforge.fml.javafmlmod.FMLJavaModLanguageProvider/LOADING]: Loading FMLModContainer from classloader cpw.mods.modlauncher.TransformingClassLoader@7f8c3646 - got cpw.mods.cl.ModuleClassLoader@639aba11
[13Sep2026 20:58:14.892] [main/DEBUG] [net.minecraftforge.fml.javafmlmod.FMLModContainer/LOADING]: Creating FMLModContainer instance for mod.chloeprime.aaaparticles.forge.AAAParticlesForge
[13Sep2026 20:58:14.892] [main/DEBUG] [net.minecraftforge.fml.javafmlmod.FMLJavaModLanguageProvider/LOADING]: Loading FMLModContainer from classloader cpw.mods.modlauncher.TransformingClassLoader@7f8c3646 - got cpw.mods.cl.ModuleClassLoader@639aba11
[13Sep2026 20:58:14.893] [main/DEBUG] [net.minecraftforge.fml.javafmlmod.FMLModContainer/LOADING]: Creating FMLModContainer instance for net.darkhax.badmobs.BadMobs
[13Sep2026 20:58:14.893] [main/DEBUG] [net.minecraftforge.fml.javafmlmod.FMLJavaModLanguageProvider/LOADING]: Loading FMLModContainer from classloader cpw.mods.modlauncher.TransformingClassLoader@7f8c3646 - got cpw.mods.cl.ModuleClassLoader@639aba11
[13Sep2026 20:58:14.893] [main/DEBUG] [net.minecraftforge.fml.javafmlmod.FMLModContainer/LOADING]: Creating FMLModContainer instance for toni.lib.TxniLib
[13Sep2026 20:58:14.893] [main/DEBUG] [net.minecraftforge.fml.javafmlmod.FMLJavaModLanguageProvider/LOADING]: Loading FMLModContainer from classloader cpw.mods.modlauncher.TransformingClassLoader@7f8c3646 - got cpw.mods.cl.ModuleClassLoader@639aba11
[13Sep2026 20:58:14.893] [main/DEBUG] [net.minecraftforge.fml.javafmlmod.FMLModContainer/LOADING]: Creating FMLModContainer instance for ca.fxco.memoryleakfix.forge.MemoryLeakFixForge
[13Sep2026 20:58:14.894] [main/DEBUG] [net.minecraftforge.fml.javafmlmod.FMLJavaModLanguageProvider/LOADING]: Loading FMLModContainer from classloader cpw.mods.modlauncher.TransformingClassLoader@7f8c3646 - got cpw.mods.cl.ModuleClassLoader@639aba11
[13Sep2026 20:58:14.894] [main/DEBUG] [net.minecraftforge.fml.javafmlmod.FMLModContainer/LOADING]: Creating FMLModContainer instance for com.almirionplaceholder.almplaceholderfix
[13Sep2026 20:58:14.894] [main/DEBUG] [net.minecraftforge.fml.javafmlmod.FMLJavaModLanguageProvider/LOADING]: Loading FMLModContainer from classloader cpw.mods.modlauncher.TransformingClassLoader@7f8c3646 - got cpw.mods.cl.ModuleClassLoader@639aba11
[13Sep2026 20:58:14.894] [main/DEBUG] [net.minecraftforge.fml.javafmlmod.FMLModContainer/LOADING]: Creating FMLModContainer instance for net.fabricmc.fabric.impl.particle.ParticlesImpl
[13Sep2026 20:58:14.894] [main/DEBUG] [net.minecraftforge.fml.javafmlmod.FMLJavaModLanguageProvider/LOADING]: Loading FMLModContainer from classloader cpw.mods.modlauncher.TransformingClassLoader@7f8c3646 - got cpw.mods.cl.ModuleClassLoader@639aba11
[13Sep2026 20:58:14.894] [main/DEBUG] [net.minecraftforge.fml.javafmlmod.FMLModContainer/LOADING]: Creating FMLModContainer instance for dev.ftb.mods.ftbchunks.forge.FTBChunksForge
[13Sep2026 20:58:14.895] [main/DEBUG] [net.minecraftforge.fml.javafmlmod.FMLJavaModLanguageProvider/LOADING]: Loading FMLModContainer from classloader cpw.mods.modlauncher.TransformingClassLoader@7f8c3646 - got cpw.mods.cl.ModuleClassLoader@639aba11
[13Sep2026 20:58:14.895] [main/DEBUG] [net.minecraftforge.fml.javafmlmod.FMLModContainer/LOADING]: Creating FMLModContainer instance for net.minecraftforge.common.ForgeMod
[13Sep2026 20:58:14.898] [main/DEBUG] [net.minecraftforge.fml.javafmlmod.FMLJavaModLanguageProvider/LOADING]: Loading FMLModContainer from classloader cpw.mods.modlauncher.TransformingClassLoader@7f8c3646 - got cpw.mods.cl.ModuleClassLoader@639aba11
[13Sep2026 20:58:14.898] [main/DEBUG] [net.minecraftforge.fml.javafmlmod.FMLModContainer/LOADING]: Creating FMLModContainer instance for com.jujutsucraftfix.JujutsuCraftFix
[13Sep2026 20:58:14.902] [main/DEBUG] [net.minecraftforge.fml.lowcodemod.LowCodeModLanguageProvider.LowCodeModTarget/LOADING]: Loading LowCodeModContainer from classloader cpw.mods.modlauncher.TransformingClassLoader@7f8c3646 - got cpw.mods.cl.ModuleClassLoader@639aba11
[13Sep2026 20:58:14.902] [main/DEBUG] [net.minecraftforge.fml.lowcodemod.LowCodeModContainer/LOADING]: Creating LowCodeModContainer for fabric_transitive_access_wideners_v1
[13Sep2026 20:58:14.903] [main/DEBUG] [net.minecraftforge.fml.javafmlmod.FMLJavaModLanguageProvider/LOADING]: Loading FMLModContainer from classloader cpw.mods.modlauncher.TransformingClassLoader@7f8c3646 - got cpw.mods.cl.ModuleClassLoader@639aba11
[13Sep2026 20:58:14.903] [main/DEBUG] [net.minecraftforge.fml.javafmlmod.FMLModContainer/LOADING]: Creating FMLModContainer instance for net.mcreator.jujutsucraft.JujutsucraftMod
[13Sep2026 20:58:14.904] [main/DEBUG] [net.minecraftforge.fml.javafmlmod.FMLJavaModLanguageProvider/LOADING]: Loading FMLModContainer from classloader cpw.mods.modlauncher.TransformingClassLoader@7f8c3646 - got cpw.mods.cl.ModuleClassLoader@639aba11
[13Sep2026 20:58:14.904] [main/DEBUG] [net.minecraftforge.fml.javafmlmod.FMLModContainer/LOADING]: Creating FMLModContainer instance for com.almirionutilities.AlmirionUtilitiesMod
[13Sep2026 20:58:14.904] [main/DEBUG] [net.minecraftforge.fml.javafmlmod.FMLJavaModLanguageProvider/LOADING]: Loading FMLModContainer from classloader cpw.mods.modlauncher.TransformingClassLoader@7f8c3646 - got cpw.mods.cl.ModuleClassLoader@639aba11
[13Sep2026 20:58:14.904] [main/DEBUG] [net.minecraftforge.fml.javafmlmod.FMLModContainer/LOADING]: Creating FMLModContainer instance for com.jujutsu.jujutsucraftutility.JujutsuCraftUtility
[13Sep2026 20:58:14.905] [main/DEBUG] [net.minecraftforge.fml.javafmlmod.FMLJavaModLanguageProvider/LOADING]: Loading FMLModContainer from classloader cpw.mods.modlauncher.TransformingClassLoader@7f8c3646 - got cpw.mods.cl.ModuleClassLoader@639aba11
[13Sep2026 20:58:14.905] [main/DEBUG] [net.minecraftforge.fml.javafmlmod.FMLModContainer/LOADING]: Creating FMLModContainer instance for net.slyrien.jujutsu.SlyrienJujutsuMod
[13Sep2026 20:58:14.906] [main/DEBUG] [net.minecraftforge.fml.javafmlmod.FMLJavaModLanguageProvider/LOADING]: Loading FMLModContainer from classloader cpw.mods.modlauncher.TransformingClassLoader@7f8c3646 - got cpw.mods.cl.ModuleClassLoader@639aba11
[13Sep2026 20:58:14.906] [main/DEBUG] [net.minecraftforge.fml.javafmlmod.FMLModContainer/LOADING]: Creating FMLModContainer instance for com.stovetoptoad.jujutsuslop.JujutsuSlop
[13Sep2026 20:58:14.906] [main/DEBUG] [net.minecraftforge.fml.javafmlmod.FMLJavaModLanguageProvider/LOADING]: Loading FMLModContainer from classloader cpw.mods.modlauncher.TransformingClassLoader@7f8c3646 - got cpw.mods.cl.ModuleClassLoader@639aba11
[13Sep2026 20:58:14.906] [main/DEBUG] [net.minecraftforge.fml.javafmlmod.FMLModContainer/LOADING]: Creating FMLModContainer instance for sho.jjsh.Jjsh
[13Sep2026 20:58:14.907] [main/DEBUG] [net.minecraftforge.fml.javafmlmod.FMLJavaModLanguageProvider/LOADING]: Loading FMLModContainer from classloader cpw.mods.modlauncher.TransformingClassLoader@7f8c3646 - got cpw.mods.cl.ModuleClassLoader@639aba11
[13Sep2026 20:58:14.907] [main/DEBUG] [net.minecraftforge.fml.javafmlmod.FMLModContainer/LOADING]: Creating FMLModContainer instance for com.smoothchunk.SmoothchunkMod
[13Sep2026 20:58:14.908] [main/DEBUG] [net.minecraftforge.fml.javafmlmod.FMLJavaModLanguageProvider/LOADING]: Loading FMLModContainer from classloader cpw.mods.modlauncher.TransformingClassLoader@7f8c3646 - got cpw.mods.cl.ModuleClassLoader@639aba11
[13Sep2026 20:58:14.908] [main/DEBUG] [net.minecraftforge.fml.javafmlmod.FMLModContainer/LOADING]: Creating FMLModContainer instance for net.mehvahdjukaar.moonlight.forge.MoonlightForge
[13Sep2026 20:58:14.909] [main/DEBUG] [net.minecraftforge.fml.javafmlmod.FMLJavaModLanguageProvider/LOADING]: Loading FMLModContainer from classloader cpw.mods.modlauncher.TransformingClassLoader@7f8c3646 - got cpw.mods.cl.ModuleClassLoader@639aba11
[13Sep2026 20:58:14.909] [main/DEBUG] [net.minecraftforge.fml.javafmlmod.FMLModContainer/LOADING]: Creating FMLModContainer instance for net.slyrienmodern.com.SlyrienModernMod
[13Sep2026 20:58:14.909] [main/DEBUG] [net.minecraftforge.fml.javafmlmod.FMLJavaModLanguageProvider/LOADING]: Loading FMLModContainer from classloader cpw.mods.modlauncher.TransformingClassLoader@7f8c3646 - got cpw.mods.cl.ModuleClassLoader@639aba11
[13Sep2026 20:58:14.909] [main/DEBUG] [net.minecraftforge.fml.javafmlmod.FMLModContainer/LOADING]: Creating FMLModContainer instance for net.fabricmc.fabric.impl.base.event.FabricApiBaseMod
[13Sep2026 20:58:14.909] [main/DEBUG] [net.minecraftforge.fml.javafmlmod.FMLJavaModLanguageProvider/LOADING]: Loading FMLModContainer from classloader cpw.mods.modlauncher.TransformingClassLoader@7f8c3646 - got cpw.mods.cl.ModuleClassLoader@639aba11
[13Sep2026 20:58:14.910] [main/DEBUG] [net.minecraftforge.fml.javafmlmod.FMLModContainer/LOADING]: Creating FMLModContainer instance for yalter.mousetweaks.forge.MouseTweaksForge
[13Sep2026 20:58:14.910] [main/DEBUG] [net.minecraftforge.fml.javafmlmod.FMLJavaModLanguageProvider/LOADING]: Loading FMLModContainer from classloader cpw.mods.modlauncher.TransformingClassLoader@7f8c3646 - got cpw.mods.cl.ModuleClassLoader@639aba11
[13Sep2026 20:58:14.910] [main/DEBUG] [net.minecraftforge.fml.javafmlmod.FMLModContainer/LOADING]: Creating FMLModContainer instance for com.example.examplemod.ExampleMod
[13Sep2026 20:58:14.911] [main/DEBUG] [net.minecraftforge.fml.javafmlmod.FMLJavaModLanguageProvider/LOADING]: Loading FMLModContainer from classloader cpw.mods.modlauncher.TransformingClassLoader@7f8c3646 - got cpw.mods.cl.ModuleClassLoader@639aba11
[13Sep2026 20:58:14.911] [main/DEBUG] [net.minecraftforge.fml.javafmlmod.FMLModContainer/LOADING]: Creating FMLModContainer instance for dev.ftb.mods.ftbquests.forge.FTBQuestsForge
[13Sep2026 20:58:14.912] [main/DEBUG] [net.minecraftforge.fml.javafmlmod.FMLJavaModLanguageProvider/LOADING]: Loading FMLModContainer from classloader cpw.mods.modlauncher.TransformingClassLoader@7f8c3646 - got cpw.mods.cl.ModuleClassLoader@639aba11
[13Sep2026 20:58:14.912] [main/DEBUG] [net.minecraftforge.fml.javafmlmod.FMLModContainer/LOADING]: Creating FMLModContainer instance for dev.ftb.mods.ftbxmodcompat.forge.FTBXModCompatForge
[13Sep2026 20:58:14.912] [main/DEBUG] [net.minecraftforge.fml.javafmlmod.FMLJavaModLanguageProvider/LOADING]: Loading FMLModContainer from classloader cpw.mods.modlauncher.TransformingClassLoader@7f8c3646 - got cpw.mods.cl.ModuleClassLoader@639aba11
[13Sep2026 20:58:14.912] [main/DEBUG] [net.minecraftforge.fml.javafmlmod.FMLModContainer/LOADING]: Creating FMLModContainer instance for net.fabricmc.fabric.impl.blockrenderlayer.BlockRenderLayerImpl
[13Sep2026 20:58:14.912] [main/DEBUG] [net.minecraftforge.fml.javafmlmod.FMLJavaModLanguageProvider/LOADING]: Loading FMLModContainer from classloader cpw.mods.modlauncher.TransformingClassLoader@7f8c3646 - got cpw.mods.cl.ModuleClassLoader@639aba11
[13Sep2026 20:58:14.912] [main/DEBUG] [net.minecraftforge.fml.javafmlmod.FMLModContainer/LOADING]: Creating FMLModContainer instance for com.bawnorton.mixinsquared.platform.forge.MixinSquaredMod
[13Sep2026 20:58:14.913] [main/DEBUG] [net.minecraftforge.fml.javafmlmod.FMLJavaModLanguageProvider/LOADING]: Loading FMLModContainer from classloader cpw.mods.modlauncher.TransformingClassLoader@7f8c3646 - got cpw.mods.cl.ModuleClassLoader@639aba11
[13Sep2026 20:58:14.913] [main/DEBUG] [net.minecraftforge.fml.javafmlmod.FMLModContainer/LOADING]: Creating FMLModContainer instance for snownee.jade.util.CommonProxy
[13Sep2026 20:58:14.914] [main/DEBUG] [net.minecraftforge.fml.javafmlmod.FMLJavaModLanguageProvider/LOADING]: Loading FMLModContainer from classloader cpw.mods.modlauncher.TransformingClassLoader@7f8c3646 - got cpw.mods.cl.ModuleClassLoader@639aba11
[13Sep2026 20:58:14.915] [main/DEBUG] [net.minecraftforge.fml.javafmlmod.FMLModContainer/LOADING]: Creating FMLModContainer instance for team.creative.creativecore.CreativeCore
[13Sep2026 20:58:14.915] [main/DEBUG] [net.minecraftforge.fml.javafmlmod.FMLJavaModLanguageProvider/LOADING]: Loading FMLModContainer from classloader cpw.mods.modlauncher.TransformingClassLoader@7f8c3646 - got cpw.mods.cl.ModuleClassLoader@639aba11
[13Sep2026 20:58:14.915] [main/DEBUG] [net.minecraftforge.fml.javafmlmod.FMLModContainer/LOADING]: Creating FMLModContainer instance for net.fabricmc.fabric.impl.block.BlockApiImpl
[13Sep2026 20:58:14.916] [main/DEBUG] [net.minecraftforge.fml.javafmlmod.FMLJavaModLanguageProvider/LOADING]: Loading FMLModContainer from classloader cpw.mods.modlauncher.TransformingClassLoader@7f8c3646 - got cpw.mods.cl.ModuleClassLoader@639aba11
[13Sep2026 20:58:14.916] [main/DEBUG] [net.minecraftforge.fml.javafmlmod.FMLModContainer/LOADING]: Creating FMLModContainer instance for net.fabricmc.fabric.impl.resource.conditions.ResourceConditionsMod
[13Sep2026 20:58:14.916] [main/DEBUG] [net.minecraftforge.fml.javafmlmod.FMLJavaModLanguageProvider/LOADING]: Loading FMLModContainer from classloader cpw.mods.modlauncher.TransformingClassLoader@7f8c3646 - got cpw.mods.cl.ModuleClassLoader@639aba11
[13Sep2026 20:58:14.916] [main/DEBUG] [net.minecraftforge.fml.javafmlmod.FMLModContainer/LOADING]: Creating FMLModContainer instance for net.mcreator.goldenagejujutsu.GoldenAgeJujutsuMod
[13Sep2026 20:58:14.917] [main/DEBUG] [net.minecraftforge.fml.javafmlmod.FMLJavaModLanguageProvider/LOADING]: Loading FMLModContainer from classloader cpw.mods.modlauncher.TransformingClassLoader@7f8c3646 - got cpw.mods.cl.ModuleClassLoader@639aba11
[13Sep2026 20:58:14.917] [main/DEBUG] [net.minecraftforge.fml.javafmlmod.FMLModContainer/LOADING]: Creating FMLModContainer instance for dev.satherov.ftbxaerocompat.forge.FTBXaeroCompatForgeClient
[13Sep2026 20:58:14.917] [main/DEBUG] [net.minecraftforge.fml.javafmlmod.FMLJavaModLanguageProvider/LOADING]: Loading FMLModContainer from classloader cpw.mods.modlauncher.TransformingClassLoader@7f8c3646 - got cpw.mods.cl.ModuleClassLoader@639aba11
[13Sep2026 20:58:14.917] [main/DEBUG] [net.minecraftforge.fml.javafmlmod.FMLModContainer/LOADING]: Creating FMLModContainer instance for xaero.minimap.XaeroMinimapForge
[13Sep2026 20:58:14.919] [main/DEBUG] [net.minecraftforge.fml.javafmlmod.FMLJavaModLanguageProvider/LOADING]: Loading FMLModContainer from classloader cpw.mods.modlauncher.TransformingClassLoader@7f8c3646 - got cpw.mods.cl.ModuleClassLoader@639aba11
[13Sep2026 20:58:14.919] [main/DEBUG] [net.minecraftforge.fml.javafmlmod.FMLModContainer/LOADING]: Creating FMLModContainer instance for net.fabricmc.fabric.impl.itemgroup.ItemGroupsApiImpl
[13Sep2026 20:58:14.920] [main/DEBUG] [net.minecraftforge.fml.javafmlmod.FMLJavaModLanguageProvider/LOADING]: Loading FMLModContainer from classloader cpw.mods.modlauncher.TransformingClassLoader@7f8c3646 - got cpw.mods.cl.ModuleClassLoader@639aba11
[13Sep2026 20:58:14.920] [main/DEBUG] [net.minecraftforge.fml.javafmlmod.FMLModContainer/LOADING]: Creating FMLModContainer instance for net.clearlagplus.ClearLagPlus
[13Sep2026 20:58:14.920] [main/DEBUG] [net.minecraftforge.fml.javafmlmod.FMLJavaModLanguageProvider/LOADING]: Loading FMLModContainer from classloader cpw.mods.modlauncher.TransformingClassLoader@7f8c3646 - got cpw.mods.cl.ModuleClassLoader@639aba11
[13Sep2026 20:58:14.920] [main/DEBUG] [net.minecraftforge.fml.javafmlmod.FMLModContainer/LOADING]: Creating FMLModContainer instance for dev.tr7zw.entityculling.EntityCullingBootstrap
[13Sep2026 20:58:14.921] [main/DEBUG] [net.minecraftforge.fml.javafmlmod.FMLJavaModLanguageProvider/LOADING]: Loading FMLModContainer from classloader cpw.mods.modlauncher.TransformingClassLoader@7f8c3646 - got cpw.mods.cl.ModuleClassLoader@639aba11
[13Sep2026 20:58:14.921] [main/DEBUG] [net.minecraftforge.fml.javafmlmod.FMLModContainer/LOADING]: Creating FMLModContainer instance for net.fabricmc.fabric.impl.biome.BiomeApiImpl
[13Sep2026 20:58:14.921] [main/DEBUG] [net.minecraftforge.fml.javafmlmod.FMLJavaModLanguageProvider/LOADING]: Loading FMLModContainer from classloader cpw.mods.modlauncher.TransformingClassLoader@7f8c3646 - got cpw.mods.cl.ModuleClassLoader@639aba11
[13Sep2026 20:58:14.921] [main/DEBUG] [net.minecraftforge.fml.javafmlmod.FMLModContainer/LOADING]: Creating FMLModContainer instance for com.jeremyseq.damageindicator.DamageIndicator
[13Sep2026 20:58:14.921] [main/DEBUG] [net.minecraftforge.fml.javafmlmod.FMLJavaModLanguageProvider/LOADING]: Loading FMLModContainer from classloader cpw.mods.modlauncher.TransformingClassLoader@7f8c3646 - got cpw.mods.cl.ModuleClassLoader@639aba11
[13Sep2026 20:58:14.921] [main/DEBUG] [net.minecraftforge.fml.javafmlmod.FMLModContainer/LOADING]: Creating FMLModContainer instance for net.fabricmc.fabric.impl.registry.sync.FabricRegistryInit
[13Sep2026 20:58:14.922] [main/DEBUG] [net.minecraftforge.fml.javafmlmod.FMLJavaModLanguageProvider/LOADING]: Loading FMLModContainer from classloader cpw.mods.modlauncher.TransformingClassLoader@7f8c3646 - got cpw.mods.cl.ModuleClassLoader@639aba11
[13Sep2026 20:58:14.922] [main/DEBUG] [net.minecraftforge.fml.javafmlmod.FMLModContainer/LOADING]: Creating FMLModContainer instance for net.raphimc.immediatelyfast.forge.ImmediatelyFastForge
[13Sep2026 20:58:14.922] [main/DEBUG] [net.minecraftforge.fml.javafmlmod.FMLJavaModLanguageProvider/LOADING]: Loading FMLModContainer from classloader cpw.mods.modlauncher.TransformingClassLoader@7f8c3646 - got cpw.mods.cl.ModuleClassLoader@639aba11
[13Sep2026 20:58:14.922] [main/DEBUG] [net.minecraftforge.fml.javafmlmod.FMLModContainer/LOADING]: Creating FMLModContainer instance for net.mcreator.jujutsucrafts.JujutsucraftsMod
[13Sep2026 20:58:14.923] [main/DEBUG] [net.minecraftforge.fml.javafmlmod.FMLJavaModLanguageProvider/LOADING]: Loading FMLModContainer from classloader cpw.mods.modlauncher.TransformingClassLoader@7f8c3646 - got cpw.mods.cl.ModuleClassLoader@639aba11
[13Sep2026 20:58:14.923] [main/DEBUG] [net.minecraftforge.fml.javafmlmod.FMLModContainer/LOADING]: Creating FMLModContainer instance for com.moepus.gbf.Gbf
[13Sep2026 20:58:14.923] [main/DEBUG] [net.minecraftforge.fml.javafmlmod.FMLJavaModLanguageProvider/LOADING]: Loading FMLModContainer from classloader cpw.mods.modlauncher.TransformingClassLoader@7f8c3646 - got cpw.mods.cl.ModuleClassLoader@639aba11
[13Sep2026 20:58:14.923] [main/DEBUG] [net.minecraftforge.fml.javafmlmod.FMLModContainer/LOADING]: Creating FMLModContainer instance for net.fabricmc.fabric.impl.recipe.ingredient.RecipesImpl
[13Sep2026 20:58:14.924] [main/DEBUG] [net.minecraftforge.fml.javafmlmod.FMLJavaModLanguageProvider/LOADING]: Loading FMLModContainer from classloader cpw.mods.modlauncher.TransformingClassLoader@7f8c3646 - got cpw.mods.cl.ModuleClassLoader@639aba11
[13Sep2026 20:58:14.924] [main/DEBUG] [net.minecraftforge.fml.javafmlmod.FMLModContainer/LOADING]: Creating FMLModContainer instance for noobanidus.mods.lootr.Lootr
[13Sep2026 20:58:14.924] [main/DEBUG] [net.minecraftforge.fml.javafmlmod.FMLJavaModLanguageProvider/LOADING]: Loading FMLModContainer from classloader cpw.mods.modlauncher.TransformingClassLoader@7f8c3646 - got cpw.mods.cl.ModuleClassLoader@639aba11
[13Sep2026 20:58:14.924] [main/DEBUG] [net.minecraftforge.fml.javafmlmod.FMLModContainer/LOADING]: Creating FMLModContainer instance for malte0811.ferritecore.ModMainForge
[13Sep2026 20:58:14.924] [main/DEBUG] [net.minecraftforge.fml.javafmlmod.FMLJavaModLanguageProvider/LOADING]: Loading FMLModContainer from classloader cpw.mods.modlauncher.TransformingClassLoader@7f8c3646 - got cpw.mods.cl.ModuleClassLoader@639aba11
[13Sep2026 20:58:14.925] [main/DEBUG] [net.minecraftforge.fml.javafmlmod.FMLModContainer/LOADING]: Creating FMLModContainer instance for net.fabricmc.fabric.impl.object.builder.ObjectBuilderApiImpl
[13Sep2026 20:58:14.925] [main/DEBUG] [net.minecraftforge.fml.javafmlmod.FMLJavaModLanguageProvider/LOADING]: Loading FMLModContainer from classloader cpw.mods.modlauncher.TransformingClassLoader@7f8c3646 - got cpw.mods.cl.ModuleClassLoader@639aba11
[13Sep2026 20:58:14.925] [main/DEBUG] [net.minecraftforge.fml.javafmlmod.FMLModContainer/LOADING]: Creating FMLModContainer instance for me.flashyreese.mods.sodiumextra.EmbeddiumExtraMod
[13Sep2026 20:58:14.925] [main/DEBUG] [net.minecraftforge.fml.javafmlmod.FMLJavaModLanguageProvider/LOADING]: Loading FMLModContainer from classloader cpw.mods.modlauncher.TransformingClassLoader@7f8c3646 - got cpw.mods.cl.ModuleClassLoader@639aba11
[13Sep2026 20:58:14.925] [main/DEBUG] [net.minecraftforge.fml.javafmlmod.FMLModContainer/LOADING]: Creating FMLModContainer instance for toni.immersivemessages.ImmersiveMessages
[13Sep2026 20:58:14.925] [main/DEBUG] [net.minecraftforge.fml.javafmlmod.FMLJavaModLanguageProvider/LOADING]: Loading FMLModContainer from classloader cpw.mods.modlauncher.TransformingClassLoader@7f8c3646 - got cpw.mods.cl.ModuleClassLoader@639aba11
[13Sep2026 20:58:14.926] [main/DEBUG] [net.minecraftforge.fml.javafmlmod.FMLModContainer/LOADING]: Creating FMLModContainer instance for net.fabricmc.fabric.impl.client.sound.SoundsImpl
[13Sep2026 20:58:14.926] [main/DEBUG] [net.minecraftforge.fml.javafmlmod.FMLJavaModLanguageProvider/LOADING]: Loading FMLModContainer from classloader cpw.mods.modlauncher.TransformingClassLoader@7f8c3646 - got cpw.mods.cl.ModuleClassLoader@639aba11
[13Sep2026 20:58:14.926] [main/DEBUG] [net.minecraftforge.fml.javafmlmod.FMLModContainer/LOADING]: Creating FMLModContainer instance for net.fabricmc.fabric.impl.message.MessagesImpl
[13Sep2026 20:58:14.926] [main/DEBUG] [net.minecraftforge.fml.javafmlmod.FMLJavaModLanguageProvider/LOADING]: Loading FMLModContainer from classloader cpw.mods.modlauncher.TransformingClassLoader@7f8c3646 - got cpw.mods.cl.ModuleClassLoader@639aba11
[13Sep2026 20:58:14.926] [main/DEBUG] [net.minecraftforge.fml.javafmlmod.FMLModContainer/LOADING]: Creating FMLModContainer instance for dev.tonimatas.packetfixer.PacketFixerMod
[13Sep2026 20:58:14.926] [main/DEBUG] [net.minecraftforge.fml.javafmlmod.FMLJavaModLanguageProvider/LOADING]: Loading FMLModContainer from classloader cpw.mods.modlauncher.TransformingClassLoader@7f8c3646 - got cpw.mods.cl.ModuleClassLoader@639aba11
[13Sep2026 20:58:14.926] [main/DEBUG] [net.minecraftforge.fml.javafmlmod.FMLModContainer/LOADING]: Creating FMLModContainer instance for net.fabricmc.fabric.impl.datagen.FabricDatagenImpl
[13Sep2026 20:58:14.927] [main/DEBUG] [net.minecraftforge.fml.javafmlmod.FMLJavaModLanguageProvider/LOADING]: Loading FMLModContainer from classloader cpw.mods.modlauncher.TransformingClassLoader@7f8c3646 - got cpw.mods.cl.ModuleClassLoader@639aba11
[13Sep2026 20:58:14.927] [main/DEBUG] [net.minecraftforge.fml.javafmlmod.FMLModContainer/LOADING]: Creating FMLModContainer instance for net.fabricmc.fabric.impl.event.interaction.InteractionEventsRouter
[13Sep2026 20:58:14.948] [modloading-worker-0/DEBUG] [net.minecraftforge.fml.javafmlmod.AutomaticEventSubscriber/LOADING]: Attempting to inject @EventBusSubscriber classes into the eventbus for fabric_renderer_api_v1
[13Sep2026 20:58:14.947] [modloading-worker-0/DEBUG] [net.minecraftforge.fml.javafmlmod.AutomaticEventSubscriber/LOADING]: Attempting to inject @EventBusSubscriber classes into the eventbus for kuma_api
[13Sep2026 20:58:14.951] [modloading-worker-0/DEBUG] [net.minecraftforge.fml.javafmlmod.AutomaticEventSubscriber/LOADING]: Attempting to inject @EventBusSubscriber classes into the eventbus for playeranimator
[13Sep2026 20:58:14.951] [modloading-worker-0/DEBUG] [net.minecraftforge.fml.javafmlmod.AutomaticEventSubscriber/LOADING]: Attempting to inject @EventBusSubscriber classes into the eventbus for fabric_rendering_fluids_v1
[13Sep2026 20:58:14.952] [modloading-worker-0/DEBUG] [net.minecraftforge.fml.javafmlmod.AutomaticEventSubscriber/LOADING]: Attempting to inject @EventBusSubscriber classes into the eventbus for fabric_models_v0
[13Sep2026 20:58:14.958] [modloading-worker-0/DEBUG] [net.minecraftforge.fml.javafmlmod.AutomaticEventSubscriber/LOADING]: Attempting to inject @EventBusSubscriber classes into the eventbus for fabric_item_api_v1
[13Sep2026 20:58:14.961] [modloading-worker-0/DEBUG] [net.minecraftforge.fml.javafmlmod.AutomaticEventSubscriber/LOADING]: Attempting to inject @EventBusSubscriber classes into the eventbus for fabric_convention_tags_v1
[13Sep2026 20:58:14.980] [modloading-worker-0/DEBUG] [net.minecraftforge.fml.javafmlmod.AutomaticEventSubscriber/LOADING]: Attempting to inject @EventBusSubscriber classes into the eventbus for geckolib
[13Sep2026 20:58:14.980] [modloading-worker-0/DEBUG] [net.minecraftforge.fml.javafmlmod.AutomaticEventSubscriber/LOADING]: Auto-subscribing software.bernie.example.GeckoLibMod to FORGE
[13Sep2026 20:58:14.980] [modloading-worker-0/DEBUG] [net.minecraftforge.fml.javafmlmod.AutomaticEventSubscriber/LOADING]: Auto-subscribing software.bernie.example.CommonListener to MOD
[13Sep2026 20:58:14.984] [modloading-worker-0/DEBUG] [net.minecraftforge.fml.javafmlmod.AutomaticEventSubscriber/LOADING]: Attempting to inject @EventBusSubscriber classes into the eventbus for controlling
[13Sep2026 20:58:15.005] [modloading-worker-0/DEBUG] [net.minecraftforge.fml.javafmlmod.AutomaticEventSubscriber/LOADING]: Attempting to inject @EventBusSubscriber classes into the eventbus for connectivity
[13Sep2026 20:58:15.006] [modloading-worker-0/DEBUG] [xaero.map.WorldMap/]: Loaded xaero.map.platform.services.ForgePlatformHelper@4b16733c for service interface xaero.map.platform.services.IPlatformHelper
[13Sep2026 20:58:15.010] [modloading-worker-0/DEBUG] [net.minecraftforge.fml.javafmlmod.AutomaticEventSubscriber/LOADING]: Attempting to inject @EventBusSubscriber classes into the eventbus for placebo
[13Sep2026 20:58:15.010] [modloading-worker-0/DEBUG] [net.minecraftforge.fml.javafmlmod.AutomaticEventSubscriber/LOADING]: Auto-subscribing dev.shadowsoffire.placebo.util.PlaceboTaskQueue to FORGE
[13Sep2026 20:58:15.017] [modloading-worker-0/DEBUG] [xaero.lib.XaeroLib/]: Loaded xaero.lib.platform.services.PlatformHelperForge@1572ae23 for service interface xaero.lib.platform.services.IPlatformHelper
[13Sep2026 20:58:15.020] [modloading-worker-0/DEBUG] [net.minecraftforge.fml.javafmlmod.AutomaticEventSubscriber/LOADING]: Attempting to inject @EventBusSubscriber classes into the eventbus for fabric_command_api_v1
[13Sep2026 20:58:15.023] [modloading-worker-0/DEBUG] [mixin/]: Mixing CommandSourceStackMixin from kubejs-common.mixins.json into net.minecraft.commands.CommandSourceStack
[13Sep2026 20:58:15.024] [modloading-worker-0/DEBUG] [net.minecraftforge.fml.javafmlmod.AutomaticEventSubscriber/LOADING]: Attempting to inject @EventBusSubscriber classes into the eventbus for fabric_block_view_api_v2
[13Sep2026 20:58:15.024] [modloading-worker-0/DEBUG] [mixin/]: Renaming synthetic method lambda$kjs$sendSuccess$0(Lnet/minecraft/network/chat/Component;)Lnet/minecraft/network/chat/Component; to mdbf378c$lambda$kjs$sendSuccess$0$0 in kubejs-common.mixins.json:CommandSourceStackMixin
[13Sep2026 20:58:15.027] [modloading-worker-0/DEBUG] [net.minecraftforge.fml.javafmlmod.AutomaticEventSubscriber/LOADING]: Attempting to inject @EventBusSubscriber classes into the eventbus for fabric_command_api_v2
[13Sep2026 20:58:15.035] [modloading-worker-0/DEBUG] [mixin/]: Mixing DamageSourceMixin from kubejs-common.mixins.json into net.minecraft.world.damagesource.DamageSource
[13Sep2026 20:58:15.036] [modloading-worker-0/DEBUG] [net.minecraftforge.fml.config.ConfigTracker/CONFIG]: Config file sophisticatedcore-common.toml for sophisticatedcore tracking
[13Sep2026 20:58:15.036] [modloading-worker-0/DEBUG] [net.minecraftforge.fml.config.ConfigTracker/CONFIG]: Config file sophisticatedcore-client.toml for sophisticatedcore tracking
[13Sep2026 20:58:15.042] [modloading-worker-0/DEBUG] [net.minecraftforge.fml.config.ConfigTracker/CONFIG]: Config file modernfix-common.toml for modernfix tracking
[13Sep2026 20:58:15.044] [modloading-worker-0/DEBUG] [mixin/]: Mixing perf.forge_registry_lambda.RegistryObjectMixin from modernfix-modernfix.mixins.json into net.minecraftforge.registries.RegistryObject
[13Sep2026 20:58:15.051] [modloading-worker-0/DEBUG] [ModernFix/]: Removed 2 unneeded annotations from file kuma-api-forge-20.1.12+1.20.1.jar
[13Sep2026 20:58:15.053] [modloading-worker-0/DEBUG] [ModernFix/]: Removed 43 unneeded annotations from file fabric-renderer-api-v1-3.2.1+cf68abbe77.jar
[13Sep2026 20:58:15.055] [modloading-worker-0/DEBUG] [ModernFix/]: Removed 190 unneeded annotations from file geckolib-forge-1.20.1-4.8.2.jar
[13Sep2026 20:58:15.057] [modloading-worker-0/DEBUG] [net.minecraftforge.fml.javafmlmod.AutomaticEventSubscriber/LOADING]: Attempting to inject @EventBusSubscriber classes into the eventbus for fabric_data_attachment_api_v1
[13Sep2026 20:58:15.057] [modloading-worker-0/DEBUG] [ModernFix/]: Removed 178 unneeded annotations from file player-animation-lib-forge-1.0.2-rc1+1.20.jar
[13Sep2026 20:58:15.059] [modloading-worker-0/DEBUG] [ModernFix/]: Removed 28 unneeded annotations from file fabric-item-api-v1-2.1.28+4d0bbcfa77.jar
[13Sep2026 20:58:15.059] [modloading-worker-0/DEBUG] [ModernFix/]: Removed 22 unneeded annotations from file fabric-rendering-fluids-v1-3.0.28+4ac5e37a77.jar
[13Sep2026 20:58:15.059] [modloading-worker-0/DEBUG] [ModernFix/]: Removed 4 unneeded annotations from file fabric-models-v0-0.4.2+7c3892a477.jar
[13Sep2026 20:58:15.060] [modloading-worker-0/DEBUG] [ModernFix/]: Removed 154 unneeded annotations from file connectivity-1.20.1-7.6.jar
[13Sep2026 20:58:15.061] [modloading-worker-0/DEBUG] [mixin/]: Mixing JsonDataLoaderMixin from fabric-resource-conditions-api-v1.mixins.json into net.minecraft.server.packs.resources.SimpleJsonResourceReloadListener
[13Sep2026 20:58:15.061] [modloading-worker-0/DEBUG] [mixin/]: fabric-resource-conditions-api-v1.mixins.json:JsonDataLoaderMixin: Class version 61 required is higher than the class version supported by the current version of Mixin (JAVA_16 supports class version 60)
[13Sep2026 20:58:15.061] [modloading-worker-0/DEBUG] [ModernFix/]: Removed 208 unneeded annotations from file sophisticatedcore-1.20.1-1.5.0.2316.jar
[13Sep2026 20:58:15.068] [modloading-worker-0/DEBUG] [ModernFix/]: Removed 1 unneeded annotations from file fabric-convention-tags-v1-1.5.5+fa3d1c0177.jar
[13Sep2026 20:58:15.069] [modloading-worker-0/DEBUG] [ModernFix/]: Removed 50 unneeded annotations from file xaeroworldmap-forge-1.20.1-1.45.0.jar
[13Sep2026 20:58:15.072] [modloading-worker-0/DEBUG] [ModernFix/]: Removed 13 unneeded annotations from file Controlling-forge-1.20.1-12.0.2.jar
[13Sep2026 20:58:15.073] [modloading-worker-0/DEBUG] [mixin/]: Mixing ConditionHackMixin from moonlight.mixins.json into net.minecraft.server.packs.resources.SimplePreparableReloadListener
[13Sep2026 20:58:15.073] [modloading-worker-0/DEBUG] [ModernFix/]: Removed 46 unneeded annotations from file Placebo-1.20.1-8.6.3.jar
[13Sep2026 20:58:15.076] [modloading-worker-0/DEBUG] [mixin/]: Mixing SinglePreparationResourceReloaderMixin from fabric-resource-conditions-api-v1.mixins.json into net.minecraft.server.packs.resources.SimplePreparableReloadListener
[13Sep2026 20:58:15.077] [modloading-worker-0/DEBUG] [mixin/]: fabric-resource-conditions-api-v1.mixins.json:SinglePreparationResourceReloaderMixin: Class version 61 required is higher than the class version supported by the current version of Mixin (JAVA_16 supports class version 60)
[13Sep2026 20:58:15.078] [modloading-worker-0/DEBUG] [ModernFix/]: Removed 1152 unneeded annotations from file modernfix-forge-5.27.83+mc1.20.1.jar
[13Sep2026 20:58:15.080] [modloading-worker-0/DEBUG] [ModernFix/]: Removed 1 unneeded annotations from file fabric-command-api-v1-1.2.34+f71b366f77.jar
[13Sep2026 20:58:15.080] [modloading-worker-0/DEBUG] [ModernFix/]: Removed 19 unneeded annotations from file fabric-block-view-api-v2-1.0.1+0767707077.jar
[13Sep2026 20:58:15.080] [modloading-worker-0/DEBUG] [ModernFix/]: Removed 13 unneeded annotations from file fabric-command-api-v2-2.2.13+561530ec77.jar
[13Sep2026 20:58:15.080] [modloading-worker-0/DEBUG] [ModernFix/]: Removed 63 unneeded annotations from file fabric-data-attachment-api-v1-1.0.0+30ef839e77.jar
[13Sep2026 20:58:15.081] [modloading-worker-0/DEBUG] [ModernFix/]: Removed 101 unneeded annotations from file sophisticatedbackpacks-1.20.1-3.24.67.2109.jar
[13Sep2026 20:58:15.086] [modloading-worker-0/DEBUG] [ModernFix/]: Removed 81 unneeded annotations from file balm-forge-1.20.1-7.3.42.jar
[13Sep2026 20:58:15.094] [modloading-worker-0/DEBUG] [ModernFix/]: Removed 69 unneeded annotations from file fabric-screen-api-v1-2.0.8+45a670a577.jar
[13Sep2026 20:58:15.098] [modloading-worker-0/DEBUG] [ModernFix/]: Removed 62 unneeded annotations from file sodiumoptionsapi-forge-1.0.10-1.20.1.jar
[13Sep2026 20:58:15.103] [modloading-worker-0/DEBUG] [ModernFix/]: Removed 388 unneeded annotations from file cloth-config-11.1.136-forge.jar
[13Sep2026 20:58:15.106] [modloading-worker-0/DEBUG] [ModernFix/]: Removed 145 unneeded annotations from file sound-physics-remastered-forge-1.20.1-1.5.1.jar
[13Sep2026 20:58:15.109] [modloading-worker-0/DEBUG] [ModernFix/]: Removed 23 unneeded annotations from file dummmmmmy-1.20-2.0.12-forge.jar
[13Sep2026 20:58:15.110] [modloading-worker-0/DEBUG] [ModernFix/]: Removed 1 unneeded annotations from file fabric-api-0.92.2+1.11.12+1.20.1.jar
[13Sep2026 20:58:15.110] [modloading-worker-0/DEBUG] [ModernFix/]: Removed 45 unneeded annotations from file fabric-content-registries-v0-4.0.11+a670df1e77.jar
[13Sep2026 20:58:15.110] [modloading-worker-0/DEBUG] [ModernFix/]: Removed 130 unneeded annotations from file sodiumdynamiclights-forge-1.0.10-1.20.1.jar
[13Sep2026 20:58:15.108] [modloading-worker-0/DEBUG] [mixin/]: Mixing ServerResourcesMixin from placebo.mixins.json into net.minecraft.server.ReloadableServerResources
[13Sep2026 20:58:15.112] [modloading-worker-0/DEBUG] [ModernFix/]: Removed 725 unneeded annotations from file embeddium-0.3.31+mc1.20.1.jar
[13Sep2026 20:58:15.116] [modloading-worker-0/DEBUG] [ModernFix/]: Removed 407 unneeded annotations from file entity_model_features-3.3.5-1.20.1-forge.jar
[13Sep2026 20:58:15.117] [modloading-worker-0/DEBUG] [mixin/]: Mixing ReloadableServerResourcesMixin from balm.mixins.json into net.minecraft.server.ReloadableServerResources
[13Sep2026 20:58:15.117] [modloading-worker-0/DEBUG] [mixin/]: Renaming synthetic method lambda$loadResources$0(Lnet/minecraft/server/ReloadableServerResources;)V to mdbf378c$lambda$loadResources$0$0 in balm.mixins.json:ReloadableServerResourcesMixin
[13Sep2026 20:58:15.118] [modloading-worker-0/DEBUG] [ModernFix/]: Removed 32 unneeded annotations from file ExtraQuests-1.7.0-1.20.1-Forge.jar
[13Sep2026 20:58:15.118] [modloading-worker-0/DEBUG] [ModernFix/]: Removed 497 unneeded annotations from file entity_texture_features-7.2.1-1.20.1-forge.jar
[13Sep2026 20:58:15.120] [modloading-worker-0/DEBUG] [ModernFix/]: Removed 37 unneeded annotations from file fabric-game-rule-api-v1-1.0.40+683d4da877.jar
[13Sep2026 20:58:15.120] [modloading-worker-0/DEBUG] [ModernFix/]: Removed 11 unneeded annotations from file AmbientSounds_FORGE_v6.3.8_mc1.20.1.jar
[13Sep2026 20:58:15.121] [modloading-worker-0/DEBUG] [ModernFix/]: Removed 41 unneeded annotations from file fabric-api-lookup-api-v1-1.6.36+67f9824077.jar
[13Sep2026 20:58:15.121] [modloading-worker-0/DEBUG] [ModernFix/]: Removed 33 unneeded annotations from file jjcnbtfix-1.0.5.jar
[13Sep2026 20:58:15.122] [modloading-worker-0/DEBUG] [ModernFix/]: Removed 92 unneeded annotations from file bobby-1.20.1_v5.0.1.jar
[13Sep2026 20:58:15.123] [modloading-worker-0/DEBUG] [mixin/]: Mixing DataPackContentsMixin from fabric-lifecycle-events-v1.mixins.json into net.minecraft.server.ReloadableServerResources
[13Sep2026 20:58:15.124] [modloading-worker-0/DEBUG] [mixin/]: Mixing ReloadableServerResourcesMixin from kubejs-common.mixins.json into net.minecraft.server.ReloadableServerResources
[13Sep2026 20:58:15.125] [modloading-worker-0/DEBUG] [ModernFix/]: Removed 2012 unneeded annotations from file spark-1.10.53-forge.jar
[13Sep2026 20:58:15.127] [modloading-worker-0/DEBUG] [mixin/]: Mixing ServerResourcesMixin from fastsuite.mixins.json into net.minecraft.server.ReloadableServerResources
[13Sep2026 20:58:15.130] [modloading-worker-0/DEBUG] [mixin/]: Mixing ReloadableServerResourcesMixin from moonlight-common.mixins.json into net.minecraft.server.ReloadableServerResources
[13Sep2026 20:58:15.131] [modloading-worker-0/DEBUG] [mixin/]: Mixing DataPackContentsMixin from fabric-resource-conditions-api-v1.mixins.json into net.minecraft.server.ReloadableServerResources
[13Sep2026 20:58:15.131] [modloading-worker-0/DEBUG] [mixin/]: fabric-resource-conditions-api-v1.mixins.json:DataPackContentsMixin: Class version 61 required is higher than the class version supported by the current version of Mixin (JAVA_16 supports class version 60)
[13Sep2026 20:58:15.135] [modloading-worker-0/DEBUG] [ModernFix/]: Removed 289 unneeded annotations from file curios-forge-5.14.1+1.20.1.jar
[13Sep2026 20:58:15.136] [modloading-worker-0/DEBUG] [ModernFix/]: Removed 101 unneeded annotations from file Patchouli-1.20.1-85-FORGE.jar
[13Sep2026 20:58:15.152] [modloading-worker-0/DEBUG] [mixin/]: Mixing StringTagMixin from rhino-common.mixins.json into net.minecraft.nbt.StringTag
[13Sep2026 20:58:15.163] [modloading-worker-0/DEBUG] [mixin/]: Mixing MixinPlayerList from xaeroworldmap.mixins.json into net.minecraft.server.players.PlayerList
[13Sep2026 20:58:15.164] [modloading-worker-0/DEBUG] [mixin/]: Mixing perf.smart_ingredient_sync.PlayerListMixin from modernfix-modernfix.mixins.json into net.minecraft.server.players.PlayerList
[13Sep2026 20:58:15.164] [modloading-worker-0/DEBUG] [ModernFix/]: Removed 130 unneeded annotations from file ExtraLib-3.1.0-1.20.1-Forge.jar
[13Sep2026 20:58:15.166] [modloading-worker-0/DEBUG] [mixin/]: Mixing PlayerListMixin from balm.mixins.json into net.minecraft.server.players.PlayerList
[13Sep2026 20:58:15.162] [modloading-worker-0/INFO] [xaero.map.WorldMap/]: Registering common data for channel xaeroworldmap:main!
[13Sep2026 20:58:15.167] [modloading-worker-0/DEBUG] [mixin/]: Mixing PlayerManagerMixin from fabric-entity-events-v1.mixins.json into net.minecraft.server.players.PlayerList
[13Sep2026 20:58:15.167] [modloading-worker-0/DEBUG] [mixin/]: fabric-entity-events-v1.mixins.json:PlayerManagerMixin: Class version 61 required is higher than the class version supported by the current version of Mixin (JAVA_16 supports class version 60)
[13Sep2026 20:58:15.168] [modloading-worker-0/DEBUG] [mixin/]: Mixing PlayerManagerMixin from fabric-networking-api-v1.mixins.json into net.minecraft.server.players.PlayerList
[13Sep2026 20:58:15.168] [modloading-worker-0/DEBUG] [mixin/]: fabric-networking-api-v1.mixins.json:PlayerManagerMixin: Class version 61 required is higher than the class version supported by the current version of Mixin (JAVA_16 supports class version 60)
[13Sep2026 20:58:15.168] [modloading-worker-0/DEBUG] [mixin/]: Mixing PlayerManagerMixin from fabric-lifecycle-events-v1.mixins.json into net.minecraft.server.players.PlayerList
[13Sep2026 20:58:15.169] [modloading-worker-0/DEBUG] [mixin/]: Mixing PlayerListMixin from kubejs-common.mixins.json into net.minecraft.server.players.PlayerList
[13Sep2026 20:58:15.171] [modloading-worker-0/DEBUG] [mixin/]: Mixing MixinPlayerList from xaerolib.mixins.json into net.minecraft.server.players.PlayerList
[13Sep2026 20:58:15.172] [modloading-worker-0/DEBUG] [mixin/]: Mixing compat1201minus.PlayerManagerMixin from pehkui.mixins.json into net.minecraft.server.players.PlayerList
[13Sep2026 20:58:15.174] [modloading-worker-0/DEBUG] [mixin/]: Mixing MixinPlayerList from xaerohud.mixins.json into net.minecraft.server.players.PlayerList
[13Sep2026 20:58:15.175] [modloading-worker-0/DEBUG] [mixin/]: Mixing PlayerManagerMixin from fabric-message-api-v1.mixins.json into net.minecraft.server.players.PlayerList
[13Sep2026 20:58:15.175] [modloading-worker-0/DEBUG] [mixin/]: fabric-message-api-v1.mixins.json:PlayerManagerMixin: Class version 61 required is higher than the class version supported by the current version of Mixin (JAVA_16 supports class version 60)
[13Sep2026 20:58:15.185] [modloading-worker-0/DEBUG] [ModernFix/]: Removed 17 unneeded annotations from file Searchables-forge-1.20.1-1.0.3.jar
[13Sep2026 20:58:15.185] [modloading-worker-0/DEBUG] [ModernFix/]: Removed 81 unneeded annotations from file fabric-entity-events-v1-1.6.0+4ca7515277.jar
[13Sep2026 20:58:15.192] [modloading-worker-0/DEBUG] [ModernFix/]: Removed 2805 unneeded annotations from file worldedit-mod-7.2.15.jar
[13Sep2026 20:58:15.200] [modloading-worker-0/DEBUG] [mixin/]: Mixing RecipeManagerAccessor from kubejs-forge.mixins.json into net.minecraft.world.item.crafting.RecipeManager
[13Sep2026 20:58:15.201] [modloading-worker-0/DEBUG] [mixin/]: Mixing KeyedResourceReloadListenerMixin from fabric-resource-loader-v0.mixins.json into net.minecraft.world.item.crafting.RecipeManager
[13Sep2026 20:58:15.201] [modloading-worker-0/DEBUG] [mixin/]: fabric-resource-loader-v0.mixins.json:KeyedResourceReloadListenerMixin: Class version 61 required is higher than the class version supported by the current version of Mixin (JAVA_16 supports class version 60)
[13Sep2026 20:58:15.203] [modloading-worker-0/DEBUG] [mixin/]: Mixing RecipeManagerMixin from kubejs-common.mixins.json into net.minecraft.world.item.crafting.RecipeManager
[13Sep2026 20:58:15.211] [modloading-worker-0/DEBUG] [mixin/]: Mixing perf.datapack_reload_exceptions.RecipeManagerMixin from modernfix-modernfix.mixins.json into net.minecraft.world.item.crafting.RecipeManager
[13Sep2026 20:58:15.215] [modloading-worker-0/DEBUG] [ModernFix/]: Removed 281 unneeded annotations from file architectury-9.2.14-forge.jar
[13Sep2026 20:58:15.216] [modloading-worker-0/DEBUG] [ModernFix/]: Removed 26 unneeded annotations from file Not Enough Recipe Book-FORGE-0.4.1+1.20.1.jar
[13Sep2026 20:58:15.217] [modloading-worker-0/DEBUG] [ModernFix/]: Removed 36 unneeded annotations from file fabric-loot-api-v2-1.2.1+eb28f93e77.jar
[13Sep2026 20:58:15.217] [modloading-worker-0/DEBUG] [ModernFix/]: Removed 35 unneeded annotations from file cupboard-1.20.1-4.1.jar
[13Sep2026 20:58:15.219] [modloading-worker-0/DEBUG] [ModernFix/]: Removed 3763 unneeded annotations from file TRansition-1.0.21-1.20.1-forge-SNAPSHOT.jar
[13Sep2026 20:58:15.231] [modloading-worker-0/DEBUG] [mixin/]: Mixing MixinLevelEvent from architectury.mixins.json into net.minecraftforge.event.level.LevelEvent
[13Sep2026 20:58:15.232] [modloading-worker-0/DEBUG] [ModernFix/]: Removed 10 unneeded annotations from file fabric-rendering-data-attachment-v1-0.3.37+a6081afc77.jar
[13Sep2026 20:58:15.232] [modloading-worker-0/DEBUG] [ModernFix/]: Removed 127 unneeded annotations from file fabric-networking-api-v1-1.3.11+503a202477.jar
[13Sep2026 20:58:15.234] [modloading-worker-0/DEBUG] [ModernFix/]: Removed 56 unneeded annotations from file huge-structure-blocks-forge-1.1.10.jar
[13Sep2026 20:58:15.235] [modloading-worker-0/DEBUG] [ModernFix/]: Removed 25 unneeded annotations from file BindingVowV14.jar
[13Sep2026 20:58:15.247] [modloading-worker-0/DEBUG] [ModernFix/]: Removed 127 unneeded annotations from file fabric-lifecycle-events-v1-2.2.22+afab492177.jar
[13Sep2026 20:58:15.247] [modloading-worker-0/DEBUG] [ModernFix/]: Removed 175 unneeded annotations from file Quick Skin - Forge - 1.20.1-2.6.2.4.jar
[13Sep2026 20:58:15.248] [modloading-worker-0/DEBUG] [ModernFix/]: Removed 5 unneeded annotations from file fabric-key-binding-api-v1-1.0.37+561530ec77.jar
[13Sep2026 20:58:15.248] [modloading-worker-0/DEBUG] [ModernFix/]: Removed 4 unneeded annotations from file fabric-client-tags-api-v1-1.1.2+5d6761b877.jar
[13Sep2026 20:58:15.249] [modloading-worker-0/DEBUG] [ModernFix/]: Removed 140 unneeded annotations from file fabric-transfer-api-v1-3.3.5+631c9cd677.jar
[13Sep2026 20:58:15.252] [modloading-worker-0/DEBUG] [mixin/]: Mixing compat1204minus.HorseScreenHandlerMixin from pehkui.mixins.json into net.minecraft.world.inventory.HorseInventoryMenu
[13Sep2026 20:58:15.252] [modloading-worker-0/DEBUG] [ModernFix/]: Removed 3 unneeded annotations from file fabric-dimensions-v1-2.1.54+8005d10d77.jar
[13Sep2026 20:58:15.253] [modloading-worker-0/DEBUG] [ModernFix/]: Removed 58 unneeded annotations from file rhino-forge-2001.2.3-build.10.jar
[13Sep2026 20:58:15.254] [modloading-worker-0/DEBUG] [ModernFix/]: Removed 6 unneeded annotations from file retrodamageindicators-1.0.1.jar
[13Sep2026 20:58:15.255] [modloading-worker-0/DEBUG] [ModernFix/]: Removed 95 unneeded annotations from file ftb-library-forge-2001.2.13.jar
[13Sep2026 20:58:15.257] [modloading-worker-0/DEBUG] [ModernFix/]: Removed 10 unneeded annotations from file ftb-teams-forge-2001.3.2 (1).jar
[13Sep2026 20:58:15.259] [modloading-worker-0/DEBUG] [mixin/]: Mixing RecipeBookMixin from nerb-common.mixins.json into net.minecraft.stats.RecipeBook
[13Sep2026 20:58:15.259] [modloading-worker-0/DEBUG] [ModernFix/]: Removed 5 unneeded annotations from file OctoLib-FORGE-0.5.0.1+1.20.1.jar
[13Sep2026 20:58:15.259] [modloading-worker-0/DEBUG] [ModernFix/]: Removed 55 unneeded annotations from file fabric-model-loading-api-v1-1.0.3+6274ab9d77.jar
[13Sep2026 20:58:15.261] [modloading-worker-0/DEBUG] [ModernFix/]: Removed 494 unneeded annotations from file jei-1.20.1-forge-15.56.0.205.jar
[13Sep2026 20:58:15.265] [modloading-worker-0/INFO] [xaero.map.WorldMap/]: Loading primary common config for channel xaeroworldmap:main!
[13Sep2026 20:58:15.268] [modloading-worker-0/DEBUG] [mixin/]: Mixing ServerRecipeBookMixin from nerb-common.mixins.json into net.minecraft.stats.ServerRecipeBook
[13Sep2026 20:58:15.271] [modloading-worker-0/DEBUG] [ModernFix/]: Removed 471 unneeded annotations from file kubejs-forge-2001.6.5-build.26.jar
[13Sep2026 20:58:15.274] [modloading-worker-0/DEBUG] [ModernFix/]: Removed 5 unneeded annotations from file AttributeFix-Forge-1.20.1-21.0.5.jar
[13Sep2026 20:58:15.274] [modloading-worker-0/DEBUG] [ModernFix/]: Removed 18 unneeded annotations from file xaerolib-forge-1.20.1-1.7.1.jar
[13Sep2026 20:58:15.276] [modloading-worker-0/DEBUG] [ModernFix/]: Removed 1432 unneeded annotations from file Pehkui-3.8.2+1.20.1-forge.jar
[13Sep2026 20:58:15.278] [modloading-worker-0/DEBUG] [ModernFix/]: Removed 14 unneeded annotations from file fabric-screen-handler-api-v1-1.3.30+561530ec77.jar
[13Sep2026 20:58:15.278] [modloading-worker-0/DEBUG] [ModernFix/]: Removed 43 unneeded annotations from file fabric-resource-loader-v0-0.11.10+bcd08ed377.jar
[13Sep2026 20:58:15.278] [modloading-worker-0/DEBUG] [ModernFix/]: Removed 92 unneeded annotations from file TRender-1.0.15-1.20.1-forge-SNAPSHOT.jar
[13Sep2026 20:58:15.279] [modloading-worker-0/DEBUG] [ModernFix/]: Removed 94 unneeded annotations from file fabric-rendering-v1-3.0.8+66e9a48f77.jar
[13Sep2026 20:58:15.280] [modloading-worker-0/DEBUG] [ModernFix/]: Removed 179 unneeded annotations from file chloride-FORGE-mc1.20.1-v1.8.1.jar
[13Sep2026 20:58:15.281] [modloading-worker-0/DEBUG] [ModernFix/]: Removed 54 unneeded annotations from file waystones-forge-1.20.1-14.1.20.jar
[13Sep2026 20:58:15.282] [modloading-worker-0/DEBUG] [ModernFix/]: Removed 38 unneeded annotations from file fabric-renderer-indigo-1.5.2+b5b2da4177.jar
[13Sep2026 20:58:15.282] [modloading-worker-0/DEBUG] [ModernFix/]: Removed 17 unneeded annotations from file FastSuite-1.20.1-5.1.2.jar
[13Sep2026 20:58:15.283] [modloading-worker-0/DEBUG] [ModernFix/]: Removed 32 unneeded annotations from file Clumps-forge-1.20.1-12.0.0.4.jar
[13Sep2026 20:58:15.283] [modloading-worker-0/DEBUG] [ModernFix/]: Removed 11 unneeded annotations from file fastasyncworldsave-1.20.1-2.6.jar
[13Sep2026 20:58:15.283] [modloading-worker-0/DEBUG] [ModernFix/]: Removed 17 unneeded annotations from file fabric-mining-level-api-v1-2.1.50+561530ec77.jar
[13Sep2026 20:58:15.283] [modloading-worker-0/DEBUG] [ModernFix/]: Removed 69 unneeded annotations from file aaa_particles-1.20.1-1.4.11-forge.jar
[13Sep2026 20:58:15.285] [modloading-worker-0/DEBUG] [ModernFix/]: Removed 61 unneeded annotations from file memoryleakfix-forge-1.17+-1.1.5.jar
[13Sep2026 20:58:15.285] [modloading-worker-0/DEBUG] [ModernFix/]: Removed 3 unneeded annotations from file almplaceholderfix-1.0.1.jar
[13Sep2026 20:58:15.285] [modloading-worker-0/DEBUG] [ModernFix/]: Removed 31 unneeded annotations from file fabric-particles-v1-1.1.2+78e1ecb877.jar
[13Sep2026 20:58:15.286] [modloading-worker-0/DEBUG] [ModernFix/]: Removed 45 unneeded annotations from file ftb-chunks-forge-2001.3.8.jar
[13Sep2026 20:58:15.290] [modloading-worker-0/DEBUG] [ModernFix/]: Removed 820 unneeded annotations from file forge-1.20.1-47.3.7-universal.jar
[13Sep2026 20:58:15.290] [modloading-worker-0/INFO] [xaero.map.WorldMap/]: Loading server config profiles for channel xaeroworldmap:main!
[13Sep2026 20:58:15.302] [modloading-worker-0/DEBUG] [ModernFix/]: Removed 10 unneeded annotations from file jujutsucraftfix-1.0.2.jar
[13Sep2026 20:58:15.319] [modloading-worker-0/DEBUG] [net.minecraftforge.coremod.transformer.CoreModBaseTransformer/COREMOD]: Transforming m_236069_ with desc (Lit/unimi/dsi/fastutil/objects/Object2IntOpenHashMap;)V
[13Sep2026 20:58:15.319] [modloading-worker-0/DEBUG] [ModernFix/]: Removed 2774 unneeded annotations from file server-1.20.1-20230612.114412-srg.jar
[13Sep2026 20:58:15.324] [modloading-worker-0/DEBUG] [net.minecraftforge.fml.javafmlmod.AutomaticEventSubscriber/LOADING]: Attempting to inject @EventBusSubscriber classes into the eventbus for xaeroworldmap
[13Sep2026 20:58:15.338] [modloading-worker-0/DEBUG] [net.minecraftforge.coremod.CoreMod.fabric_resource_conditions_api_v1/COREMODLOG]: Injected DataProvider.FIXED_ORDER_FIELDS conditions key priority
[13Sep2026 20:58:15.338] [modloading-worker-0/DEBUG] [net.minecraftforge.coremod.transformer.CoreModBaseTransformer/COREMOD]: Transforming m_236069_ with desc (Lit/unimi/dsi/fastutil/objects/Object2IntOpenHashMap;)V
[13Sep2026 20:58:15.342] [modloading-worker-0/DEBUG] [net.minecraftforge.fml.config.ConfigTracker/CONFIG]: Config file sophisticatedbackpacks-server.toml for sophisticatedbackpacks tracking
[13Sep2026 20:58:15.344] [modloading-worker-0/DEBUG] [net.minecraftforge.fml.config.ConfigTracker/CONFIG]: Config file sophisticatedbackpacks-common.toml for sophisticatedbackpacks tracking
[13Sep2026 20:58:15.356] [modloading-worker-0/DEBUG] [net.minecraftforge.coremod.CoreMod.fabric_data_generation_api_v1/COREMODLOG]: Injected fabric key sort orders hook into DataProvider.FIXED_ORDER_FIELDS
[13Sep2026 20:58:15.357] [modloading-worker-0/DEBUG] [net.minecraftforge.coremod.CoreMod.fabric_data_generation_api_v1/COREMODLOG]: Injected fabric key sort orders hook into DataProvider.FIXED_ORDER_FIELDS
[13Sep2026 20:58:15.364] [modloading-worker-0/DEBUG] [mixin/]: Mixing DataGeneratorMixin from fabric-data-generation-api-v1.mixins.json into net.minecraft.data.DataGenerator
[13Sep2026 20:58:15.364] [modloading-worker-0/DEBUG] [mixin/]: fabric-data-generation-api-v1.mixins.json:DataGeneratorMixin: Class version 61 required is higher than the class version supported by the current version of Mixin (JAVA_16 supports class version 60)
[13Sep2026 20:58:15.374] [modloading-worker-0/DEBUG] [net.minecraftforge.fml.javafmlmod.AutomaticEventSubscriber/LOADING]: Attempting to inject @EventBusSubscriber classes into the eventbus for sophisticatedcore
[13Sep2026 20:58:15.374] [modloading-worker-0/DEBUG] [net.minecraftforge.fml.javafmlmod.AutomaticEventSubscriber/LOADING]: Attempting to inject @EventBusSubscriber classes into the eventbus for fabric_screen_api_v1
[13Sep2026 20:58:15.375] [modloading-worker-0/DEBUG] [net.minecraftforge.fml.javafmlmod.AutomaticEventSubscriber/LOADING]: Attempting to inject @EventBusSubscriber classes into the eventbus for sodiumoptionsapi
[13Sep2026 20:58:15.376] [modloading-worker-0/DEBUG] [net.minecraftforge.fml.javafmlmod.AutomaticEventSubscriber/LOADING]: Attempting to inject @EventBusSubscriber classes into the eventbus for cloth_config
[13Sep2026 20:58:15.377] [modloading-worker-0/DEBUG] [net.minecraftforge.fml.javafmlmod.AutomaticEventSubscriber/LOADING]: Attempting to inject @EventBusSubscriber classes into the eventbus for sound_physics_remastered
[13Sep2026 20:58:15.380] [modloading-worker-0/DEBUG] [ModernFix/]: Removed 166 unneeded annotations from file JujutsuCraft-ver50.1-forge-1.20.1.jar
[13Sep2026 20:58:15.399] [modloading-worker-0/DEBUG] [ModernFix/]: Removed 6 unneeded annotations from file almirion_utilities-1.0.1.jar
[13Sep2026 20:58:15.400] [modloading-worker-0/DEBUG] [ModernFix/]: Removed 6 unneeded annotations from file jujutsucraftutility-1.4.4.2.jar
[13Sep2026 20:58:15.403] [modloading-worker-0/DEBUG] [ModernFix/]: Removed 97 unneeded annotations from file slyrienjujutsu-1.0.jar
[13Sep2026 20:58:15.405] [modloading-worker-0/DEBUG] [ModernFix/]: Removed 152 unneeded annotations from file jujutsuslop-0.9.6.jar
[13Sep2026 20:58:15.408] [modloading-worker-0/DEBUG] [ModernFix/]: Removed 139 unneeded annotations from file jjsh-2.8.jar
[13Sep2026 20:58:15.409] [modloading-worker-0/DEBUG] [ModernFix/]: Removed 35 unneeded annotations from file smoothchunk-1.20.1-4.1.jar
[13Sep2026 20:58:15.414] [modloading-worker-0/DEBUG] [ModernFix/]: Removed 639 unneeded annotations from file moonlight-1.20-2.16.34-forge.jar
[13Sep2026 20:58:15.418] [modloading-worker-0/DEBUG] [ModernFix/]: Removed 17 unneeded annotations from file modern_jujutsu-1.0.jar
[13Sep2026 20:58:15.418] [modloading-worker-0/DEBUG] [ModernFix/]: Removed 6 unneeded annotations from file fabric-api-base-0.4.31+ef105b4977.jar
[13Sep2026 20:58:15.418] [modloading-worker-0/DEBUG] [ModernFix/]: Removed 7 unneeded annotations from file MouseTweaks-forge-mc1.20.1-2.25.1.jar
[13Sep2026 20:58:15.419] [modloading-worker-0/DEBUG] [ModernFix/]: Removed 131 unneeded annotations from file geto_storage_fix-2.1.0.jar
[13Sep2026 20:58:15.419] [modloading-worker-0/DEBUG] [ModernFix/]: Removed 214 unneeded annotations from file ftb-quests-forge-2001.4.22.jar
[13Sep2026 20:58:15.424] [modloading-worker-0/DEBUG] [ModernFix/]: Removed 11 unneeded annotations from file ftb-xmod-compat-forge-2.1.3.jar
[13Sep2026 20:58:15.425] [modloading-worker-0/DEBUG] [ModernFix/]: Removed 13 unneeded annotations from file fabric-blockrenderlayer-v1-1.1.41+1d0da21e77.jar
[13Sep2026 20:58:15.425] [modloading-worker-0/DEBUG] [ModernFix/]: Removed 106 unneeded annotations from file Jade-1.20.1-Forge-11.13.3.jar
[13Sep2026 20:58:15.426] [modloading-worker-0/DEBUG] [ModernFix/]: Removed 258 unneeded annotations from file CreativeCore_FORGE_v2.12.39_mc1.20.1.jar
[13Sep2026 20:58:15.430] [modloading-worker-0/DEBUG] [net.minecraftforge.fml.config.ConfigTracker/CONFIG]: Config file dummmmmmy-common.toml for dummmmmmy tracking
[13Sep2026 20:58:15.431] [modloading-worker-0/DEBUG] [ModernFix/]: Removed 1 unneeded annotations from file fabric-block-api-v1-1.0.11+0e6cb7f777.jar
[13Sep2026 20:58:15.431] [modloading-worker-0/DEBUG] [ModernFix/]: Removed 29 unneeded annotations from file fabric-resource-conditions-api-v1-2.3.8+9e342fc177.jar
[13Sep2026 20:58:15.431] [modloading-worker-0/DEBUG] [ModernFix/]: Removed 2 unneeded annotations from file golden_age_jujutsu_3.0.0-beta.jar
[13Sep2026 20:58:15.431] [modloading-worker-0/DEBUG] [ModernFix/]: Removed 19 unneeded annotations from file ftbxaerocompat-forge-1.1.3.jar
[13Sep2026 20:58:15.435] [modloading-worker-0/DEBUG] [ModernFix/]: Removed 76 unneeded annotations from file xaerominimap-forge-1.20.1-26.4.2.jar
[13Sep2026 20:58:15.440] [modloading-worker-0/DEBUG] [ModernFix/]: Removed 15 unneeded annotations from file fabric-item-group-api-v1-4.0.12+c9161c2d77.jar
[13Sep2026 20:58:15.440] [modloading-worker-0/DEBUG] [ModernFix/]: Removed 1 unneeded annotations from file clearlagplus-1.1.0.jar
[13Sep2026 20:58:15.441] [modloading-worker-0/DEBUG] [ModernFix/]: Removed 24 unneeded annotations from file entityculling-forge-1.10.5-mc1.20.1.jar
[13Sep2026 20:58:15.441] [modloading-worker-0/DEBUG] [ModernFix/]: Removed 48 unneeded annotations from file fabric-biome-api-v1-13.0.13+dc36698e77.jar
[13Sep2026 20:58:15.441] [modloading-worker-0/DEBUG] [ModernFix/]: Removed 3 unneeded annotations from file damageindicator-2.2.1-1.20.1.jar
[13Sep2026 20:58:15.441] [modloading-worker-0/DEBUG] [ModernFix/]: Removed 94 unneeded annotations from file fabric-registry-sync-v0-2.3.3+1c0ea72177.jar
[13Sep2026 20:58:15.441] [modloading-worker-0/DEBUG] [ModernFix/]: Removed 272 unneeded annotations from file ImmediatelyFast-Forge-1.5.5+1.20.4.jar
[13Sep2026 20:58:15.445] [modloading-worker-0/DEBUG] [ModernFix/]: Removed 231 unneeded annotations from file JJSK4.3.jar
[13Sep2026 20:58:15.454] [modloading-worker-0/DEBUG] [ModernFix/]: Removed 8 unneeded annotations from file gbf-1.0.1.jar
[13Sep2026 20:58:15.454] [modloading-worker-0/DEBUG] [ModernFix/]: Removed 29 unneeded annotations from file fabric-recipe-api-v1-1.0.21+514a076577.jar
[13Sep2026 20:58:15.455] [modloading-worker-0/DEBUG] [ModernFix/]: Removed 92 unneeded annotations from file lootr-forge-1.20-0.7.35.94.jar
[13Sep2026 20:58:15.457] [modloading-worker-0/DEBUG] [ModernFix/]: Removed 134 unneeded annotations from file ferritecore-6.0.1-forge.jar
[13Sep2026 20:58:15.458] [modloading-worker-0/DEBUG] [ModernFix/]: Removed 66 unneeded annotations from file fabric-object-builder-api-v1-11.1.3+4bd998fa77.jar
[13Sep2026 20:58:15.458] [modloading-worker-0/DEBUG] [ModernFix/]: Removed 250 unneeded annotations from file rubidium-extra-0.5.4.4+mc1.20.1-build.131.jar
[13Sep2026 20:58:15.459] [modloading-worker-0/DEBUG] [ModernFix/]: Removed 3 unneeded annotations from file fabric-sound-api-v1-1.0.13+4f23bd8477.jar
[13Sep2026 20:58:15.459] [modloading-worker-0/DEBUG] [ModernFix/]: Removed 36 unneeded annotations from file fabric-message-api-v1-5.1.9+52cc178c77.jar
[13Sep2026 20:58:15.460] [modloading-worker-0/DEBUG] [ModernFix/]: Removed 791 unneeded annotations from file packetfixer-3.3.2-1.18-1.20.4-merged.jar
[13Sep2026 20:58:15.461] [modloading-worker-0/DEBUG] [net.minecraftforge.fml.javafmlmod.AutomaticEventSubscriber/LOADING]: Attempting to inject @EventBusSubscriber classes into the eventbus for dummmmmmy
[13Sep2026 20:58:15.462] [modloading-worker-0/DEBUG] [ModernFix/]: Removed 33 unneeded annotations from file fabric-data-generation-api-v1-12.3.4+369cb3a477.jar
[13Sep2026 20:58:15.463] [modloading-worker-0/DEBUG] [ModernFix/]: Removed 32 unneeded annotations from file fabric-events-interaction-v0-0.6.2+0d0bd5a777.jar
[13Sep2026 20:58:15.464] [modloading-worker-0/DEBUG] [net.minecraftforge.fml.javafmlmod.AutomaticEventSubscriber/LOADING]: Attempting to inject @EventBusSubscriber classes into the eventbus for modernfix
[13Sep2026 20:58:15.465] [modloading-worker-0/DEBUG] [net.minecraftforge.fml.javafmlmod.AutomaticEventSubscriber/LOADING]: Attempting to inject @EventBusSubscriber classes into the eventbus for fabric_api
[13Sep2026 20:58:15.464] [modloading-worker-0/ERROR] [net.minecraftforge.fml.javafmlmod.FMLModContainer/LOADING]: Failed to create mod instance. ModID: almirionapi, class com.jjcaddons.almirionapi.AlmirionApiMod
java.lang.NoSuchMethodException: com.jjcaddons.almirionapi.AlmirionApiMod.<init>()
	at java.lang.Class.getConstructor0(Class.java:3587) ~[?:?]
	at java.lang.Class.getDeclaredConstructor(Class.java:2756) ~[?:?]
	at net.minecraftforge.fml.javafmlmod.FMLModContainer.constructMod(FMLModContainer.java:70) ~[javafmllanguage-1.20.1-47.3.7.jar%23283!/:?]
	at net.minecraftforge.fml.ModContainer.lambda$buildTransitionHandler$4(ModContainer.java:124) ~[fmlcore-1.20.1-47.3.7.jar%23282!/:?]
	at java.util.concurrent.CompletableFuture$AsyncRun.run(CompletableFuture.java:1804) ~[?:?]
	at java.util.concurrent.CompletableFuture$AsyncRun.exec(CompletableFuture.java:1796) ~[?:?]
	at java.util.concurrent.ForkJoinTask.doExec(ForkJoinTask.java:373) ~[?:?]
	at java.util.concurrent.ForkJoinPool$WorkQueue.topLevelExec(ForkJoinPool.java:1182) ~[?:?]
	at java.util.concurrent.ForkJoinPool.scan(ForkJoinPool.java:1655) ~[?:?]
	at java.util.concurrent.ForkJoinPool.runWorker(ForkJoinPool.java:1622) ~[?:?]
	at java.util.concurrent.ForkJoinWorkerThread.run(ForkJoinWorkerThread.java:165) ~[?:?]
[13Sep2026 20:58:15.473] [modloading-worker-0/DEBUG] [net.minecraftforge.fml.javafmlmod.AutomaticEventSubscriber/LOADING]: Attempting to inject @EventBusSubscriber classes into the eventbus for fabric_content_registries_v0
[13Sep2026 20:58:15.483] [modloading-worker-0/DEBUG] [net.minecraftforge.fml.config.ConfigTracker/CONFIG]: Config file sodiumdynamiclights-client.toml for sodiumdynamiclights tracking
[13Sep2026 20:58:15.483] [modloading-worker-0/DEBUG] [net.minecraftforge.fml.javafmlmod.AutomaticEventSubscriber/LOADING]: Attempting to inject @EventBusSubscriber classes into the eventbus for sodiumdynamiclights
[13Sep2026 20:58:15.484] [modloading-worker-0/DEBUG] [net.minecraftforge.fml.javafmlmod.AutomaticEventSubscriber/LOADING]: Attempting to inject @EventBusSubscriber classes into the eventbus for rubidium
[13Sep2026 20:58:15.484] [modloading-worker-0/DEBUG] [net.minecraftforge.fml.javafmlmod.AutomaticEventSubscriber/LOADING]: Attempting to inject @EventBusSubscriber classes into the eventbus for entity_model_features
[13Sep2026 20:58:15.493] [modloading-worker-0/DEBUG] [mixin/]: Mixing perf.forge_cap_retrieval.AttachCapabilitiesEventMixin from modernfix-modernfix.mixins.json into net.minecraftforge.event.AttachCapabilitiesEvent
[13Sep2026 20:58:15.498] [modloading-worker-0/DEBUG] [net.minecraftforge.fml.javafmlmod.AutomaticEventSubscriber/LOADING]: Attempting to inject @EventBusSubscriber classes into the eventbus for embeddium
[13Sep2026 20:58:15.499] [modloading-worker-0/DEBUG] [net.minecraftforge.fml.javafmlmod.AutomaticEventSubscriber/LOADING]: Attempting to inject @EventBusSubscriber classes into the eventbus for entity_texture_features
[13Sep2026 20:58:15.499] [modloading-worker-0/DEBUG] [net.minecraftforge.fml.javafmlmod.AutomaticEventSubscriber/LOADING]: Attempting to inject @EventBusSubscriber classes into the eventbus for fabric_game_rule_api_v1
[13Sep2026 20:58:15.578] [modloading-worker-0/DEBUG] [net.minecraftforge.fml.javafmlmod.AutomaticEventSubscriber/LOADING]: Attempting to inject @EventBusSubscriber classes into the eventbus for balm
[13Sep2026 20:58:15.594] [modloading-worker-0/DEBUG] [net.minecraftforge.fml.javafmlmod.AutomaticEventSubscriber/LOADING]: Attempting to inject @EventBusSubscriber classes into the eventbus for fabric_api_lookup_api_v1
[13Sep2026 20:58:15.603] [modloading-worker-0/DEBUG] [net.minecraftforge.fml.javafmlmod.AutomaticEventSubscriber/LOADING]: Attempting to inject @EventBusSubscriber classes into the eventbus for chunky
[13Sep2026 20:58:15.607] [modloading-worker-0/INFO] [jjcnbtfix/]: [JJCNBTFIX] v1.0.4 loaded. Patches Mcreator NBT bugs in:
[13Sep2026 20:58:15.610] [modloading-worker-0/INFO] [jjcnbtfix/]: [JJCNBTFIX]   * jujutsucraft (always)
[13Sep2026 20:58:15.610] [modloading-worker-0/INFO] [jjcnbtfix/]: [JJCNBTFIX]   * jjkprisonrealmmodrework (if installed)
[13Sep2026 20:58:15.610] [modloading-worker-0/INFO] [jjcnbtfix/]: [JJCNBTFIX] Plus a catch-all on Connection.exceptionCaught for
[13Sep2026 20:58:15.610] [modloading-worker-0/INFO] [jjcnbtfix/]: [JJCNBTFIX]   - leftover NBT/network NPEs (any phase)
[13Sep2026 20:58:15.611] [modloading-worker-0/INFO] [jjcnbtfix/]: [JJCNBTFIX]   - netty buffer-underrun IOOBE during HANDSHAKE/LOGIN/CONFIG
[13Sep2026 20:58:15.611] [modloading-worker-0/DEBUG] [net.minecraftforge.fml.javafmlmod.AutomaticEventSubscriber/LOADING]: Attempting to inject @EventBusSubscriber classes into the eventbus for jjcnbtfix
[13Sep2026 20:58:15.611] [modloading-worker-0/DEBUG] [net.minecraftforge.fml.javafmlmod.AutomaticEventSubscriber/LOADING]: Attempting to inject @EventBusSubscriber classes into the eventbus for bobby
[13Sep2026 20:58:15.615] [modloading-worker-0/DEBUG] [net.minecraftforge.fml.javafmlmod.AutomaticEventSubscriber/LOADING]: Attempting to inject @EventBusSubscriber classes into the eventbus for spark
[13Sep2026 20:58:15.618] [modloading-worker-0/DEBUG] [creativecore/]: Created network creativecore:main
[13Sep2026 20:58:15.621] [modloading-worker-0/DEBUG] [net.minecraftforge.fml.javafmlmod.AutomaticEventSubscriber/LOADING]: Attempting to inject @EventBusSubscriber classes into the eventbus for ambientsounds
[13Sep2026 20:58:15.636] [modloading-worker-0/DEBUG] [net.minecraftforge.fml.config.ConfigTracker/CONFIG]: Config file patchouli-client.toml for patchouli tracking
[13Sep2026 20:58:15.639] [modloading-worker-0/DEBUG] [net.minecraftforge.fml.config.ConfigTracker/CONFIG]: Config file curios-client.toml for curios tracking
[13Sep2026 20:58:15.645] [modloading-worker-0/DEBUG] [net.minecraftforge.fml.javafmlmod.AutomaticEventSubscriber/LOADING]: Attempting to inject @EventBusSubscriber classes into the eventbus for patchouli
[13Sep2026 20:58:15.645] [modloading-worker-0/DEBUG] [net.minecraftforge.fml.javafmlmod.AutomaticEventSubscriber/LOADING]: Auto-subscribing vazkii.patchouli.forge.common.ForgeModInitializer to MOD
[13Sep2026 20:58:15.649] [modloading-worker-0/DEBUG] [net.minecraftforge.fml.javafmlmod.AutomaticEventSubscriber/LOADING]: Attempting to inject @EventBusSubscriber classes into the eventbus for sophisticatedbackpacks
[13Sep2026 20:58:15.650] [modloading-worker-0/DEBUG] [net.minecraftforge.fml.config.ConfigTracker/CONFIG]: Config file curios-common.toml for curios tracking
[13Sep2026 20:58:15.650] [modloading-worker-0/DEBUG] [net.minecraftforge.fml.config.ConfigTracker/CONFIG]: Config file curios-server.toml for curios tracking
[13Sep2026 20:58:15.650] [modloading-worker-0/DEBUG] [net.minecraftforge.fml.javafmlmod.AutomaticEventSubscriber/LOADING]: Attempting to inject @EventBusSubscriber classes into the eventbus for curios
[13Sep2026 20:58:15.651] [modloading-worker-0/DEBUG] [net.minecraftforge.fml.javafmlmod.AutomaticEventSubscriber/LOADING]: Attempting to inject @EventBusSubscriber classes into the eventbus for searchables
[13Sep2026 20:58:15.661] [modloading-worker-0/DEBUG] [net.minecraftforge.fml.javafmlmod.AutomaticEventSubscriber/LOADING]: Attempting to inject @EventBusSubscriber classes into the eventbus for fabric_entity_events_v1
[13Sep2026 20:58:15.717] [modloading-worker-0/DEBUG] [net.minecraftforge.fml.javafmlmod.AutomaticEventSubscriber/LOADING]: Attempting to inject @EventBusSubscriber classes into the eventbus for worldedit
[13Sep2026 20:58:15.720] [modloading-worker-0/DEBUG] [mixin/]: Mixing compat1202minus.compat116plus.ExplosionMixin from pehkui.mixins.json into net.minecraft.world.level.Explosion
[13Sep2026 20:58:15.739] [modloading-worker-0/DEBUG] [net.minecraftforge.fml.javafmlmod.AutomaticEventSubscriber/LOADING]: Attempting to inject @EventBusSubscriber classes into the eventbus for nerb
[13Sep2026 20:58:15.744] [modloading-worker-0/DEBUG] [net.minecraftforge.fml.config.ConfigTracker/CONFIG]: Config file aiimprovements-common.toml for aiimprovements tracking
[13Sep2026 20:58:15.744] [modloading-worker-0/DEBUG] [net.minecraftforge.fml.javafmlmod.AutomaticEventSubscriber/LOADING]: Attempting to inject @EventBusSubscriber classes into the eventbus for aiimprovements
[13Sep2026 20:58:15.744] [modloading-worker-0/DEBUG] [net.minecraftforge.fml.javafmlmod.AutomaticEventSubscriber/LOADING]: Auto-subscribing com.builtbroken.ai.improvements.modifier.ModifierSystem to FORGE
[13Sep2026 20:58:15.748] [modloading-worker-0/DEBUG] [mixin/]: Mixing LootTableMixin from balm.mixins.json into net.minecraft.world.level.storage.loot.LootTable
[13Sep2026 20:58:15.750] [modloading-worker-0/DEBUG] [mixin/]: Mixing LootTableAccessor from fabric-loot-api-v2.mixins.json into net.minecraft.world.level.storage.loot.LootTable
[13Sep2026 20:58:15.750] [modloading-worker-0/DEBUG] [mixin/]: fabric-loot-api-v2.mixins.json:LootTableAccessor: Class version 61 required is higher than the class version supported by the current version of Mixin (JAVA_8 supports class version 52)
[13Sep2026 20:58:15.763] [modloading-worker-0/DEBUG] [net.minecraftforge.fml.javafmlmod.AutomaticEventSubscriber/LOADING]: Auto-subscribing com.builtbroken.ai.improvements.AIImprovements to MOD
[13Sep2026 20:58:15.767] [modloading-worker-0/DEBUG] [net.minecraftforge.fml.javafmlmod.AutomaticEventSubscriber/LOADING]: Attempting to inject @EventBusSubscriber classes into the eventbus for fabric_loot_api_v2
[13Sep2026 20:58:15.769] [modloading-worker-0/DEBUG] [net.minecraftforge.fml.javafmlmod.AutomaticEventSubscriber/LOADING]: Attempting to inject @EventBusSubscriber classes into the eventbus for architectury
[13Sep2026 20:58:15.769] [modloading-worker-0/DEBUG] [net.minecraftforge.fml.javafmlmod.AutomaticEventSubscriber/LOADING]: Auto-subscribing dev.architectury.registry.level.entity.trade.forge.TradeRegistryImpl to FORGE
[13Sep2026 20:58:15.771] [modloading-worker-0/INFO] [com.cupboard.Cupboard/]: Loaded config for: cupboard.json
[13Sep2026 20:58:15.772] [modloading-worker-0/DEBUG] [net.minecraftforge.fml.javafmlmod.AutomaticEventSubscriber/LOADING]: Auto-subscribing dev.architectury.registry.forge.ReloadListenerRegistryImpl to FORGE
[13Sep2026 20:58:15.773] [modloading-worker-0/DEBUG] [net.minecraftforge.fml.javafmlmod.AutomaticEventSubscriber/LOADING]: Auto-subscribing dev.architectury.networking.forge.NetworkManagerImpl to FORGE
[13Sep2026 20:58:15.776] [modloading-worker-0/DEBUG] [net.minecraftforge.fml.javafmlmod.AutomaticEventSubscriber/LOADING]: Attempting to inject @EventBusSubscriber classes into the eventbus for cupboard
[13Sep2026 20:58:15.778] [modloading-worker-0/DEBUG] [net.minecraftforge.fml.javafmlmod.AutomaticEventSubscriber/LOADING]: Attempting to inject @EventBusSubscriber classes into the eventbus for transition
[13Sep2026 20:58:15.778] [modloading-worker-0/DEBUG] [net.minecraftforge.fml.javafmlmod.AutomaticEventSubscriber/LOADING]: Attempting to inject @EventBusSubscriber classes into the eventbus for fabric_rendering_data_attachment_v1
[13Sep2026 20:58:15.783] [modloading-worker-0/INFO] [dev.architectury.networking.forge.NetworkManagerImpl/]: Registering C2S receiver with id architectury:sync_ids
[13Sep2026 20:58:15.787] [modloading-worker-0/INFO] [com.convallyria.hugestructureblocks.HugeStructureBlocksMod/]: Huge Structure Blocks is now making your structure blocks even bigger!
[13Sep2026 20:58:15.787] [modloading-worker-0/INFO] [com.convallyria.hugestructureblocks.HugeStructureBlocksMod/]: New structure size = 512
[13Sep2026 20:58:15.787] [modloading-worker-0/DEBUG] [net.minecraftforge.fml.javafmlmod.AutomaticEventSubscriber/LOADING]: Attempting to inject @EventBusSubscriber classes into the eventbus for hugestructureblocks
[13Sep2026 20:58:15.789] [modloading-worker-0/DEBUG] [mixin/]: Mixing malformedtraffic.PlayerLoginHook from connectivity.mixins.json into net.minecraft.server.network.ServerLoginPacketListenerImpl
[13Sep2026 20:58:15.792] [modloading-worker-0/DEBUG] [mixin/]: Mixing ServerLoginNetworkHandlerMixin from fabric-networking-api-v1.mixins.json into net.minecraft.server.network.ServerLoginPacketListenerImpl
[13Sep2026 20:58:15.793] [modloading-worker-0/DEBUG] [mixin/]: fabric-networking-api-v1.mixins.json:ServerLoginNetworkHandlerMixin: Class version 61 required is higher than the class version supported by the current version of Mixin (JAVA_16 supports class version 60)
[13Sep2026 20:58:15.797] [modloading-worker-0/DEBUG] [mixin/]: Mixing accessor.ServerLoginNetworkHandlerAccessor from fabric-networking-api-v1.mixins.json into net.minecraft.server.network.ServerLoginPacketListenerImpl
[13Sep2026 20:58:15.797] [modloading-worker-0/DEBUG] [mixin/]: fabric-networking-api-v1.mixins.json:accessor.ServerLoginNetworkHandlerAccessor: Class version 61 required is higher than the class version supported by the current version of Mixin (JAVA_16 supports class version 60)
[13Sep2026 20:58:15.797] [modloading-worker-0/DEBUG] [mixin/]: Mixing v1_19_4_forge.ServerLoginPacketListenerImplMixin from packetfixer.v1_19_4.forge.mixins.json into net.minecraft.server.network.ServerLoginPacketListenerImpl
[13Sep2026 20:58:15.798] [modloading-worker-0/DEBUG] [mixin/]: Mixing ServerLoginNetHandlerMixin from connectivity.mixins.json into net.minecraft.server.network.ServerLoginPacketListenerImpl
[13Sep2026 20:58:15.807] [modloading-worker-0/WARN] [mixin/]: @ModifyConstant conflict. Skipping packetfixer.v1_19_4.forge.mixins.json:v1_19_4_forge.ServerLoginPacketListenerImplMixin->@ModifyConstant::packetfixer$tick(I)I with priority 1000, already redirected by connectivity.mixins.json:ServerLoginNetHandlerMixin->@ModifyConstant::loginTimeout(I)I with priority 1001
[13Sep2026 20:58:15.818] [modloading-worker-0/DEBUG] [net.minecraftforge.fml.javafmlmod.AutomaticEventSubscriber/LOADING]: Attempting to inject @EventBusSubscriber classes into the eventbus for fabric_networking_api_v1
[13Sep2026 20:58:15.825] [modloading-worker-0/DEBUG] [net.minecraftforge.fml.javafmlmod.AutomaticEventSubscriber/LOADING]: Attempting to inject @EventBusSubscriber classes into the eventbus for fabric_lifecycle_events_v1
[13Sep2026 20:58:15.825] [modloading-worker-0/DEBUG] [net.minecraftforge.fml.javafmlmod.AutomaticEventSubscriber/LOADING]: Attempting to inject @EventBusSubscriber classes into the eventbus for quickskin
[13Sep2026 20:58:15.825] [modloading-worker-0/DEBUG] [net.minecraftforge.fml.javafmlmod.AutomaticEventSubscriber/LOADING]: Auto-subscribing com.quickskin.mod.forge.QuickSkinForge$CommonSetup to MOD
[13Sep2026 20:58:15.827] [modloading-worker-0/DEBUG] [net.minecraftforge.fml.javafmlmod.AutomaticEventSubscriber/LOADING]: Attempting to inject @EventBusSubscriber classes into the eventbus for fabric_key_binding_api_v1
[13Sep2026 20:58:15.827] [modloading-worker-0/DEBUG] [net.minecraftforge.fml.javafmlmod.AutomaticEventSubscriber/LOADING]: Attempting to inject @EventBusSubscriber classes into the eventbus for betteradvancements
[13Sep2026 20:58:15.828] [modloading-worker-0/DEBUG] [net.minecraftforge.fml.javafmlmod.AutomaticEventSubscriber/LOADING]: Attempting to inject @EventBusSubscriber classes into the eventbus for fabric_client_tags_api_v1
[13Sep2026 20:58:15.829] [modloading-worker-0/DEBUG] [net.minecraftforge.fml.javafmlmod.AutomaticEventSubscriber/LOADING]: Attempting to inject @EventBusSubscriber classes into the eventbus for almirioncore
[13Sep2026 20:58:15.836] [modloading-worker-0/DEBUG] [net.minecraftforge.fml.javafmlmod.AutomaticEventSubscriber/LOADING]: Attempting to inject @EventBusSubscriber classes into the eventbus for fabric_transfer_api_v1
[13Sep2026 20:58:15.836] [modloading-worker-0/DEBUG] [net.minecraftforge.fml.javafmlmod.AutomaticEventSubscriber/LOADING]: Attempting to inject @EventBusSubscriber classes into the eventbus for fabric_dimensions_v1
[13Sep2026 20:58:15.837] [modloading-worker-0/DEBUG] [net.minecraftforge.fml.javafmlmod.AutomaticEventSubscriber/LOADING]: Attempting to inject @EventBusSubscriber classes into the eventbus for rhino
[13Sep2026 20:58:15.837] [modloading-worker-0/DEBUG] [net.minecraftforge.fml.javafmlmod.AutomaticEventSubscriber/LOADING]: Attempting to inject @EventBusSubscriber classes into the eventbus for retrodamageindicators
[13Sep2026 20:58:15.866] [modloading-worker-0/INFO] [dev.architectury.networking.forge.NetworkManagerImpl/]: Registering C2S receiver with id ftblibrary:edit_nbt_response
[13Sep2026 20:58:15.870] [modloading-worker-0/DEBUG] [net.minecraftforge.fml.javafmlmod.AutomaticEventSubscriber/LOADING]: Attempting to inject @EventBusSubscriber classes into the eventbus for ftblibrary
[13Sep2026 20:58:15.999] [modloading-worker-0/INFO] [dev.architectury.networking.forge.NetworkManagerImpl/]: Registering C2S receiver with id ftbteams:open_gui
[13Sep2026 20:58:16.000] [modloading-worker-0/INFO] [dev.architectury.networking.forge.NetworkManagerImpl/]: Registering C2S receiver with id ftbteams:update_settings
[13Sep2026 20:58:16.002] [modloading-worker-0/INFO] [dev.architectury.networking.forge.NetworkManagerImpl/]: Registering C2S receiver with id ftbteams:send_message
[13Sep2026 20:58:16.003] [modloading-worker-0/INFO] [dev.architectury.networking.forge.NetworkManagerImpl/]: Registering C2S receiver with id ftbteams:create_party
[13Sep2026 20:58:16.004] [modloading-worker-0/INFO] [dev.architectury.networking.forge.NetworkManagerImpl/]: Registering C2S receiver with id ftbteams:player_gui_operation
[13Sep2026 20:58:16.007] [modloading-worker-0/DEBUG] [net.minecraftforge.fml.javafmlmod.AutomaticEventSubscriber/LOADING]: Attempting to inject @EventBusSubscriber classes into the eventbus for ftbteams
[13Sep2026 20:58:16.079] [modloading-worker-0/DEBUG] [net.minecraftforge.fml.javafmlmod.AutomaticEventSubscriber/LOADING]: Attempting to inject @EventBusSubscriber classes into the eventbus for limitedchunks
[13Sep2026 20:58:16.083] [modloading-worker-0/DEBUG] [net.minecraftforge.fml.javafmlmod.AutomaticEventSubscriber/LOADING]: Attempting to inject @EventBusSubscriber classes into the eventbus for extralib
[13Sep2026 20:58:16.083] [modloading-worker-0/DEBUG] [net.minecraftforge.fml.javafmlmod.AutomaticEventSubscriber/LOADING]: Attempting to inject @EventBusSubscriber classes into the eventbus for fabric_model_loading_api_v1
[13Sep2026 20:58:16.094] [modloading-worker-0/DEBUG] [net.minecraftforge.fml.javafmlmod.AutomaticEventSubscriber/LOADING]: Attempting to inject @EventBusSubscriber classes into the eventbus for octolib
[13Sep2026 20:58:16.111] [modloading-worker-0/DEBUG] [net.minecraftforge.fml.config.ConfigTracker/CONFIG]: Config file jei-server.toml for jei tracking
[13Sep2026 20:58:16.119] [modloading-worker-0/DEBUG] [net.minecraftforge.fml.javafmlmod.AutomaticEventSubscriber/LOADING]: Attempting to inject @EventBusSubscriber classes into the eventbus for jei
[13Sep2026 20:58:16.120] [modloading-worker-0/DEBUG] [net.minecraftforge.fml.javafmlmod.AutomaticEventSubscriber/LOADING]: Attempting to inject @EventBusSubscriber classes into the eventbus for attributefix
[13Sep2026 20:58:16.121] [modloading-worker-0/DEBUG] [net.minecraftforge.fml.javafmlmod.AutomaticEventSubscriber/LOADING]: Auto-subscribing net.darkhax.attributefix.AttributeFixForge to MOD
[13Sep2026 20:58:16.128] [modloading-worker-0/INFO] [xaero.lib.XaeroLib/]: Registering common data for channel xaerolib:main!
[13Sep2026 20:58:16.131] [modloading-worker-0/INFO] [xaero.lib.XaeroLib/]: Loading primary common config for channel xaerolib:main!
[13Sep2026 20:58:16.134] [modloading-worker-0/INFO] [xaero.lib.XaeroLib/]: Loading server config profiles for channel xaerolib:main!
[13Sep2026 20:58:16.138] [modloading-worker-0/INFO] [KubeJS/]: Loaded common.properties
[13Sep2026 20:58:16.140] [modloading-worker-0/INFO] [KubeJS/]: Loaded dev.properties
[13Sep2026 20:58:16.156] [modloading-worker-0/INFO] [KubeJS/]: Looking for KubeJS plugins...
[13Sep2026 20:58:16.165] [modloading-worker-0/DEBUG] [net.minecraftforge.fml.javafmlmod.AutomaticEventSubscriber/LOADING]: Attempting to inject @EventBusSubscriber classes into the eventbus for xaerolib
[13Sep2026 20:58:16.167] [modloading-worker-0/DEBUG] [net.minecraftforge.fml.javafmlmod.AutomaticEventSubscriber/LOADING]: Attempting to inject @EventBusSubscriber classes into the eventbus for bindingvow
[13Sep2026 20:58:16.167] [modloading-worker-0/DEBUG] [net.minecraftforge.fml.javafmlmod.AutomaticEventSubscriber/LOADING]: Auto-subscribing net.mcreator.bindingvow.procedures.VulnerableAttackedProcedure to FORGE
[13Sep2026 20:58:16.168] [modloading-worker-0/DEBUG] [mixin/]: Mixing pehkui.compat.ScaleTypeMixin from pehkui.mixins.json into virtuoel.pehkui.api.ScaleType
[13Sep2026 20:58:16.172] [modloading-worker-0/DEBUG] [net.minecraftforge.fml.javafmlmod.AutomaticEventSubscriber/LOADING]: Auto-subscribing net.mcreator.bindingvow.procedures.UseItemReserveBallProcedure to FORGE
[13Sep2026 20:58:16.173] [modloading-worker-0/INFO] [KubeJS/]: Found plugin source kubejs
[13Sep2026 20:58:16.179] [modloading-worker-0/DEBUG] [net.minecraftforge.fml.javafmlmod.AutomaticEventSubscriber/LOADING]: Auto-subscribing net.mcreator.bindingvow.procedures.UseItemProcedure to FORGE
[13Sep2026 20:58:16.184] [modloading-worker-0/DEBUG] [net.minecraftforge.fml.javafmlmod.AutomaticEventSubscriber/LOADING]: Auto-subscribing net.mcreator.bindingvow.procedures.TestingbugsRightclickedProcedure to FORGE
[13Sep2026 20:58:16.188] [modloading-worker-0/WARN] [KubeJS/]: Plugin dev.latvian.mods.kubejs.forge.BuiltinKubeJSForgeClientPlugin does not load on server side, skipping
[13Sep2026 20:58:16.188] [modloading-worker-0/WARN] [KubeJS/]: Plugin dev.latvian.mods.kubejs.integration.forge.gamestages.GameStagesIntegration does not have required mod gamestages loaded, skipping
[13Sep2026 20:58:16.191] [modloading-worker-0/DEBUG] [net.minecraftforge.fml.javafmlmod.AutomaticEventSubscriber/LOADING]: Auto-subscribing net.mcreator.bindingvow.procedures.Testingbugs2ItemInInventoryTickProcedure to FORGE
[13Sep2026 20:58:16.192] [modloading-worker-0/INFO] [KubeJS/]: Found plugin source ftbxmodcompat
[13Sep2026 20:58:16.200] [modloading-worker-0/WARN] [KubeJS/]: Plugin dev.ftb.mods.ftbxmodcompat.ftbfiltersystem.kubejs.FFSKubeJSPlugin does not have required mod ftbfiltersystem loaded, skipping
[13Sep2026 20:58:16.201] [modloading-worker-0/DEBUG] [net.minecraftforge.fml.javafmlmod.AutomaticEventSubscriber/LOADING]: Auto-subscribing net.mcreator.bindingvow.procedures.SetupAnimationsProcedure$BindingvowModAnimationMessage to MOD
[13Sep2026 20:58:16.204] [modloading-worker-0/DEBUG] [net.minecraftforge.fml.javafmlmod.AutomaticEventSubscriber/LOADING]: Auto-subscribing net.mcreator.bindingvow.procedures.RemoveDoubleJumpsOnSlownessProcedure to FORGE
[13Sep2026 20:58:16.207] [modloading-worker-0/DEBUG] [net.minecraftforge.fml.javafmlmod.AutomaticEventSubscriber/LOADING]: Auto-subscribing net.mcreator.bindingvow.procedures.PlayerTickProcedure to FORGE
[13Sep2026 20:58:16.209] [modloading-worker-0/INFO] [KubeJS/]: Found plugin source aaa_particles
[13Sep2026 20:58:16.216] [modloading-worker-0/DEBUG] [net.minecraftforge.fml.javafmlmod.AutomaticEventSubscriber/LOADING]: Auto-subscribing net.mcreator.bindingvow.procedures.ParryhitblahblahProcedure to FORGE
[13Sep2026 20:58:16.217] [modloading-worker-0/INFO] [KubeJS/]: Done in 56.15 ms
[13Sep2026 20:58:16.222] [modloading-worker-0/DEBUG] [net.minecraftforge.fml.javafmlmod.AutomaticEventSubscriber/LOADING]: Auto-subscribing net.mcreator.bindingvow.procedures.OnDeathPlayerProcedure to FORGE
[13Sep2026 20:58:16.224] [modloading-worker-0/DEBUG] [net.minecraftforge.fml.javafmlmod.AutomaticEventSubscriber/LOADING]: Auto-subscribing net.mcreator.bindingvow.procedures.NoFallDamageKaoriProcedure to FORGE
[13Sep2026 20:58:16.230] [modloading-worker-0/DEBUG] [net.minecraftforge.fml.javafmlmod.AutomaticEventSubscriber/LOADING]: Auto-subscribing net.mcreator.bindingvow.procedures.Makeit100Procedure to FORGE
[13Sep2026 20:58:16.234] [modloading-worker-0/DEBUG] [net.minecraftforge.fml.javafmlmod.AutomaticEventSubscriber/LOADING]: Auto-subscribing net.mcreator.bindingvow.procedures.LifeleechProcedure to FORGE
[13Sep2026 20:58:16.236] [modloading-worker-0/DEBUG] [net.minecraftforge.fml.javafmlmod.AutomaticEventSubscriber/LOADING]: Auto-subscribing net.mcreator.bindingvow.procedures.KillerQueenGlovesPUNCHHProcedure to FORGE
[13Sep2026 20:58:16.237] [modloading-worker-0/DEBUG] [net.minecraftforge.fml.javafmlmod.AutomaticEventSubscriber/LOADING]: Auto-subscribing net.mcreator.bindingvow.procedures.JoinwroldProcedure to FORGE
[13Sep2026 20:58:16.238] [modloading-worker-0/DEBUG] [mixin/]: Mixing CommandRewardMixin from extraquests.mixins.json into dev.ftb.mods.ftbquests.quest.reward.CommandReward
[13Sep2026 20:58:16.239] [modloading-worker-0/DEBUG] [mixin/]: Renaming synthetic method lambda$fillConfigGroup$0(Ljava/lang/Boolean;)V to mdbf378c$lambda$fillConfigGroup$0$0 in extraquests.mixins.json:CommandRewardMixin
[13Sep2026 20:58:16.248] [modloading-worker-0/DEBUG] [net.minecraftforge.fml.javafmlmod.AutomaticEventSubscriber/LOADING]: Auto-subscribing net.mcreator.bindingvow.procedures.HeedDetectTextProcedure to FORGE
[13Sep2026 20:58:16.250] [modloading-worker-0/DEBUG] [net.minecraftforge.fml.javafmlmod.AutomaticEventSubscriber/LOADING]: Auto-subscribing net.mcreator.bindingvow.procedures.GiveAdvancementProcedure to FORGE
[13Sep2026 20:58:16.254] [modloading-worker-0/DEBUG] [net.minecraftforge.fml.javafmlmod.AutomaticEventSubscriber/LOADING]: Auto-subscribing net.mcreator.bindingvow.procedures.FrsealProcedure to FORGE
[13Sep2026 20:58:16.255] [modloading-worker-0/DEBUG] [net.minecraftforge.fml.javafmlmod.AutomaticEventSubscriber/LOADING]: Auto-subscribing net.mcreator.bindingvow.procedures.FreezingTechniqueHitProcedure to FORGE
[13Sep2026 20:58:16.260] [modloading-worker-0/DEBUG] [net.minecraftforge.fml.config.ConfigTracker/CONFIG]: Config file pehkui-client.toml for pehkui tracking
[13Sep2026 20:58:16.262] [modloading-worker-0/DEBUG] [net.minecraftforge.fml.config.ConfigTracker/CONFIG]: Config file pehkui-server.toml for pehkui tracking
[13Sep2026 20:58:16.262] [modloading-worker-0/DEBUG] [net.minecraftforge.fml.config.ConfigTracker/CONFIG]: Config file pehkui-common.toml for pehkui tracking
[13Sep2026 20:58:16.269] [modloading-worker-0/DEBUG] [net.minecraftforge.fml.javafmlmod.AutomaticEventSubscriber/LOADING]: Auto-subscribing net.mcreator.bindingvow.procedures.FloatUpProcedure to FORGE
[13Sep2026 20:58:16.271] [modloading-worker-0/DEBUG] [net.minecraftforge.fml.javafmlmod.AutomaticEventSubscriber/LOADING]: Auto-subscribing net.mcreator.bindingvow.procedures.EntityTickProcedure to FORGE
[13Sep2026 20:58:16.271] [modloading-worker-0/DEBUG] [net.minecraftforge.fml.javafmlmod.AutomaticEventSubscriber/LOADING]: Auto-subscribing net.mcreator.bindingvow.procedures.EntityKilledProcedure to FORGE
[13Sep2026 20:58:16.274] [modloading-worker-0/DEBUG] [net.minecraftforge.fml.javafmlmod.AutomaticEventSubscriber/LOADING]: Attempting to inject @EventBusSubscriber classes into the eventbus for extraquests
[13Sep2026 20:58:16.274] [modloading-worker-0/DEBUG] [net.minecraftforge.fml.javafmlmod.AutomaticEventSubscriber/LOADING]: Attempting to inject @EventBusSubscriber classes into the eventbus for fabric_screen_handler_api_v1
[13Sep2026 20:58:16.275] [modloading-worker-0/DEBUG] [net.minecraftforge.fml.javafmlmod.AutomaticEventSubscriber/LOADING]: Attempting to inject @EventBusSubscriber classes into the eventbus for fabric_resource_loader_v0
[13Sep2026 20:58:16.279] [modloading-worker-0/DEBUG] [net.minecraftforge.fml.javafmlmod.AutomaticEventSubscriber/LOADING]: Auto-subscribing net.mcreator.bindingvow.procedures.DivergentFistHitentityCheckProcedure to FORGE
[13Sep2026 20:58:16.279] [modloading-worker-0/DEBUG] [net.minecraftforge.fml.javafmlmod.AutomaticEventSubscriber/LOADING]: Attempting to inject @EventBusSubscriber classes into the eventbus for trender
[13Sep2026 20:58:16.280] [modloading-worker-0/DEBUG] [net.minecraftforge.fml.javafmlmod.AutomaticEventSubscriber/LOADING]: Attempting to inject @EventBusSubscriber classes into the eventbus for fabric_rendering_v1
[13Sep2026 20:58:16.280] [modloading-worker-0/DEBUG] [net.minecraftforge.fml.javafmlmod.AutomaticEventSubscriber/LOADING]: Auto-subscribing net.mcreator.bindingvow.procedures.DetectHitbeingattackeedProcedure to FORGE
[13Sep2026 20:58:16.280] [modloading-worker-0/INFO] [chloride/Main]: Chloride is not intended to be on servers, loaded in inner mode
[13Sep2026 20:58:16.280] [modloading-worker-0/DEBUG] [net.minecraftforge.fml.javafmlmod.AutomaticEventSubscriber/LOADING]: Attempting to inject @EventBusSubscriber classes into the eventbus for chloride
[13Sep2026 20:58:16.281] [modloading-worker-0/DEBUG] [mixin/]: Mixing EntitySelectorMixin from pehkui.mixins.json into net.minecraft.commands.arguments.selector.EntitySelector
[13Sep2026 20:58:16.289] [modloading-worker-0/DEBUG] [net.minecraftforge.fml.javafmlmod.AutomaticEventSubscriber/LOADING]: Auto-subscribing net.mcreator.bindingvow.procedures.CounterTimeStopStopTimeProcedure to FORGE
[13Sep2026 20:58:16.293] [modloading-worker-0/DEBUG] [net.minecraftforge.fml.javafmlmod.AutomaticEventSubscriber/LOADING]: Auto-subscribing net.mcreator.bindingvow.procedures.ClearNonBerserkerPlayersProcedure to FORGE
[13Sep2026 20:58:16.296] [modloading-worker-0/DEBUG] [net.minecraftforge.fml.javafmlmod.AutomaticEventSubscriber/LOADING]: Auto-subscribing net.mcreator.bindingvow.procedures.CELeechProcedure to FORGE
[13Sep2026 20:58:16.304] [modloading-worker-0/DEBUG] [net.minecraftforge.fml.javafmlmod.AutomaticEventSubscriber/LOADING]: Auto-subscribing net.mcreator.bindingvow.procedures.Button4PressedProcedure to FORGE
[13Sep2026 20:58:16.306] [modloading-worker-0/DEBUG] [net.minecraftforge.fml.javafmlmod.AutomaticEventSubscriber/LOADING]: Attempting to inject @EventBusSubscriber classes into the eventbus for pehkui
[13Sep2026 20:58:16.306] [modloading-worker-0/DEBUG] [net.minecraftforge.fml.javafmlmod.AutomaticEventSubscriber/LOADING]: Attempting to inject @EventBusSubscriber classes into the eventbus for fabric_renderer_indigo
[13Sep2026 20:58:16.308] [modloading-worker-0/DEBUG] [net.minecraftforge.fml.javafmlmod.AutomaticEventSubscriber/LOADING]: Auto-subscribing net.mcreator.bindingvow.procedures.BloodGrabEveryTickProcedure to FORGE
[13Sep2026 20:58:16.309] [modloading-worker-0/DEBUG] [net.minecraftforge.fml.javafmlmod.AutomaticEventSubscriber/LOADING]: Auto-subscribing net.mcreator.bindingvow.procedures.BerkpopProcedure to FORGE
[13Sep2026 20:58:16.310] [modloading-worker-0/DEBUG] [net.minecraftforge.fml.javafmlmod.AutomaticEventSubscriber/LOADING]: Auto-subscribing net.mcreator.bindingvow.procedures.BeforeEntityIsHitProcedure to FORGE
[13Sep2026 20:58:16.314] [modloading-worker-0/DEBUG] [net.minecraftforge.fml.javafmlmod.AutomaticEventSubscriber/LOADING]: Attempting to inject @EventBusSubscriber classes into the eventbus for fastsuite
[13Sep2026 20:58:16.318] [modloading-worker-0/DEBUG] [net.minecraftforge.fml.javafmlmod.AutomaticEventSubscriber/LOADING]: Attempting to inject @EventBusSubscriber classes into the eventbus for clumps
[13Sep2026 20:58:16.319] [modloading-worker-0/DEBUG] [net.minecraftforge.fml.javafmlmod.AutomaticEventSubscriber/LOADING]: Auto-subscribing net.mcreator.bindingvow.procedures.BanCraftingVowsProcProcedure to FORGE
[13Sep2026 20:58:16.319] [modloading-worker-0/DEBUG] [net.minecraftforge.fml.javafmlmod.AutomaticEventSubscriber/LOADING]: Attempting to inject @EventBusSubscriber classes into the eventbus for fastasyncworldsave
[13Sep2026 20:58:16.320] [modloading-worker-0/DEBUG] [net.minecraftforge.fml.javafmlmod.AutomaticEventSubscriber/LOADING]: Attempting to inject @EventBusSubscriber classes into the eventbus for fabric_mining_level_api_v1
[13Sep2026 20:58:16.320] [modloading-worker-0/DEBUG] [net.minecraftforge.fml.javafmlmod.AutomaticEventSubscriber/LOADING]: Auto-subscribing net.mcreator.bindingvow.procedures.AntinpcaonProcedure to FORGE
[13Sep2026 20:58:16.321] [modloading-worker-0/DEBUG] [net.minecraftforge.fml.javafmlmod.AutomaticEventSubscriber/LOADING]: Auto-subscribing net.mcreator.bindingvow.network.VowCombos2ButtonMessage to MOD
[13Sep2026 20:58:16.324] [modloading-worker-0/DEBUG] [net.minecraftforge.fml.javafmlmod.AutomaticEventSubscriber/LOADING]: Auto-subscribing net.mcreator.bindingvow.network.VowCombos1ButtonMessage to MOD
[13Sep2026 20:58:16.324] [modloading-worker-0/DEBUG] [net.minecraftforge.fml.javafmlmod.AutomaticEventSubscriber/LOADING]: Auto-subscribing net.mcreator.bindingvow.network.ThroughoutHeavenAndEarthButtonMessage to MOD
[13Sep2026 20:58:16.325] [modloading-worker-0/DEBUG] [net.minecraftforge.fml.javafmlmod.AutomaticEventSubscriber/LOADING]: Auto-subscribing net.mcreator.bindingvow.network.ThirdMoveMessage to MOD
[13Sep2026 20:58:16.329] [modloading-worker-0/DEBUG] [net.minecraftforge.fml.javafmlmod.AutomaticEventSubscriber/LOADING]: Auto-subscribing net.mcreator.bindingvow.network.ReciperButtonMessage to MOD
[13Sep2026 20:58:16.334] [modloading-worker-0/DEBUG] [net.minecraftforge.fml.javafmlmod.AutomaticEventSubscriber/LOADING]: Auto-subscribing net.mcreator.bindingvow.network.RecipePage3ButtonMessage to MOD
[13Sep2026 20:58:16.334] [modloading-worker-0/DEBUG] [net.minecraftforge.fml.javafmlmod.AutomaticEventSubscriber/LOADING]: Auto-subscribing net.mcreator.bindingvow.network.PoisonedEnergyGUIButtonMessage to MOD
[13Sep2026 20:58:16.335] [modloading-worker-0/DEBUG] [net.minecraftforge.fml.javafmlmod.AutomaticEventSubscriber/LOADING]: Auto-subscribing net.mcreator.bindingvow.network.Page2ButtonMessage to MOD
[13Sep2026 20:58:16.337] [modloading-worker-0/DEBUG] [net.minecraftforge.fml.javafmlmod.AutomaticEventSubscriber/LOADING]: Auto-subscribing net.mcreator.bindingvow.network.OvertimeGUIButtonMessage to MOD
[13Sep2026 20:58:16.337] [modloading-worker-0/DEBUG] [net.minecraftforge.fml.javafmlmod.AutomaticEventSubscriber/LOADING]: Auto-subscribing net.mcreator.bindingvow.network.ModeSwitch02ButtonMessage to MOD
[13Sep2026 20:58:16.339] [modloading-worker-0/DEBUG] [net.minecraftforge.fml.javafmlmod.AutomaticEventSubscriber/LOADING]: Auto-subscribing net.mcreator.bindingvow.network.InstructionIndexButtonMessage to MOD
[13Sep2026 20:58:16.341] [modloading-worker-0/INFO] [dev.architectury.networking.forge.NetworkManagerImpl/]: Registering C2S receiver with id aaa_particles:main/2b101225a0983c178c43c737d76def52
[13Sep2026 20:58:16.344] [modloading-worker-0/DEBUG] [net.minecraftforge.fml.javafmlmod.AutomaticEventSubscriber/LOADING]: Auto-subscribing net.mcreator.bindingvow.network.InfoTwoButtonMessage to MOD
[13Sep2026 20:58:16.345] [modloading-worker-0/DEBUG] [net.minecraftforge.fml.javafmlmod.AutomaticEventSubscriber/LOADING]: Auto-subscribing net.mcreator.bindingvow.network.InfoGUIButtonMessage to MOD
[13Sep2026 20:58:16.346] [modloading-worker-0/DEBUG] [net.minecraftforge.fml.javafmlmod.AutomaticEventSubscriber/LOADING]: Auto-subscribing net.mcreator.bindingvow.network.InfoButtonMessage to MOD
[13Sep2026 20:58:16.347] [modloading-worker-0/INFO] [dev.architectury.networking.forge.NetworkManagerImpl/]: Registering C2S receiver with id aaa_particles:main/878ba3ad853235668eff51eb0a40c900
[13Sep2026 20:58:16.350] [modloading-worker-0/INFO] [dev.architectury.networking.forge.NetworkManagerImpl/]: Registering C2S receiver with id aaa_particles:main/878ba3ad853235668eff51eb0a40c900
[13Sep2026 20:58:16.352] [modloading-worker-0/DEBUG] [net.minecraftforge.fml.javafmlmod.AutomaticEventSubscriber/LOADING]: Auto-subscribing net.mcreator.bindingvow.network.HiddenbonaerButtonMessage to MOD
[13Sep2026 20:58:16.353] [modloading-worker-0/DEBUG] [net.minecraftforge.fml.javafmlmod.AutomaticEventSubscriber/LOADING]: Auto-subscribing net.mcreator.bindingvow.network.HeedourwarningsButtonMessage to MOD
[13Sep2026 20:58:16.351] [modloading-worker-0/INFO] [dev.architectury.networking.forge.NetworkManagerImpl/]: Registering C2S receiver with id aaa_particles:main/9b5bc39f00d53db2acf81d859b596583
[13Sep2026 20:58:16.356] [modloading-worker-0/DEBUG] [net.minecraftforge.fml.javafmlmod.AutomaticEventSubscriber/LOADING]: Attempting to inject @EventBusSubscriber classes into the eventbus for aaa_particles
[13Sep2026 20:58:16.358] [modloading-worker-0/DEBUG] [net.minecraftforge.fml.javafmlmod.AutomaticEventSubscriber/LOADING]: Auto-subscribing net.mcreator.bindingvow.network.HeavenGuardGUiButtonMessage to MOD
[13Sep2026 20:58:16.358] [modloading-worker-0/DEBUG] [net.minecraftforge.fml.javafmlmod.AutomaticEventSubscriber/LOADING]: Attempting to inject @EventBusSubscriber classes into the eventbus for badmobs
[13Sep2026 20:58:16.360] [modloading-worker-0/DEBUG] [net.minecraftforge.fml.javafmlmod.AutomaticEventSubscriber/LOADING]: Attempting to inject @EventBusSubscriber classes into the eventbus for txnilib
[13Sep2026 20:58:16.361] [modloading-worker-0/DEBUG] [net.minecraftforge.fml.javafmlmod.AutomaticEventSubscriber/LOADING]: Attempting to inject @EventBusSubscriber classes into the eventbus for memoryleakfix
[13Sep2026 20:58:16.361] [modloading-worker-0/DEBUG] [net.minecraftforge.fml.javafmlmod.AutomaticEventSubscriber/LOADING]: Auto-subscribing net.mcreator.bindingvow.network.GuiButtonMessage to MOD
[13Sep2026 20:58:16.362] [modloading-worker-0/DEBUG] [net.minecraftforge.fml.javafmlmod.AutomaticEventSubscriber/LOADING]: Auto-subscribing net.mcreator.bindingvow.network.GambSparkINfButtonMessage to MOD
[13Sep2026 20:58:16.363] [modloading-worker-0/DEBUG] [net.minecraftforge.fml.javafmlmod.AutomaticEventSubscriber/LOADING]: Auto-subscribing net.mcreator.bindingvow.network.ExchangemyshiButtonMessage to MOD
[13Sep2026 20:58:16.363] [modloading-worker-0/INFO] [almplaceholderfix/]: almplaceholderfix has loaded
[13Sep2026 20:58:16.363] [modloading-worker-0/DEBUG] [net.minecraftforge.fml.javafmlmod.AutomaticEventSubscriber/LOADING]: Attempting to inject @EventBusSubscriber classes into the eventbus for almplaceholderfix
[13Sep2026 20:58:16.363] [modloading-worker-0/DEBUG] [net.minecraftforge.fml.javafmlmod.AutomaticEventSubscriber/LOADING]: Attempting to inject @EventBusSubscriber classes into the eventbus for fabric_particles_v1
[13Sep2026 20:58:16.365] [modloading-worker-0/DEBUG] [net.minecraftforge.fml.javafmlmod.AutomaticEventSubscriber/LOADING]: Auto-subscribing net.mcreator.bindingvow.network.EnchainGuiButtonMessage to MOD
[13Sep2026 20:58:16.366] [modloading-worker-0/DEBUG] [net.minecraftforge.fml.javafmlmod.AutomaticEventSubscriber/LOADING]: Auto-subscribing net.mcreator.bindingvow.network.DeceptionInfoButtonMessage to MOD
[13Sep2026 20:58:16.369] [modloading-worker-0/DEBUG] [net.minecraftforge.fml.javafmlmod.AutomaticEventSubscriber/LOADING]: Auto-subscribing net.mcreator.bindingvow.network.DeathkillButtonMessage to MOD
[13Sep2026 20:58:16.389] [modloading-worker-0/DEBUG] [net.minecraftforge.fml.javafmlmod.AutomaticEventSubscriber/LOADING]: Auto-subscribing net.mcreator.bindingvow.network.ChooseDoomedFuryOrLLButtonMessage to MOD
[13Sep2026 20:58:16.391] [modloading-worker-0/DEBUG] [net.minecraftforge.fml.javafmlmod.AutomaticEventSubscriber/LOADING]: Auto-subscribing net.mcreator.bindingvow.network.CheckBloodKeybindMessage to MOD
[13Sep2026 20:58:16.394] [modloading-worker-0/DEBUG] [net.minecraftforge.fml.javafmlmod.AutomaticEventSubscriber/LOADING]: Auto-subscribing net.mcreator.bindingvow.network.BookVowsSurvivabilityButtonMessage to MOD
[13Sep2026 20:58:16.396] [modloading-worker-0/DEBUG] [net.minecraftforge.fml.javafmlmod.AutomaticEventSubscriber/LOADING]: Auto-subscribing net.mcreator.bindingvow.network.BookVowsStrengthButtonMessage to MOD
[13Sep2026 20:58:16.396] [modloading-worker-0/DEBUG] [net.minecraftforge.fml.javafmlmod.AutomaticEventSubscriber/LOADING]: Auto-subscribing net.mcreator.bindingvow.network.BookVowsPG4ButtonMessage to MOD
[13Sep2026 20:58:16.397] [modloading-worker-0/DEBUG] [net.minecraftforge.fml.javafmlmod.AutomaticEventSubscriber/LOADING]: Auto-subscribing net.mcreator.bindingvow.network.BookVowsPG3ButtonMessage to MOD
[13Sep2026 20:58:16.399] [modloading-worker-0/DEBUG] [mixin/]: Mixing CropBlockMixin from kubejs-forge.mixins.json into dev.latvian.mods.kubejs.block.custom.BasicCropBlockJS
[13Sep2026 20:58:16.404] [modloading-worker-0/DEBUG] [net.minecraftforge.fml.javafmlmod.AutomaticEventSubscriber/LOADING]: Auto-subscribing net.mcreator.bindingvow.network.BookVowsPG2ButtonMessage to MOD
[13Sep2026 20:58:16.410] [modloading-worker-0/DEBUG] [net.minecraftforge.fml.javafmlmod.AutomaticEventSubscriber/LOADING]: Auto-subscribing net.mcreator.bindingvow.network.BookVowsMiscelaniousButtonMessage to MOD
[13Sep2026 20:58:16.411] [modloading-worker-0/DEBUG] [net.minecraftforge.fml.javafmlmod.AutomaticEventSubscriber/LOADING]: Auto-subscribing net.mcreator.bindingvow.network.BookVowsButtonMessage to MOD
[13Sep2026 20:58:16.427] [modloading-worker-0/DEBUG] [net.minecraftforge.fml.javafmlmod.AutomaticEventSubscriber/LOADING]: Auto-subscribing net.mcreator.bindingvow.network.BindingvowModVariables to MOD
[13Sep2026 20:58:16.425] [modloading-worker-0/INFO] [net.blay09.mods.balm.forge.config.ForgeBalmConfig/]: Registering config for waystones:common (COMMON) with 46 properties.
[13Sep2026 20:58:16.431] [modloading-worker-0/DEBUG] [net.minecraftforge.fml.config.ConfigTracker/CONFIG]: Config file waystones-common.toml for waystones tracking
[13Sep2026 20:58:16.433] [modloading-worker-0/DEBUG] [net.minecraftforge.fml.javafmlmod.AutomaticEventSubscriber/LOADING]: Auto-subscribing net.mcreator.bindingvow.network.BindingvowModVariables$PlayerVariablesProvider to FORGE
[13Sep2026 20:58:16.436] [modloading-worker-0/DEBUG] [net.minecraftforge.fml.javafmlmod.AutomaticEventSubscriber/LOADING]: Auto-subscribing net.mcreator.bindingvow.network.BindingvowModVariables$EventBusVariableHandlers to FORGE
[13Sep2026 20:58:16.441] [modloading-worker-0/DEBUG] [net.minecraftforge.fml.javafmlmod.AutomaticEventSubscriber/LOADING]: Auto-subscribing net.mcreator.bindingvow.network.BarehandedGUIButtonMessage to MOD
[13Sep2026 20:58:16.442] [modloading-worker-0/DEBUG] [net.minecraftforge.fml.javafmlmod.AutomaticEventSubscriber/LOADING]: Auto-subscribing net.mcreator.bindingvow.network.BFCGUIButtonMessage to MOD
[13Sep2026 20:58:16.427] [modloading-worker-0/INFO] [dev.architectury.networking.forge.NetworkManagerImpl/]: Registering C2S receiver with id ftbchunks:request_map_data
[13Sep2026 20:58:16.446] [modloading-worker-0/DEBUG] [net.minecraftforge.fml.javafmlmod.AutomaticEventSubscriber/LOADING]: Auto-subscribing net.mcreator.bindingvow.network.AoNGuiButtonMessage to MOD
[13Sep2026 20:58:16.447] [modloading-worker-0/INFO] [dev.architectury.networking.forge.NetworkManagerImpl/]: Registering C2S receiver with id ftbchunks:share_waypoint
[13Sep2026 20:58:16.447] [modloading-worker-0/DEBUG] [net.minecraftforge.fml.javafmlmod.AutomaticEventSubscriber/LOADING]: Auto-subscribing net.mcreator.bindingvow.init.BindingvowModTabs to MOD
[13Sep2026 20:58:16.448] [modloading-worker-0/DEBUG] [net.minecraftforge.fml.javafmlmod.AutomaticEventSubscriber/LOADING]: Auto-subscribing net.mcreator.bindingvow.init.BindingvowModGameRules to MOD
[13Sep2026 20:58:16.451] [modloading-worker-0/DEBUG] [mixin/]: Mixing GameRulesIntRuleAccessor from fabric-game-rule-api-v1.mixins.json into net.minecraft.world.level.GameRules$IntegerValue
[13Sep2026 20:58:16.449] [modloading-worker-0/INFO] [dev.architectury.networking.forge.NetworkManagerImpl/]: Registering C2S receiver with id ftbchunks:request_chunk_change
[13Sep2026 20:58:16.452] [modloading-worker-0/DEBUG] [mixin/]: fabric-game-rule-api-v1.mixins.json:GameRulesIntRuleAccessor: Class version 61 required is higher than the class version supported by the current version of Mixin (JAVA_16 supports class version 60)
[13Sep2026 20:58:16.457] [modloading-worker-0/DEBUG] [mixin/]: Mixing GameRulesAccessor from fabric-game-rule-api-v1.mixins.json into net.minecraft.world.level.GameRules
[13Sep2026 20:58:16.460] [modloading-worker-0/DEBUG] [mixin/]: fabric-game-rule-api-v1.mixins.json:GameRulesAccessor: Class version 61 required is higher than the class version supported by the current version of Mixin (JAVA_16 supports class version 60)
[13Sep2026 20:58:16.460] [modloading-worker-0/DEBUG] [mixin/]: Renaming @Invoker method callRegister(Ljava/lang/String;Lnet/minecraft/world/level/GameRules$Category;Lnet/minecraft/world/level/GameRules$Type;)Lnet/minecraft/world/level/GameRules$Key; to callRegister_$md$bf378c$0 in fabric-game-rule-api-v1.mixins.json:GameRulesAccessor
[13Sep2026 20:58:16.460] [modloading-worker-0/DEBUG] [mixin/]: Renaming @Accessor method getRuleTypes()Ljava/util/Map; to getRuleTypes_$md$bf378c$1 in fabric-game-rule-api-v1.mixins.json:GameRulesAccessor
[13Sep2026 20:58:16.460] [modloading-worker-0/DEBUG] [mixin/]: Mixing GameRulesMixin from kubejs-common.mixins.json into net.minecraft.world.level.GameRules
[13Sep2026 20:58:16.467] [modloading-worker-0/DEBUG] [mixin/]: Mixing GameRulesKeyMixin from fabric-game-rule-api-v1.mixins.json into net.minecraft.world.level.GameRules$Key
[13Sep2026 20:58:16.467] [modloading-worker-0/DEBUG] [mixin/]: fabric-game-rule-api-v1.mixins.json:GameRulesKeyMixin: Class version 61 required is higher than the class version supported by the current version of Mixin (JAVA_16 supports class version 60)
[13Sep2026 20:58:16.466] [modloading-worker-0/INFO] [dev.architectury.networking.forge.NetworkManagerImpl/]: Registering C2S receiver with id ftbchunks:teleport_from_map
[13Sep2026 20:58:16.470] [modloading-worker-0/INFO] [dev.architectury.networking.forge.NetworkManagerImpl/]: Registering C2S receiver with id ftbchunks:sync_tx
[13Sep2026 20:58:16.473] [modloading-worker-0/DEBUG] [mixin/]: Mixing GameRulesBooleanRuleAccessor from fabric-game-rule-api-v1.mixins.json into net.minecraft.world.level.GameRules$BooleanValue
[13Sep2026 20:58:16.473] [modloading-worker-0/DEBUG] [mixin/]: fabric-game-rule-api-v1.mixins.json:GameRulesBooleanRuleAccessor: Class version 61 required is higher than the class version supported by the current version of Mixin (JAVA_16 supports class version 60)
[13Sep2026 20:58:16.473] [modloading-worker-0/DEBUG] [mixin/]: Renaming @Invoker method invokeCreate(ZLjava/util/function/BiConsumer;)Lnet/minecraft/world/level/GameRules$Type; to invokeCreate_$md$bf378c$0 in fabric-game-rule-api-v1.mixins.json:GameRulesBooleanRuleAccessor
[13Sep2026 20:58:16.477] [modloading-worker-0/INFO] [dev.architectury.networking.forge.NetworkManagerImpl/]: Registering C2S receiver with id ftbchunks:update_force_load_expiry
[13Sep2026 20:58:16.480] [modloading-worker-0/DEBUG] [net.minecraftforge.fml.javafmlmod.AutomaticEventSubscriber/LOADING]: Auto-subscribing net.mcreator.bindingvow.init.BindingvowModEntities to MOD
[13Sep2026 20:58:16.482] [modloading-worker-0/DEBUG] [net.minecraftforge.fml.javafmlmod.AutomaticEventSubscriber/LOADING]: Auto-subscribing net.mcreator.bindingvow.command.SetLifeLeechStacksCommand to FORGE
[13Sep2026 20:58:16.482] [modloading-worker-0/INFO] [dev.architectury.networking.forge.NetworkManagerImpl/]: Registering C2S receiver with id ftbchunks:server_config_request
[13Sep2026 20:58:16.483] [modloading-worker-0/DEBUG] [net.minecraftforge.fml.javafmlmod.AutomaticEventSubscriber/LOADING]: Auto-subscribing net.mcreator.bindingvow.command.ResetcdCommand to FORGE
[13Sep2026 20:58:16.485] [modloading-worker-0/INFO] [FTB XMod Compat/]: [FTB Quests] Enabled KubeJS integration
[13Sep2026 20:58:16.491] [modloading-worker-0/DEBUG] [net.minecraftforge.fml.javafmlmod.AutomaticEventSubscriber/LOADING]: Auto-subscribing net.mcreator.bindingvow.command.EffectStatsCommand to FORGE
[13Sep2026 20:58:16.495] [modloading-worker-0/INFO] [FTB XMod Compat/]: [FTB Chunks] Enabled KubeJS integration
[13Sep2026 20:58:16.500] [modloading-worker-0/DEBUG] [mixin/]: Mixing EventHandlerBridgeMixin from kubejs-common.mixins.json into dev.latvian.mods.kubejs.event.EventHandler
[13Sep2026 20:58:16.507] [modloading-worker-0/DEBUG] [mixin/]: Mixing EventHandlerInvoker from kubejs-common.mixins.json into dev.latvian.mods.kubejs.event.EventHandler
[13Sep2026 20:58:16.510] [modloading-worker-0/DEBUG] [net.minecraftforge.versions.forge.ForgeVersion/CORE]: Forge Version package package net.minecraftforge.versions.forge, Forge, version 47.3 from cpw.mods.modlauncher.TransformingClassLoader@7f8c3646
[13Sep2026 20:58:16.510] [modloading-worker-0/DEBUG] [net.minecraftforge.versions.forge.ForgeVersion/CORE]: Found Forge version 47.3.7
[13Sep2026 20:58:16.510] [modloading-worker-0/DEBUG] [net.minecraftforge.versions.forge.ForgeVersion/CORE]: Found Forge spec 47.3
[13Sep2026 20:58:16.510] [modloading-worker-0/DEBUG] [net.minecraftforge.versions.forge.ForgeVersion/CORE]: Found Forge group net.minecraftforge
[13Sep2026 20:58:16.510] [modloading-worker-0/INFO] [net.minecraftforge.common.ForgeMod/FORGEMOD]: Forge mod loading, version 47.3.7, for MC 1.20.1 with MCP 20230612.114412
[13Sep2026 20:58:16.511] [modloading-worker-0/INFO] [net.minecraftforge.common.MinecraftForge/FORGE]: MinecraftForge v47.3.7 Initialized
[13Sep2026 20:58:16.527] [modloading-worker-0/DEBUG] [net.minecraftforge.common.ForgeMod/FORGEMOD]: Loading Network data for FML net version: FML3
[13Sep2026 20:58:16.546] [modloading-worker-0/DEBUG] [net.minecraftforge.fml.config.ConfigTracker/CONFIG]: Config file forge-client.toml for forge tracking
[13Sep2026 20:58:16.547] [modloading-worker-0/DEBUG] [net.minecraftforge.fml.config.ConfigTracker/CONFIG]: Config file forge-server.toml for forge tracking
[13Sep2026 20:58:16.547] [modloading-worker-0/DEBUG] [net.minecraftforge.fml.ModLoadingContext/]: Attempted to register an empty config for type COMMON on mod forge
[13Sep2026 20:58:16.556] [modloading-worker-0/DEBUG] [net.minecraftforge.fml.javafmlmod.AutomaticEventSubscriber/LOADING]: Attempting to inject @EventBusSubscriber classes into the eventbus for ftbchunks
[13Sep2026 20:58:16.556] [modloading-worker-0/INFO] [jujutsucraftfix/]: JujutsuCraftFix has loaded
[13Sep2026 20:58:16.556] [modloading-worker-0/DEBUG] [net.minecraftforge.fml.javafmlmod.AutomaticEventSubscriber/LOADING]: Attempting to inject @EventBusSubscriber classes into the eventbus for jujutsucraftfix
[13Sep2026 20:58:16.563] [modloading-worker-0/DEBUG] [net.minecraftforge.fml.javafmlmod.AutomaticEventSubscriber/LOADING]: Attempting to inject @EventBusSubscriber classes into the eventbus for waystones
[13Sep2026 20:58:16.567] [modloading-worker-0/ERROR] [net.minecraftforge.fml.javafmlmod.FMLModContainer/LOADING]: Failed to create mod instance. ModID: almirion_utilities, class com.almirionutilities.AlmirionUtilitiesMod
java.lang.NoSuchMethodError: 'net.minecraft.resources.ResourceLocation net.minecraft.resources.ResourceLocation.fromNamespaceAndPath(java.lang.String, java.lang.String)'
	at com.almirionutilities.network.AlmirionUtilitiesNetwork.<clinit>(AlmirionUtilitiesNetwork.java:12) ~[almirion_utilities-1.0.1.jar%23192!/:1.0.1]
	at com.almirionutilities.AlmirionUtilitiesMod.<init>(AlmirionUtilitiesMod.java:16) ~[almirion_utilities-1.0.1.jar%23192!/:1.0.1]
	at jdk.internal.reflect.NativeConstructorAccessorImpl.newInstance0(Native Method) ~[?:?]
	at jdk.internal.reflect.NativeConstructorAccessorImpl.newInstance(NativeConstructorAccessorImpl.java:77) ~[?:?]
	at jdk.internal.reflect.DelegatingConstructorAccessorImpl.newInstance(DelegatingConstructorAccessorImpl.java:45) ~[?:?]
	at java.lang.reflect.Constructor.newInstanceWithCaller(Constructor.java:500) ~[?:?]
	at java.lang.reflect.Constructor.newInstance(Constructor.java:481) ~[?:?]
	at net.minecraftforge.fml.javafmlmod.FMLModContainer.constructMod(FMLModContainer.java:70) ~[javafmllanguage-1.20.1-47.3.7.jar%23283!/:?]
	at net.minecraftforge.fml.ModContainer.lambda$buildTransitionHandler$4(ModContainer.java:124) ~[fmlcore-1.20.1-47.3.7.jar%23282!/:?]
	at java.util.concurrent.CompletableFuture$AsyncRun.run(CompletableFuture.java:1804) ~[?:?]
	at java.util.concurrent.CompletableFuture$AsyncRun.exec(CompletableFuture.java:1796) ~[?:?]
	at java.util.concurrent.ForkJoinTask.doExec(ForkJoinTask.java:373) ~[?:?]
	at java.util.concurrent.ForkJoinPool$WorkQueue.topLevelExec(ForkJoinPool.java:1182) ~[?:?]
	at java.util.concurrent.ForkJoinPool.scan(ForkJoinPool.java:1655) ~[?:?]
	at java.util.concurrent.ForkJoinPool.runWorker(ForkJoinPool.java:1622) ~[?:?]
	at java.util.concurrent.ForkJoinWorkerThread.run(ForkJoinWorkerThread.java:165) ~[?:?]
[13Sep2026 20:58:16.575] [modloading-worker-0/DEBUG] [net.minecraftforge.fml.config.ConfigTracker/CONFIG]: Config file JJCUConfig.toml for jujutsucraftutility tracking
[13Sep2026 20:58:16.576] [modloading-worker-0/DEBUG] [net.minecraftforge.fml.javafmlmod.AutomaticEventSubscriber/LOADING]: Attempting to inject @EventBusSubscriber classes into the eventbus for forge
[13Sep2026 20:58:16.576] [modloading-worker-0/DEBUG] [net.minecraftforge.fml.javafmlmod.AutomaticEventSubscriber/LOADING]: Auto-subscribing net.minecraftforge.common.ForgeSpawnEggItem$CommonHandler to MOD
[13Sep2026 20:58:16.579] [modloading-worker-0/ERROR] [net.minecraftforge.fml.javafmlmod.FMLModContainer/LOADING]: Failed to create mod instance. ModID: slyrienjujutsu, class net.slyrien.jujutsu.SlyrienJujutsuMod
java.lang.NoSuchMethodError: 'net.minecraft.resources.ResourceLocation net.minecraft.resources.ResourceLocation.fromNamespaceAndPath(java.lang.String, java.lang.String)'
	at net.slyrien.jujutsu.SlyrienJujutsuMod.<clinit>(SlyrienJujutsuMod.java:51) ~[slyrienjujutsu-1.0.jar%23267!/:1.0]
	at jdk.internal.reflect.NativeConstructorAccessorImpl.newInstance0(Native Method) ~[?:?]
	at jdk.internal.reflect.NativeConstructorAccessorImpl.newInstance(NativeConstructorAccessorImpl.java:77) ~[?:?]
	at jdk.internal.reflect.DelegatingConstructorAccessorImpl.newInstance(DelegatingConstructorAccessorImpl.java:45) ~[?:?]
	at java.lang.reflect.Constructor.newInstanceWithCaller(Constructor.java:500) ~[?:?]
	at java.lang.reflect.Constructor.newInstance(Constructor.java:481) ~[?:?]
	at net.minecraftforge.fml.javafmlmod.FMLModContainer.constructMod(FMLModContainer.java:70) ~[javafmllanguage-1.20.1-47.3.7.jar%23283!/:?]
	at net.minecraftforge.fml.ModContainer.lambda$buildTransitionHandler$4(ModContainer.java:124) ~[fmlcore-1.20.1-47.3.7.jar%23282!/:?]
	at java.util.concurrent.CompletableFuture$AsyncRun.run(CompletableFuture.java:1804) ~[?:?]
	at java.util.concurrent.CompletableFuture$AsyncRun.exec(CompletableFuture.java:1796) ~[?:?]
	at java.util.concurrent.ForkJoinTask.doExec(ForkJoinTask.java:373) ~[?:?]
	at java.util.concurrent.ForkJoinPool$WorkQueue.topLevelExec(ForkJoinPool.java:1182) ~[?:?]
	at java.util.concurrent.ForkJoinPool.scan(ForkJoinPool.java:1655) ~[?:?]
	at java.util.concurrent.ForkJoinPool.runWorker(ForkJoinPool.java:1622) ~[?:?]
	at java.util.concurrent.ForkJoinWorkerThread.run(ForkJoinWorkerThread.java:165) ~[?:?]
[13Sep2026 20:58:16.586] [modloading-worker-0/DEBUG] [net.minecraftforge.fml.javafmlmod.AutomaticEventSubscriber/LOADING]: Attempting to inject @EventBusSubscriber classes into the eventbus for jujutsucraftutility
[13Sep2026 20:58:16.586] [modloading-worker-0/DEBUG] [net.minecraftforge.fml.javafmlmod.AutomaticEventSubscriber/LOADING]: Auto-subscribing com.jujutsu.jujutsucraftutility.network.ServerGlowManager to FORGE
[13Sep2026 20:58:16.588] [modloading-worker-0/DEBUG] [net.minecraftforge.fml.javafmlmod.AutomaticEventSubscriber/LOADING]: Auto-subscribing com.jujutsu.jujutsucraftutility.network.ServerDataSyncHandler to FORGE
[13Sep2026 20:58:16.593] [modloading-worker-0/DEBUG] [net.minecraftforge.fml.javafmlmod.AutomaticEventSubscriber/LOADING]: Auto-subscribing com.jujutsu.jujutsucraftutility.network.JJCUStatistics to MOD
[13Sep2026 20:58:16.596] [modloading-worker-0/DEBUG] [net.minecraftforge.fml.javafmlmod.AutomaticEventSubscriber/LOADING]: Auto-subscribing com.jujutsu.jujutsucraftutility.network.JJCUPoisonHandler to FORGE
[13Sep2026 20:58:16.598] [modloading-worker-0/DEBUG] [net.minecraftforge.fml.javafmlmod.AutomaticEventSubscriber/LOADING]: Auto-subscribing com.jujutsu.jujutsucraftutility.network.JJCUPoisonDamage to FORGE
[13Sep2026 20:58:16.602] [modloading-worker-0/DEBUG] [net.minecraftforge.fml.javafmlmod.AutomaticEventSubscriber/LOADING]: Auto-subscribing com.jujutsu.jujutsucraftutility.network.JJCUNetwork to MOD
[13Sep2026 20:58:16.604] [modloading-worker-0/DEBUG] [net.minecraftforge.fml.javafmlmod.AutomaticEventSubscriber/LOADING]: Auto-subscribing com.jujutsu.jujutsucraftutility.event.RCTImmuneHandler to FORGE
[13Sep2026 20:58:16.605] [modloading-worker-0/DEBUG] [net.minecraftforge.fml.javafmlmod.AutomaticEventSubscriber/LOADING]: Auto-subscribing com.jujutsu.jujutsucraftutility.event.OutputDamageHandler to FORGE
[13Sep2026 20:58:16.606] [modloading-worker-0/DEBUG] [net.minecraftforge.fml.javafmlmod.AutomaticEventSubscriber/LOADING]: Auto-subscribing com.jujutsu.jujutsucraftutility.event.OutputDamageBlackFlashHandler to FORGE
[13Sep2026 20:58:16.608] [modloading-worker-0/DEBUG] [net.minecraftforge.fml.javafmlmod.AutomaticEventSubscriber/LOADING]: Auto-subscribing com.jujutsu.jujutsucraftutility.event.JJCUStatSyncHandler to FORGE
[13Sep2026 20:58:16.610] [modloading-worker-0/DEBUG] [net.minecraftforge.fml.javafmlmod.AutomaticEventSubscriber/LOADING]: Auto-subscribing com.jujutsu.jujutsucraftutility.event.JJCUSoulManager to FORGE
[13Sep2026 20:58:16.611] [modloading-worker-0/DEBUG] [net.minecraftforge.fml.javafmlmod.AutomaticEventSubscriber/LOADING]: Auto-subscribing com.jujutsu.jujutsucraftutility.event.JJCUSoulLifeHandler to FORGE
[13Sep2026 20:58:16.612] [modloading-worker-0/DEBUG] [net.minecraftforge.fml.javafmlmod.AutomaticEventSubscriber/LOADING]: Auto-subscribing com.jujutsu.jujutsucraftutility.event.JJCUSoulDamageHandler to FORGE
[13Sep2026 20:58:16.617] [modloading-worker-0/DEBUG] [net.minecraftforge.fml.javafmlmod.AutomaticEventSubscriber/LOADING]: Auto-subscribing com.jujutsu.jujutsucraftutility.event.JJCUSenseUnlock to FORGE
[13Sep2026 20:58:16.618] [modloading-worker-0/DEBUG] [net.minecraftforge.fml.javafmlmod.AutomaticEventSubscriber/LOADING]: Auto-subscribing com.jujutsu.jujutsucraftutility.event.JJCURctOutputHandler to FORGE
[13Sep2026 20:58:16.620] [modloading-worker-0/DEBUG] [net.minecraftforge.fml.javafmlmod.AutomaticEventSubscriber/LOADING]: Auto-subscribing com.jujutsu.jujutsucraftutility.event.JJCURCTUnlock to FORGE
[13Sep2026 20:58:16.620] [modloading-worker-0/DEBUG] [net.minecraftforge.fml.javafmlmod.AutomaticEventSubscriber/LOADING]: Auto-subscribing com.jujutsu.jujutsucraftutility.event.JJCUDomainExtensionHandler to FORGE
[13Sep2026 20:58:16.622] [modloading-worker-0/DEBUG] [net.minecraftforge.fml.javafmlmod.AutomaticEventSubscriber/LOADING]: Auto-subscribing com.jujutsu.jujutsucraftutility.event.DimensionalSyncFixes to FORGE
[13Sep2026 20:58:16.622] [modloading-worker-0/DEBUG] [net.minecraftforge.fml.javafmlmod.AutomaticEventSubscriber/LOADING]: Auto-subscribing com.jujutsu.jujutsucraftutility.event.BurnoutHandler to FORGE
[13Sep2026 20:58:16.623] [modloading-worker-0/DEBUG] [net.minecraftforge.fml.javafmlmod.AutomaticEventSubscriber/LOADING]: Auto-subscribing com.jujutsu.jujutsucraftutility.command.RaceCommand to FORGE
[13Sep2026 20:58:16.625] [modloading-worker-0/DEBUG] [net.minecraftforge.fml.javafmlmod.AutomaticEventSubscriber/LOADING]: Auto-subscribing com.jujutsu.jujutsucraftutility.command.RCTImmuneCommand to FORGE
[13Sep2026 20:58:16.626] [modloading-worker-0/DEBUG] [net.minecraftforge.fml.javafmlmod.AutomaticEventSubscriber/LOADING]: Auto-subscribing com.jujutsu.jujutsucraftutility.command.PlayerLevelCommand to FORGE
[13Sep2026 20:58:16.628] [modloading-worker-0/DEBUG] [net.minecraftforge.fml.javafmlmod.AutomaticEventSubscriber/LOADING]: Auto-subscribing com.jujutsu.jujutsucraftutility.command.OutputCommand to FORGE
[13Sep2026 20:58:16.630] [modloading-worker-0/DEBUG] [net.minecraftforge.fml.javafmlmod.AutomaticEventSubscriber/LOADING]: Auto-subscribing com.jujutsu.jujutsucraftutility.command.JJCUShikigamiResetCommand to FORGE
[13Sep2026 20:58:16.631] [modloading-worker-0/DEBUG] [net.minecraftforge.fml.javafmlmod.AutomaticEventSubscriber/LOADING]: Auto-subscribing com.jujutsu.jujutsucraftutility.command.JJCUShikigamiMergeCommand to FORGE
[13Sep2026 20:58:16.631] [modloading-worker-0/DEBUG] [net.minecraftforge.fml.javafmlmod.AutomaticEventSubscriber/LOADING]: Auto-subscribing com.jujutsu.jujutsucraftutility.command.JJCUSetMastery to FORGE
[13Sep2026 20:58:16.632] [modloading-worker-0/DEBUG] [net.minecraftforge.fml.javafmlmod.AutomaticEventSubscriber/LOADING]: Auto-subscribing com.jujutsu.jujutsucraftutility.command.JJCUSetFame to FORGE
[13Sep2026 20:58:16.629] [modloading-worker-0/INFO] [Rhino Script Remapper/]: Loading Rhino Minecraft remapper...
[13Sep2026 20:58:16.634] [modloading-worker-0/INFO] [dev.latvian.mods.rhino.mod.util.RhinoProperties/]: Rhino properties loaded.
[13Sep2026 20:58:16.638] [modloading-worker-0/DEBUG] [net.minecraftforge.fml.javafmlmod.AutomaticEventSubscriber/LOADING]: Auto-subscribing com.jujutsu.jujutsucraftutility.command.DebugDisplayCommand to FORGE
[13Sep2026 20:58:16.658] [modloading-worker-0/INFO] [Rhino Script Remapper/]: Loading mappings for 1.20.1
[13Sep2026 20:58:16.682] [modloading-worker-0/INFO] [com.stovetoptoad.jujutsuslop.JujutsuSlop/]: Jujutsu Slop initialising...
[13Sep2026 20:58:16.682] [modloading-worker-0/DEBUG] [net.minecraftforge.fml.javafmlmod.AutomaticEventSubscriber/LOADING]: Attempting to inject @EventBusSubscriber classes into the eventbus for jujutsuslop
[13Sep2026 20:58:16.682] [modloading-worker-0/DEBUG] [net.minecraftforge.fml.javafmlmod.AutomaticEventSubscriber/LOADING]: Auto-subscribing com.stovetoptoad.jujutsuslop.RctEventHandler to FORGE
[13Sep2026 20:58:16.689] [modloading-worker-0/DEBUG] [net.minecraftforge.fml.javafmlmod.AutomaticEventSubscriber/LOADING]: Auto-subscribing com.stovetoptoad.jujutsuslop.ModCommands to FORGE
[13Sep2026 20:58:16.690] [modloading-worker-0/DEBUG] [net.minecraftforge.fml.javafmlmod.AutomaticEventSubscriber/LOADING]: Auto-subscribing com.stovetoptoad.jujutsuslop.EventListeners to FORGE
[13Sep2026 20:58:16.694] [modloading-worker-0/DEBUG] [net.minecraftforge.fml.config.ConfigTracker/CONFIG]: Config file jjsh-common.toml for jjsh tracking
[13Sep2026 20:58:16.695] [modloading-worker-0/DEBUG] [net.minecraftforge.fml.javafmlmod.AutomaticEventSubscriber/LOADING]: Attempting to inject @EventBusSubscriber classes into the eventbus for jjsh
[13Sep2026 20:58:16.695] [modloading-worker-0/DEBUG] [net.minecraftforge.fml.javafmlmod.AutomaticEventSubscriber/LOADING]: Auto-subscribing sho.jjsh.raid.party.RaidPartyManager to FORGE
[13Sep2026 20:58:16.702] [modloading-worker-0/DEBUG] [net.minecraftforge.fml.javafmlmod.AutomaticEventSubscriber/LOADING]: Auto-subscribing sho.jjsh.raid.RaidWorldTickHandler to FORGE
[13Sep2026 20:58:16.703] [modloading-worker-0/DEBUG] [net.minecraftforge.fml.javafmlmod.AutomaticEventSubscriber/LOADING]: Auto-subscribing sho.jjsh.raid.RaidRaiderAiHandler to FORGE
[13Sep2026 20:58:16.712] [modloading-worker-0/DEBUG] [net.minecraftforge.fml.javafmlmod.AutomaticEventSubscriber/LOADING]: Auto-subscribing sho.jjsh.raid.RaidPlayerHandler to FORGE
[13Sep2026 20:58:16.714] [modloading-worker-0/DEBUG] [net.minecraftforge.fml.javafmlmod.AutomaticEventSubscriber/LOADING]: Attempting to inject @EventBusSubscriber classes into the eventbus for smoothchunk
[13Sep2026 20:58:16.715] [modloading-worker-0/DEBUG] [net.minecraftforge.fml.config.ConfigTracker/CONFIG]: Config file moonlight-common.toml for moonlight tracking
[13Sep2026 20:58:16.716] [modloading-worker-0/DEBUG] [net.minecraftforge.fml.javafmlmod.AutomaticEventSubscriber/LOADING]: Auto-subscribing sho.jjsh.raid.RaidNaturalSpawnBlocker to FORGE
[13Sep2026 20:58:16.719] [modloading-worker-0/DEBUG] [net.minecraftforge.fml.javafmlmod.AutomaticEventSubscriber/LOADING]: Auto-subscribing sho.jjsh.raid.RaidDeathHandler to FORGE
[13Sep2026 20:58:16.721] [modloading-worker-0/DEBUG] [net.minecraftforge.fml.javafmlmod.AutomaticEventSubscriber/LOADING]: Auto-subscribing sho.jjsh.raid.RaidBootstrap to FORGE
[13Sep2026 20:58:16.721] [modloading-worker-0/DEBUG] [mixin/]: Mixing PlayfulCloudMixin from mixins.jujutsucrafts.json into net.mcreator.jujutsucraft.item.PlayfulCloudItem
[13Sep2026 20:58:16.728] [modloading-worker-0/DEBUG] [net.minecraftforge.fml.javafmlmod.AutomaticEventSubscriber/LOADING]: Auto-subscribing sho.jjsh.raid.RaidAutoStartHandler to FORGE
[13Sep2026 20:58:16.732] [modloading-worker-0/DEBUG] [net.minecraftforge.fml.javafmlmod.AutomaticEventSubscriber/LOADING]: Auto-subscribing sho.jjsh.procedures.SukunaComboAutoAdvancementHandler to FORGE
[13Sep2026 20:58:16.735] [modloading-worker-0/DEBUG] [net.minecraftforge.fml.javafmlmod.AutomaticEventSubscriber/LOADING]: Auto-subscribing sho.jjsh.procedures.RaidFlagAdvancementRewardHandler to FORGE
[13Sep2026 20:58:16.737] [modloading-worker-0/DEBUG] [net.minecraftforge.fml.javafmlmod.AutomaticEventSubscriber/LOADING]: Auto-subscribing sho.jjsh.procedures.PlayerLevelCommand to FORGE
[13Sep2026 20:58:16.743] [modloading-worker-0/DEBUG] [net.minecraftforge.fml.javafmlmod.AutomaticEventSubscriber/LOADING]: Auto-subscribing sho.jjsh.procedures.PhysicalDetachmentWaterWalkHandler to FORGE
[13Sep2026 20:58:16.746] [modloading-worker-0/DEBUG] [net.minecraftforge.fml.javafmlmod.AutomaticEventSubscriber/LOADING]: Auto-subscribing sho.jjsh.procedures.PhysicalDetachmentAdvancementGuard to FORGE
[13Sep2026 20:58:16.748] [modloading-worker-0/DEBUG] [net.minecraftforge.fml.javafmlmod.AutomaticEventSubscriber/LOADING]: Auto-subscribing sho.jjsh.procedures.MarkingForceTickHandler to FORGE
[13Sep2026 20:58:16.749] [modloading-worker-0/DEBUG] [net.minecraftforge.fml.javafmlmod.AutomaticEventSubscriber/LOADING]: Auto-subscribing sho.jjsh.procedures.JjshCursePowerLifecycleFallback to FORGE
[13Sep2026 20:58:16.750] [modloading-worker-0/DEBUG] [net.minecraftforge.fml.javafmlmod.AutomaticEventSubscriber/LOADING]: Auto-subscribing sho.jjsh.procedures.JjshCursePowerLevelSyncHandler to FORGE
[13Sep2026 20:58:16.758] [modloading-worker-0/DEBUG] [net.minecraftforge.fml.javafmlmod.AutomaticEventSubscriber/LOADING]: Auto-subscribing sho.jjsh.procedures.ItadoriYujiSukunaFingerDropHandler to FORGE
[13Sep2026 20:58:16.760] [modloading-worker-0/DEBUG] [net.minecraftforge.fml.javafmlmod.AutomaticEventSubscriber/LOADING]: Auto-subscribing sho.jjsh.procedures.HeteromorphicBodySukunaSuppressor to FORGE
[13Sep2026 20:58:16.763] [modloading-worker-0/DEBUG] [net.minecraftforge.fml.javafmlmod.AutomaticEventSubscriber/LOADING]: Auto-subscribing sho.jjsh.procedures.HeteromorphicBodyRespawnPersistence to FORGE
[13Sep2026 20:58:16.766] [modloading-worker-0/DEBUG] [net.minecraftforge.fml.javafmlmod.AutomaticEventSubscriber/LOADING]: Auto-subscribing sho.jjsh.procedures.HeteromorphicBodyEffectStartedProcedure to FORGE
[13Sep2026 20:58:16.767] [modloading-worker-0/DEBUG] [net.minecraftforge.fml.javafmlmod.AutomaticEventSubscriber/LOADING]: Auto-subscribing sho.jjsh.procedures.HeteromorphicBodyCursePower to FORGE
[13Sep2026 20:58:16.769] [modloading-worker-0/DEBUG] [net.minecraftforge.fml.javafmlmod.AutomaticEventSubscriber/LOADING]: Auto-subscribing sho.jjsh.procedures.DoubleJumpLandingRefillHandler to FORGE
[13Sep2026 20:58:16.770] [modloading-worker-0/DEBUG] [net.minecraftforge.fml.javafmlmod.AutomaticEventSubscriber/LOADING]: Auto-subscribing sho.jjsh.procedures.DomainTierPromoteClosedWhenEligible to FORGE
[13Sep2026 20:58:16.774] [modloading-worker-0/DEBUG] [net.minecraftforge.fml.javafmlmod.AutomaticEventSubscriber/LOADING]: Auto-subscribing sho.jjsh.procedures.DomainMasteryJjshAdvancementSync to FORGE
[13Sep2026 20:58:16.776] [modloading-worker-0/DEBUG] [net.minecraftforge.fml.javafmlmod.AutomaticEventSubscriber/LOADING]: Auto-subscribing sho.jjsh.procedures.DomainExpansionDeathCleanupHandler to FORGE
[13Sep2026 20:58:16.782] [modloading-worker-0/DEBUG] [net.minecraftforge.fml.javafmlmod.AutomaticEventSubscriber/LOADING]: Auto-subscribing sho.jjsh.procedures.DomainCnt2MirrorEventHandler to FORGE
[13Sep2026 20:58:16.787] [modloading-worker-0/DEBUG] [net.minecraftforge.fml.javafmlmod.AutomaticEventSubscriber/LOADING]: Auto-subscribing sho.jjsh.procedures.DamageDealtDisplayHandler to FORGE
[13Sep2026 20:58:16.791] [modloading-worker-0/DEBUG] [net.minecraftforge.fml.javafmlmod.AutomaticEventSubscriber/LOADING]: Auto-subscribing sho.jjsh.procedures.BlackFlashStackPersistenceHandler to FORGE
[13Sep2026 20:58:16.793] [modloading-worker-0/DEBUG] [net.minecraftforge.fml.javafmlmod.AutomaticEventSubscriber/LOADING]: Auto-subscribing sho.jjsh.procedures.AirJumpAdvancementRewardHandler to FORGE
[13Sep2026 20:58:16.794] [modloading-worker-0/DEBUG] [net.minecraftforge.fml.javafmlmod.AutomaticEventSubscriber/LOADING]: Auto-subscribing sho.jjsh.procedures.AirJumpAdvancementGuard to FORGE
[13Sep2026 20:58:16.795] [modloading-worker-0/DEBUG] [net.minecraftforge.fml.javafmlmod.AutomaticEventSubscriber/LOADING]: Auto-subscribing sho.jjsh.geto.GetoSukunaFingerFeedHandler to FORGE
[13Sep2026 20:58:16.797] [modloading-worker-0/DEBUG] [net.minecraftforge.fml.javafmlmod.AutomaticEventSubscriber/LOADING]: Auto-subscribing sho.jjsh.geto.GetoSpiritFingerScaleTrackingHandler to FORGE
[13Sep2026 20:58:16.799] [modloading-worker-0/DEBUG] [net.minecraftforge.fml.javafmlmod.AutomaticEventSubscriber/LOADING]: Auto-subscribing sho.jjsh.geto.GetoSorcererAbsorbHandler to FORGE
[13Sep2026 20:58:16.800] [modloading-worker-0/DEBUG] [net.minecraftforge.fml.javafmlmod.AutomaticEventSubscriber/LOADING]: Auto-subscribing sho.jjsh.Config to MOD
[13Sep2026 20:58:16.802] [modloading-worker-0/DEBUG] [net.minecraftforge.fml.config.ConfigTracker/CONFIG]: Config file slyrienmodern-client.toml for slyrienmodern tracking
[13Sep2026 20:58:16.807] [modloading-worker-0/ERROR] [net.minecraftforge.fml.loading.RuntimeDistCleaner/DISTXFORM]: Attempted to load class net/minecraft/client/Options for invalid dist DEDICATED_SERVER
[13Sep2026 20:58:16.807] [modloading-worker-0/ERROR] [net.minecraftforge.fml.javafmlmod.FMLModContainer/LOADING]: Failed to create mod instance. ModID: slyrienmodern, class net.slyrienmodern.com.SlyrienModernMod
java.lang.RuntimeException: Attempted to load class net/minecraft/client/Options for invalid dist DEDICATED_SERVER
	at net.minecraftforge.fml.loading.RuntimeDistCleaner.processClassWithFlags(RuntimeDistCleaner.java:57) ~[fmlloader-1.20.1-47.3.7.jar%2369!/:1.0]
	at cpw.mods.modlauncher.LaunchPluginHandler.offerClassNodeToPlugins(LaunchPluginHandler.java:88) ~[modlauncher-10.0.9.jar%2355!/:?]
	at cpw.mods.modlauncher.ClassTransformer.transform(ClassTransformer.java:120) ~[modlauncher-10.0.9.jar%2355!/:?]
	at cpw.mods.modlauncher.TransformingClassLoader.maybeTransformClassBytes(TransformingClassLoader.java:50) ~[modlauncher-10.0.9.jar%2355!/:?]
	at cpw.mods.cl.ModuleClassLoader.readerToClass(ModuleClassLoader.java:113) ~[securejarhandler-2.1.10.jar:?]
	at cpw.mods.cl.ModuleClassLoader.lambda$findClass$15(ModuleClassLoader.java:219) ~[securejarhandler-2.1.10.jar:?]
	at cpw.mods.cl.ModuleClassLoader.loadFromModule(ModuleClassLoader.java:229) ~[securejarhandler-2.1.10.jar:?]
	at cpw.mods.cl.ModuleClassLoader.findClass(ModuleClassLoader.java:219) ~[securejarhandler-2.1.10.jar:?]
	at cpw.mods.cl.ModuleClassLoader.loadClass(ModuleClassLoader.java:135) ~[securejarhandler-2.1.10.jar:?]
	at java.lang.ClassLoader.loadClass(ClassLoader.java:525) ~[?:?]
	at java.lang.Class.getDeclaredConstructors0(Native Method) ~[?:?]
	at java.lang.Class.privateGetDeclaredConstructors(Class.java:3375) ~[?:?]
	at java.lang.Class.getConstructor0(Class.java:3580) ~[?:?]
	at java.lang.Class.getConstructor(Class.java:2273) ~[?:?]
	at net.minecraftforge.eventbus.api.EventListenerHelper.computeListenerList(EventListenerHelper.java:75) ~[eventbus-6.0.5.jar%2352!/:?]
	at net.minecraftforge.eventbus.api.EventListenerHelper.lambda$getListenerListInternal$0(EventListenerHelper.java:56) ~[eventbus-6.0.5.jar%2352!/:?]
	at net.minecraftforge.eventbus.LockHelper.computeIfAbsent(LockHelper.java:61) ~[eventbus-6.0.5.jar%2352!/:?]
	at net.minecraftforge.eventbus.LockHelper.get(LockHelper.java:44) ~[eventbus-6.0.5.jar%2352!/:?]
	at net.minecraftforge.eventbus.LockHelper.computeIfAbsent(LockHelper.java:39) ~[eventbus-6.0.5.jar%2352!/:?]
	at net.minecraftforge.eventbus.api.EventListenerHelper.getListenerListInternal(EventListenerHelper.java:56) ~[eventbus-6.0.5.jar%2352!/:?]
	at net.minecraftforge.eventbus.api.EventListenerHelper.getListenerList(EventListenerHelper.java:50) ~[eventbus-6.0.5.jar%2352!/:?]
	at net.minecraftforge.eventbus.EventBus.addToListeners(EventBus.java:276) ~[eventbus-6.0.5.jar%2352!/:?]
	at net.minecraftforge.eventbus.EventBus.addListener(EventBus.java:252) ~[eventbus-6.0.5.jar%2352!/:?]
	at net.minecraftforge.eventbus.EventBus.addListener(EventBus.java:244) ~[eventbus-6.0.5.jar%2352!/:?]
	at net.minecraftforge.eventbus.EventBus.addListener(EventBus.java:199) ~[eventbus-6.0.5.jar%2352!/:?]
	at net.minecraftforge.eventbus.EventBus.addListener(EventBus.java:193) ~[eventbus-6.0.5.jar%2352!/:?]
	at net.minecraftforge.eventbus.EventBus.addListener(EventBus.java:187) ~[eventbus-6.0.5.jar%2352!/:?]
	at net.slyrienmodern.com.SlyrienModernMod.<init>(SlyrienModernMod.java:29) ~[modern_jujutsu-1.0.jar%23251!/:1.0]
	at jdk.internal.reflect.NativeConstructorAccessorImpl.newInstance0(Native Method) ~[?:?]
	at jdk.internal.reflect.NativeConstructorAccessorImpl.newInstance(NativeConstructorAccessorImpl.java:77) ~[?:?]
	at jdk.internal.reflect.DelegatingConstructorAccessorImpl.newInstance(DelegatingConstructorAccessorImpl.java:45) ~[?:?]
	at java.lang.reflect.Constructor.newInstanceWithCaller(Constructor.java:500) ~[?:?]
	at java.lang.reflect.Constructor.newInstance(Constructor.java:481) ~[?:?]
	at net.minecraftforge.fml.javafmlmod.FMLModContainer.constructMod(FMLModContainer.java:70) ~[javafmllanguage-1.20.1-47.3.7.jar%23283!/:?]
	at net.minecraftforge.fml.ModContainer.lambda$buildTransitionHandler$4(ModContainer.java:124) ~[fmlcore-1.20.1-47.3.7.jar%23282!/:?]
	at java.util.concurrent.CompletableFuture$AsyncRun.run(CompletableFuture.java:1804) ~[?:?]
	at java.util.concurrent.CompletableFuture$AsyncRun.exec(CompletableFuture.java:1796) ~[?:?]
	at java.util.concurrent.ForkJoinTask.doExec(ForkJoinTask.java:373) ~[?:?]
	at java.util.concurrent.ForkJoinPool$WorkQueue.topLevelExec(ForkJoinPool.java:1182) ~[?:?]
	at java.util.concurrent.ForkJoinPool.scan(ForkJoinPool.java:1655) ~[?:?]
	at java.util.concurrent.ForkJoinPool.runWorker(ForkJoinPool.java:1622) ~[?:?]
	at java.util.concurrent.ForkJoinWorkerThread.run(ForkJoinWorkerThread.java:165) ~[?:?]
[13Sep2026 20:58:16.810] [modloading-worker-0/DEBUG] [net.minecraftforge.fml.javafmlmod.AutomaticEventSubscriber/LOADING]: Attempting to inject @EventBusSubscriber classes into the eventbus for fabric_api_base
[13Sep2026 20:58:16.812] [modloading-worker-0/INFO] [STDOUT/]: [yalter.mousetweaks.Logger:Log:6]: [Mouse Tweaks] Disabled because not running on the client.
[13Sep2026 20:58:16.812] [modloading-worker-0/DEBUG] [net.minecraftforge.fml.javafmlmod.AutomaticEventSubscriber/LOADING]: Attempting to inject @EventBusSubscriber classes into the eventbus for mousetweaks
[13Sep2026 20:58:16.812] [modloading-worker-0/ERROR] [net.minecraftforge.fml.javafmlmod.FMLModContainer/LOADING]: Failed to create mod instance. ModID: geto_storage_fix, class com.example.examplemod.ExampleMod
java.lang.NoSuchMethodException: com.example.examplemod.ExampleMod.<init>()
	at java.lang.Class.getConstructor0(Class.java:3587) ~[?:?]
	at java.lang.Class.getDeclaredConstructor(Class.java:2756) ~[?:?]
	at net.minecraftforge.fml.javafmlmod.FMLModContainer.constructMod(FMLModContainer.java:70) ~[javafmllanguage-1.20.1-47.3.7.jar%23283!/:?]
	at net.minecraftforge.fml.ModContainer.lambda$buildTransitionHandler$4(ModContainer.java:124) ~[fmlcore-1.20.1-47.3.7.jar%23282!/:?]
	at java.util.concurrent.CompletableFuture$AsyncRun.run(CompletableFuture.java:1804) ~[?:?]
	at java.util.concurrent.CompletableFuture$AsyncRun.exec(CompletableFuture.java:1796) ~[?:?]
	at java.util.concurrent.ForkJoinTask.doExec(ForkJoinTask.java:373) ~[?:?]
	at java.util.concurrent.ForkJoinPool$WorkQueue.topLevelExec(ForkJoinPool.java:1182) ~[?:?]
	at java.util.concurrent.ForkJoinPool.scan(ForkJoinPool.java:1655) ~[?:?]
	at java.util.concurrent.ForkJoinPool.runWorker(ForkJoinPool.java:1622) ~[?:?]
	at java.util.concurrent.ForkJoinWorkerThread.run(ForkJoinWorkerThread.java:165) ~[?:?]
[13Sep2026 20:58:16.831] [modloading-worker-0/DEBUG] [mixin/]: Mixing CriteriaAccessor from fabric-object-builder-v1.mixins.json into net.minecraft.advancements.CriteriaTriggers
[13Sep2026 20:58:16.832] [modloading-worker-0/DEBUG] [mixin/]: fabric-object-builder-v1.mixins.json:CriteriaAccessor: Class version 61 required is higher than the class version supported by the current version of Mixin (JAVA_16 supports class version 60)
[13Sep2026 20:58:16.832] [modloading-worker-0/DEBUG] [mixin/]: Renaming @Invoker method callRegister(Lnet/minecraft/advancements/CriterionTrigger;)Lnet/minecraft/advancements/CriterionTrigger; to callRegister_$md$bf378c$0 in fabric-object-builder-v1.mixins.json:CriteriaAccessor
[13Sep2026 20:58:16.834] [modloading-worker-0/INFO] [dev.architectury.networking.forge.NetworkManagerImpl/]: Registering C2S receiver with id ftbquests:submit_task
[13Sep2026 20:58:16.835] [modloading-worker-0/INFO] [dev.architectury.networking.forge.NetworkManagerImpl/]: Registering C2S receiver with id ftbquests:claim_reward
[13Sep2026 20:58:16.842] [modloading-worker-0/INFO] [dev.architectury.networking.forge.NetworkManagerImpl/]: Registering C2S receiver with id ftbquests:get_emergency_items
[13Sep2026 20:58:16.844] [modloading-worker-0/INFO] [Rhino Script Remapper/]: Done in 0.210 s
[13Sep2026 20:58:16.844] [modloading-worker-0/INFO] [dev.architectury.networking.forge.NetworkManagerImpl/]: Registering C2S receiver with id ftbquests:claim_all_rewards
[13Sep2026 20:58:16.844] [modloading-worker-0/INFO] [dev.architectury.networking.forge.NetworkManagerImpl/]: Registering C2S receiver with id ftbquests:claim_choice_reward
[13Sep2026 20:58:16.847] [modloading-worker-0/INFO] [dev.architectury.networking.forge.NetworkManagerImpl/]: Registering C2S receiver with id ftbquests:toggle_pinned
[13Sep2026 20:58:16.848] [modloading-worker-0/INFO] [dev.architectury.networking.forge.NetworkManagerImpl/]: Registering C2S receiver with id ftbquests:toggle_chapter_pinned
[13Sep2026 20:58:16.849] [modloading-worker-0/INFO] [dev.architectury.networking.forge.NetworkManagerImpl/]: Registering C2S receiver with id ftbquests:toggle_editing_mode
[13Sep2026 20:58:16.850] [modloading-worker-0/INFO] [dev.architectury.networking.forge.NetworkManagerImpl/]: Registering C2S receiver with id ftbquests:force_save
[13Sep2026 20:58:16.851] [modloading-worker-0/DEBUG] [mixin/]: Mixing MixinSukunaBodyArmorTexture from slyrienjujutsu.mixins.json into net.mcreator.jujutsucraft.item.SukunaBodyItem$Chestplate
[13Sep2026 20:58:16.859] [modloading-worker-0/INFO] [dev.architectury.networking.forge.NetworkManagerImpl/]: Registering C2S receiver with id ftbquests:set_custom_image
[13Sep2026 20:58:16.869] [modloading-worker-0/INFO] [dev.architectury.networking.forge.NetworkManagerImpl/]: Registering C2S receiver with id ftbquests:task_screen_config_resp
[13Sep2026 20:58:16.870] [modloading-worker-0/INFO] [dev.architectury.networking.forge.NetworkManagerImpl/]: Registering C2S receiver with id ftbquests:give_item_to_player
[13Sep2026 20:58:16.872] [modloading-worker-0/INFO] [dev.architectury.networking.forge.NetworkManagerImpl/]: Registering C2S receiver with id ftbquests:reorder_item
[13Sep2026 20:58:16.873] [modloading-worker-0/INFO] [dev.architectury.networking.forge.NetworkManagerImpl/]: Registering C2S receiver with id ftbquests:change_progress
[13Sep2026 20:58:16.877] [modloading-worker-0/INFO] [dev.architectury.networking.forge.NetworkManagerImpl/]: Registering C2S receiver with id ftbquests:create_object
[13Sep2026 20:58:16.879] [modloading-worker-0/INFO] [dev.architectury.networking.forge.NetworkManagerImpl/]: Registering C2S receiver with id ftbquests:create_task_at
[13Sep2026 20:58:16.880] [modloading-worker-0/INFO] [dev.architectury.networking.forge.NetworkManagerImpl/]: Registering C2S receiver with id ftbquests:delete_object
[13Sep2026 20:58:16.883] [modloading-worker-0/INFO] [dev.architectury.networking.forge.NetworkManagerImpl/]: Registering C2S receiver with id ftbquests:edit_object
[13Sep2026 20:58:16.885] [modloading-worker-0/INFO] [dev.architectury.networking.forge.NetworkManagerImpl/]: Registering C2S receiver with id ftbquests:move_chapter
[13Sep2026 20:58:16.888] [modloading-worker-0/INFO] [dev.architectury.networking.forge.NetworkManagerImpl/]: Registering C2S receiver with id ftbquests:move_quest
[13Sep2026 20:58:16.891] [modloading-worker-0/INFO] [dev.architectury.networking.forge.NetworkManagerImpl/]: Registering C2S receiver with id ftbquests:change_chapter_group
[13Sep2026 20:58:16.894] [modloading-worker-0/INFO] [dev.architectury.networking.forge.NetworkManagerImpl/]: Registering C2S receiver with id ftbquests:move_chapter_group
[13Sep2026 20:58:16.898] [modloading-worker-0/INFO] [dev.architectury.networking.forge.NetworkManagerImpl/]: Registering C2S receiver with id ftbquests:copy_quest
[13Sep2026 20:58:16.903] [modloading-worker-0/INFO] [dev.architectury.networking.forge.NetworkManagerImpl/]: Registering C2S receiver with id ftbquests:copy_chapter_image
[13Sep2026 20:58:16.905] [modloading-worker-0/INFO] [dev.architectury.networking.forge.NetworkManagerImpl/]: Registering C2S receiver with id ftbquests:sync_structures_request
[13Sep2026 20:58:16.908] [modloading-worker-0/INFO] [dev.architectury.networking.forge.NetworkManagerImpl/]: Registering C2S receiver with id ftbquests:request_team_data
[13Sep2026 20:58:16.963] [modloading-worker-0/DEBUG] [mixin/]: Mixing ingredient.CraftingHelperAccessor from fabric-recipe-api-v1.mixins.json into net.minecraftforge.common.crafting.CraftingHelper
[13Sep2026 20:58:16.965] [modloading-worker-0/DEBUG] [mixin/]: Renaming @Accessor method getIngredients()Lcom/google/common/collect/BiMap; to getIngredients_$md$bf378c$0 in fabric-recipe-api-v1.mixins.json:ingredient.CraftingHelperAccessor
[13Sep2026 20:58:16.965] [modloading-worker-0/DEBUG] [mixin/]: Mixing ingredient.CraftingHelperMixin from fabric-recipe-api-v1.mixins.json into net.minecraftforge.common.crafting.CraftingHelper
[13Sep2026 20:58:16.965] [modloading-worker-0/DEBUG] [mixin/]: Renaming synthetic method lambda$static$0()Ljava/lang/Boolean; to mdbf378c$lambda$static$0$1 in fabric-recipe-api-v1.mixins.json:ingredient.CraftingHelperMixin
[13Sep2026 20:58:16.973] [modloading-worker-0/DEBUG] [mixin/]: Mixing IngredientsWithChildrenMixin from kubejs-forge.mixins.json into net.minecraftforge.common.crafting.CompoundIngredient
[13Sep2026 20:58:16.979] [modloading-worker-0/DEBUG] [net.minecraftforge.fml.javafmlmod.AutomaticEventSubscriber/LOADING]: Attempting to inject @EventBusSubscriber classes into the eventbus for ftbquests
[13Sep2026 20:58:17.022] [modloading-worker-0/DEBUG] [net.minecraftforge.fml.javafmlmod.AutomaticEventSubscriber/LOADING]: Attempting to inject @EventBusSubscriber classes into the eventbus for ftbxmodcompat
[13Sep2026 20:58:17.023] [modloading-worker-0/DEBUG] [net.minecraftforge.fml.javafmlmod.AutomaticEventSubscriber/LOADING]: Attempting to inject @EventBusSubscriber classes into the eventbus for fabric_blockrenderlayer_v1
[13Sep2026 20:58:17.023] [modloading-worker-0/DEBUG] [net.minecraftforge.fml.javafmlmod.AutomaticEventSubscriber/LOADING]: Attempting to inject @EventBusSubscriber classes into the eventbus for mixinsquared
[13Sep2026 20:58:17.032] [modloading-worker-0/DEBUG] [net.minecraftforge.fml.javafmlmod.AutomaticEventSubscriber/LOADING]: Attempting to inject @EventBusSubscriber classes into the eventbus for jade
[13Sep2026 20:58:17.034] [modloading-worker-0/DEBUG] [net.minecraftforge.fml.javafmlmod.AutomaticEventSubscriber/LOADING]: Attempting to inject @EventBusSubscriber classes into the eventbus for creativecore
[13Sep2026 20:58:17.034] [modloading-worker-0/DEBUG] [net.minecraftforge.fml.javafmlmod.AutomaticEventSubscriber/LOADING]: Attempting to inject @EventBusSubscriber classes into the eventbus for fabric_block_api_v1
[13Sep2026 20:58:17.035] [modloading-worker-0/DEBUG] [net.minecraftforge.fml.javafmlmod.AutomaticEventSubscriber/LOADING]: Attempting to inject @EventBusSubscriber classes into the eventbus for fabric_resource_conditions_api_v1
[13Sep2026 20:58:17.052] [modloading-worker-0/DEBUG] [net.minecraftforge.fml.javafmlmod.AutomaticEventSubscriber/LOADING]: Attempting to inject @EventBusSubscriber classes into the eventbus for golden_age_jujutsu
[13Sep2026 20:58:17.052] [modloading-worker-0/DEBUG] [net.minecraftforge.fml.javafmlmod.AutomaticEventSubscriber/LOADING]: Auto-subscribing net.mcreator.goldenagejujutsu.procedures.WorldSlashProcedure to FORGE
[13Sep2026 20:58:17.053] [modloading-worker-0/DEBUG] [net.minecraftforge.fml.javafmlmod.AutomaticEventSubscriber/LOADING]: Auto-subscribing net.mcreator.goldenagejujutsu.procedures.WorldSlashLearnProcedure to FORGE
[13Sep2026 20:58:17.054] [modloading-worker-0/DEBUG] [net.minecraftforge.fml.javafmlmod.AutomaticEventSubscriber/LOADING]: Auto-subscribing net.mcreator.goldenagejujutsu.procedures.WorldProceduresProcedure to FORGE
[13Sep2026 20:58:17.055] [modloading-worker-0/DEBUG] [net.minecraftforge.fml.javafmlmod.AutomaticEventSubscriber/LOADING]: Auto-subscribing net.mcreator.goldenagejujutsu.procedures.OpenDomainNaoyaProcedure to FORGE
[13Sep2026 20:58:17.056] [modloading-worker-0/DEBUG] [net.minecraftforge.fml.javafmlmod.AutomaticEventSubscriber/LOADING]: Auto-subscribing net.mcreator.goldenagejujutsu.procedures.OpenDomainGojoProcedure to FORGE
[13Sep2026 20:58:17.057] [modloading-worker-0/DEBUG] [net.minecraftforge.fml.javafmlmod.AutomaticEventSubscriber/LOADING]: Auto-subscribing net.mcreator.goldenagejujutsu.procedures.OpenDomainCheckEffectExpiresProcedure to FORGE
[13Sep2026 20:58:17.058] [modloading-worker-0/DEBUG] [net.minecraftforge.fml.javafmlmod.AutomaticEventSubscriber/LOADING]: Auto-subscribing net.mcreator.goldenagejujutsu.procedures.MobBuffsProcedure to FORGE
[13Sep2026 20:58:17.059] [modloading-worker-0/DEBUG] [net.minecraftforge.fml.javafmlmod.AutomaticEventSubscriber/LOADING]: Auto-subscribing net.mcreator.goldenagejujutsu.procedures.HealBurnoutLearnProcedure to FORGE
[13Sep2026 20:58:17.060] [modloading-worker-0/DEBUG] [net.minecraftforge.fml.javafmlmod.AutomaticEventSubscriber/LOADING]: Auto-subscribing net.mcreator.goldenagejujutsu.procedures.BurnoutTickEffectsProcedure to FORGE
[13Sep2026 20:58:17.060] [modloading-worker-0/DEBUG] [net.minecraftforge.fml.javafmlmod.AutomaticEventSubscriber/LOADING]: Auto-subscribing net.mcreator.goldenagejujutsu.network.HealBrainMessage to MOD
[13Sep2026 20:58:17.061] [modloading-worker-0/DEBUG] [net.minecraftforge.fml.javafmlmod.AutomaticEventSubscriber/LOADING]: Auto-subscribing net.mcreator.goldenagejujutsu.network.GoldenAgeJujutsuModVariables to MOD
[13Sep2026 20:58:17.063] [modloading-worker-0/DEBUG] [net.minecraftforge.fml.javafmlmod.AutomaticEventSubscriber/LOADING]: Auto-subscribing net.mcreator.goldenagejujutsu.network.GoldenAgeJujutsuModVariables$PlayerVariablesProvider to FORGE
[13Sep2026 20:58:17.064] [modloading-worker-0/DEBUG] [net.minecraftforge.fml.javafmlmod.AutomaticEventSubscriber/LOADING]: Auto-subscribing net.mcreator.goldenagejujutsu.network.GoldenAgeJujutsuModVariables$EventBusVariableHandlers to FORGE
[13Sep2026 20:58:17.066] [modloading-worker-0/DEBUG] [net.minecraftforge.fml.javafmlmod.AutomaticEventSubscriber/LOADING]: Auto-subscribing net.mcreator.goldenagejujutsu.network.DomainAmplificationMessage to MOD
[13Sep2026 20:58:17.067] [modloading-worker-0/DEBUG] [net.minecraftforge.fml.javafmlmod.AutomaticEventSubscriber/LOADING]: Auto-subscribing net.mcreator.goldenagejujutsu.init.GoldenAgeJujutsuModTabs to MOD
[13Sep2026 20:58:17.067] [modloading-worker-0/DEBUG] [net.minecraftforge.fml.javafmlmod.AutomaticEventSubscriber/LOADING]: Auto-subscribing net.mcreator.goldenagejujutsu.init.GoldenAgeJujutsuModGameRules to MOD
[13Sep2026 20:58:17.068] [modloading-worker-0/DEBUG] [net.minecraftforge.fml.javafmlmod.AutomaticEventSubscriber/LOADING]: Attempting to inject @EventBusSubscriber classes into the eventbus for ftbxaerocompat
[13Sep2026 20:58:17.073] [modloading-worker-0/DEBUG] [net.minecraftforge.fml.javafmlmod.AutomaticEventSubscriber/LOADING]: Attempting to inject @EventBusSubscriber classes into the eventbus for moonlight
[13Sep2026 20:58:17.077] [modloading-worker-0/DEBUG] [net.minecraftforge.fml.javafmlmod.AutomaticEventSubscriber/LOADING]: Attempting to inject @EventBusSubscriber classes into the eventbus for fabric_item_group_api_v1
[13Sep2026 20:58:17.083] [modloading-worker-0/DEBUG] [net.minecraftforge.fml.config.ConfigTracker/CONFIG]: Config file clearlagplus-common.toml for clearlagplus tracking
[13Sep2026 20:58:17.084] [modloading-worker-0/INFO] [STDOUT/]: [net.clearlagplus.ClearLagExclusions:loadExclusions:35]: [ClearLag+] Exclusions chargées: []
[13Sep2026 20:58:17.084] [modloading-worker-0/DEBUG] [net.minecraftforge.fml.javafmlmod.AutomaticEventSubscriber/LOADING]: Attempting to inject @EventBusSubscriber classes into the eventbus for clearlagplus
[13Sep2026 20:58:17.084] [modloading-worker-0/DEBUG] [net.minecraftforge.fml.javafmlmod.AutomaticEventSubscriber/LOADING]: Auto-subscribing net.clearlagplus.ClearLagScheduler to FORGE
[13Sep2026 20:58:17.086] [modloading-worker-0/DEBUG] [net.minecraftforge.fml.javafmlmod.AutomaticEventSubscriber/LOADING]: Auto-subscribing net.clearlagplus.ClearLagPlus to FORGE
[13Sep2026 20:58:17.089] [modloading-worker-0/DEBUG] [net.minecraftforge.fml.javafmlmod.AutomaticEventSubscriber/LOADING]: Attempting to inject @EventBusSubscriber classes into the eventbus for entityculling
[13Sep2026 20:58:17.094] [modloading-worker-0/DEBUG] [net.minecraftforge.fml.javafmlmod.AutomaticEventSubscriber/LOADING]: Attempting to inject @EventBusSubscriber classes into the eventbus for fabric_biome_api_v1
[13Sep2026 20:58:17.094] [modloading-worker-0/DEBUG] [xaero.hud.minimap.MinimapLogs/]: Loaded xaero.common.platform.services.ForgePlatformHelper@5ea40b7f for service interface xaero.common.platform.services.IPlatformHelper
[13Sep2026 20:58:17.095] [modloading-worker-0/DEBUG] [net.minecraftforge.fml.config.ConfigTracker/CONFIG]: Config file damageindicator-client.toml for damageindicator tracking
[13Sep2026 20:58:17.096] [modloading-worker-0/INFO] [xaero.common.HudMod/]: Registering common data for channel xaerominimap:main!
[13Sep2026 20:58:17.100] [modloading-worker-0/DEBUG] [net.minecraftforge.fml.javafmlmod.AutomaticEventSubscriber/LOADING]: Attempting to inject @EventBusSubscriber classes into the eventbus for damageindicator
[13Sep2026 20:58:17.101] [modloading-worker-0/DEBUG] [net.minecraftforge.fml.javafmlmod.AutomaticEventSubscriber/LOADING]: Auto-subscribing com.jeremyseq.damageindicator.init.RegisterGUIOverlays to FORGE
[13Sep2026 20:58:17.107] [modloading-worker-0/DEBUG] [net.minecraftforge.fml.javafmlmod.AutomaticEventSubscriber/LOADING]: Attempting to inject @EventBusSubscriber classes into the eventbus for fabric_registry_sync_v0
[13Sep2026 20:58:17.107] [modloading-worker-0/DEBUG] [net.minecraftforge.fml.javafmlmod.AutomaticEventSubscriber/LOADING]: Attempting to inject @EventBusSubscriber classes into the eventbus for immediatelyfast
[13Sep2026 20:58:17.118] [modloading-worker-0/DEBUG] [mixin/]: Mixing components.ClickEventMixin from kubejs-common.mixins.json into net.minecraft.network.chat.ClickEvent
[13Sep2026 20:58:17.118] [modloading-worker-0/DEBUG] [mixin/]: Renaming synthetic method lambda$toJsonJS$0(Lcom/google/gson/JsonObject;)V to mdbf378c$lambda$toJsonJS$0$0 in kubejs-common.mixins.json:components.ClickEventMixin
[13Sep2026 20:58:17.148] [modloading-worker-0/INFO] [xaero.common.HudMod/]: Loading primary common config for channel xaerominimap:main!
[13Sep2026 20:58:17.152] [modloading-worker-0/INFO] [xaero.common.HudMod/]: Loading server config profiles for channel xaerominimap:main!
[13Sep2026 20:58:17.163] [modloading-worker-0/DEBUG] [mixin/]: Mixing FistEntitySkyFistBarrierMixin from jjsh.mixins.json into net.mcreator.jujutsucraft.entity.FistEntity
[13Sep2026 20:58:17.166] [modloading-worker-0/DEBUG] [net.minecraftforge.fml.javafmlmod.AutomaticEventSubscriber/LOADING]: Attempting to inject @EventBusSubscriber classes into the eventbus for xaerominimap
[13Sep2026 20:58:17.167] [modloading-worker-0/DEBUG] [net.minecraftforge.fml.javafmlmod.AutomaticEventSubscriber/LOADING]: Attempting to inject @EventBusSubscriber classes into the eventbus for gbf
[13Sep2026 20:58:17.167] [modloading-worker-0/DEBUG] [net.minecraftforge.fml.javafmlmod.AutomaticEventSubscriber/LOADING]: Attempting to inject @EventBusSubscriber classes into the eventbus for fabric_recipe_api_v1
[13Sep2026 20:58:17.178] [modloading-worker-0/DEBUG] [net.minecraftforge.fml.config.ConfigTracker/CONFIG]: Config file lootr-common.toml for lootr tracking
[13Sep2026 20:58:17.178] [modloading-worker-0/DEBUG] [net.minecraftforge.fml.config.ConfigTracker/CONFIG]: Config file lootr-client.toml for lootr tracking
[13Sep2026 20:58:17.210] [modloading-worker-0/DEBUG] [net.minecraftforge.fml.javafmlmod.AutomaticEventSubscriber/LOADING]: Attempting to inject @EventBusSubscriber classes into the eventbus for lootr
[13Sep2026 20:58:17.211] [modloading-worker-0/DEBUG] [net.minecraftforge.fml.javafmlmod.AutomaticEventSubscriber/LOADING]: Auto-subscribing noobanidus.mods.lootr.setup.CommonSetup to MOD
[13Sep2026 20:58:17.213] [modloading-worker-0/DEBUG] [net.minecraftforge.fml.javafmlmod.AutomaticEventSubscriber/LOADING]: Auto-subscribing noobanidus.mods.lootr.init.ModTabs to MOD
[13Sep2026 20:58:17.215] [modloading-worker-0/DEBUG] [net.minecraftforge.fml.javafmlmod.AutomaticEventSubscriber/LOADING]: Auto-subscribing noobanidus.mods.lootr.init.ModItems to MOD
[13Sep2026 20:58:17.215] [modloading-worker-0/DEBUG] [net.minecraftforge.fml.javafmlmod.AutomaticEventSubscriber/LOADING]: Auto-subscribing noobanidus.mods.lootr.gen.LootrDataGenerators to MOD
[13Sep2026 20:58:17.216] [modloading-worker-0/DEBUG] [net.minecraftforge.fml.javafmlmod.AutomaticEventSubscriber/LOADING]: Auto-subscribing noobanidus.mods.lootr.event.HandleChunk to FORGE
[13Sep2026 20:58:17.241] [modloading-worker-0/DEBUG] [net.minecraftforge.fml.javafmlmod.AutomaticEventSubscriber/LOADING]: Auto-subscribing noobanidus.mods.lootr.event.HandleCart to FORGE
[13Sep2026 20:58:17.246] [modloading-worker-0/DEBUG] [net.minecraftforge.fml.javafmlmod.AutomaticEventSubscriber/LOADING]: Auto-subscribing noobanidus.mods.lootr.event.HandleBreak to FORGE
[13Sep2026 20:58:17.247] [modloading-worker-0/DEBUG] [net.minecraftforge.fml.javafmlmod.AutomaticEventSubscriber/LOADING]: Auto-subscribing noobanidus.mods.lootr.event.HandleAdvancement to FORGE
[13Sep2026 20:58:17.250] [modloading-worker-0/DEBUG] [net.minecraftforge.fml.javafmlmod.AutomaticEventSubscriber/LOADING]: Auto-subscribing noobanidus.mods.lootr.entity.EntityTicker to FORGE
[13Sep2026 20:58:17.251] [modloading-worker-0/DEBUG] [net.minecraftforge.fml.javafmlmod.AutomaticEventSubscriber/LOADING]: Auto-subscribing noobanidus.mods.lootr.config.ConfigManager to MOD
[13Sep2026 20:58:17.252] [modloading-worker-0/DEBUG] [net.minecraftforge.fml.javafmlmod.AutomaticEventSubscriber/LOADING]: Auto-subscribing noobanidus.mods.lootr.block.entities.TileTicker to FORGE
[13Sep2026 20:58:17.256] [modloading-worker-0/DEBUG] [mixin/]: Mixing DifferenceIngredientMixin from kubejs-forge.mixins.json into net.minecraftforge.common.crafting.DifferenceIngredient
[13Sep2026 20:58:17.257] [modloading-worker-0/DEBUG] [net.minecraftforge.fml.javafmlmod.AutomaticEventSubscriber/LOADING]: Attempting to inject @EventBusSubscriber classes into the eventbus for ferritecore
[13Sep2026 20:58:17.258] [modloading-worker-0/DEBUG] [mixin/]: Mixing perf.attribute_supplier_dedup.AttributeSupplierMixin from modernfix-modernfix.mixins.json into net.minecraft.world.entity.ai.attributes.AttributeSupplier
[13Sep2026 20:58:17.262] [modloading-worker-0/DEBUG] [mixin/]: Mixing TrivialIngredientsMixin from kubejs-forge.mixins.json into net.minecraftforge.common.crafting.PartialNBTIngredient
[13Sep2026 20:58:17.263] [modloading-worker-0/DEBUG] [mixin/]: Mixing TrivialIngredientsMixin from kubejs-forge.mixins.json into net.minecraftforge.common.crafting.StrictNBTIngredient
[13Sep2026 20:58:17.266] [modloading-worker-0/DEBUG] [net.minecraftforge.fml.javafmlmod.AutomaticEventSubscriber/LOADING]: Attempting to inject @EventBusSubscriber classes into the eventbus for fabric_object_builder_api_v1
[13Sep2026 20:58:17.267] [modloading-worker-0/DEBUG] [net.minecraftforge.fml.javafmlmod.AutomaticEventSubscriber/LOADING]: Attempting to inject @EventBusSubscriber classes into the eventbus for embeddium_extra
[13Sep2026 20:58:17.272] [modloading-worker-0/DEBUG] [net.minecraftforge.fml.javafmlmod.AutomaticEventSubscriber/LOADING]: Attempting to inject @EventBusSubscriber classes into the eventbus for immersivemessages
[13Sep2026 20:58:17.272] [modloading-worker-0/DEBUG] [net.minecraftforge.fml.javafmlmod.AutomaticEventSubscriber/LOADING]: Auto-subscribing toni.immersivemessages.config.AllConfigs to MOD
[13Sep2026 20:58:17.273] [modloading-worker-0/DEBUG] [net.minecraftforge.fml.javafmlmod.AutomaticEventSubscriber/LOADING]: Attempting to inject @EventBusSubscriber classes into the eventbus for fabric_sound_api_v1
[13Sep2026 20:58:17.279] [modloading-worker-0/DEBUG] [net.minecraftforge.fml.javafmlmod.AutomaticEventSubscriber/LOADING]: Attempting to inject @EventBusSubscriber classes into the eventbus for fabric_message_api_v1
[13Sep2026 20:58:17.282] [modloading-worker-0/DEBUG] [net.minecraftforge.fml.javafmlmod.AutomaticEventSubscriber/LOADING]: Attempting to inject @EventBusSubscriber classes into the eventbus for packetfixer
[13Sep2026 20:58:17.284] [modloading-worker-0/DEBUG] [net.minecraftforge.fml.javafmlmod.AutomaticEventSubscriber/LOADING]: Attempting to inject @EventBusSubscriber classes into the eventbus for fabric_data_generation_api_v1
[13Sep2026 20:58:17.299] [modloading-worker-0/DEBUG] [net.minecraftforge.fml.javafmlmod.AutomaticEventSubscriber/LOADING]: Attempting to inject @EventBusSubscriber classes into the eventbus for fabric_events_interaction_v0
[13Sep2026 20:58:17.523] [modloading-worker-0/DEBUG] [mixin/]: Mixing AkuroOOtakeItemMixin from mixins.jujutsucrafts.json into net.mcreator.jujutsucraft.entity.CursedSpiritGrade06Entity
[13Sep2026 20:58:17.542] [modloading-worker-0/INFO] [KubeJS Startup/]: example.js#5: Hello, World! (Loaded startup scripts)
[13Sep2026 20:58:17.551] [modloading-worker-0/INFO] [KubeJS Startup/]: Loaded script startup_scripts:example.js in 0.148 s
[13Sep2026 20:58:17.562] [modloading-worker-0/INFO] [KubeJS Startup/]: Loaded 1/1 KubeJS startup scripts in 0.707 s with 0 errors and 0 warnings
[13Sep2026 20:58:17.628] [modloading-worker-0/INFO] [dev.architectury.networking.forge.NetworkManagerImpl/]: Registering C2S receiver with id kubejs:send_data_from_client
[13Sep2026 20:58:17.635] [modloading-worker-0/INFO] [dev.architectury.networking.forge.NetworkManagerImpl/]: Registering C2S receiver with id kubejs:first_click
[13Sep2026 20:58:17.657] [modloading-worker-0/DEBUG] [net.minecraftforge.fml.javafmlmod.AutomaticEventSubscriber/LOADING]: Attempting to inject @EventBusSubscriber classes into the eventbus for kubejs
[13Sep2026 20:58:17.908] [modloading-worker-0/DEBUG] [net.minecraftforge.fml.javafmlmod.AutomaticEventSubscriber/LOADING]: Attempting to inject @EventBusSubscriber classes into the eventbus for jujutsucrafts
[13Sep2026 20:58:17.908] [modloading-worker-0/DEBUG] [net.minecraftforge.fml.javafmlmod.AutomaticEventSubscriber/LOADING]: Auto-subscribing net.mcreator.jujutsucrafts.ResourcePackLoader to MOD
[13Sep2026 20:58:17.909] [modloading-worker-0/DEBUG] [net.minecraftforge.fml.javafmlmod.AutomaticEventSubscriber/LOADING]: Auto-subscribing net.mcreator.jujutsucrafts.Freezeframe to MOD
[13Sep2026 20:58:17.910] [modloading-worker-0/DEBUG] [net.minecraftforge.fml.javafmlmod.AutomaticEventSubscriber/LOADING]: Auto-subscribing net.mcreator.jujutsucrafts.Freezeframe$FreezeframeForgeBusEvents to FORGE
[13Sep2026 20:58:17.911] [modloading-worker-0/DEBUG] [net.minecraftforge.fml.javafmlmod.AutomaticEventSubscriber/LOADING]: Auto-subscribing net.mcreator.jujutsucrafts.world.dimension.TombsOfTheStarCorridorDimension to FORGE
[13Sep2026 20:58:17.911] [modloading-worker-0/DEBUG] [net.minecraftforge.fml.javafmlmod.AutomaticEventSubscriber/LOADING]: Auto-subscribing net.mcreator.jujutsucrafts.world.dimension.TombsOfTheStarCorridorDimension$TombsOfTheStarCorridorSpecialEffectsHandler to MOD
[13Sep2026 20:58:17.911] [modloading-worker-0/DEBUG] [net.minecraftforge.fml.javafmlmod.AutomaticEventSubscriber/LOADING]: Auto-subscribing net.mcreator.jujutsucrafts.procedures.YatanoKagamiHurtProcedure to FORGE
[13Sep2026 20:58:17.912] [modloading-worker-0/DEBUG] [net.minecraftforge.fml.javafmlmod.AutomaticEventSubscriber/LOADING]: Auto-subscribing net.mcreator.jujutsucrafts.procedures.WeakDamageProcedure to FORGE
[13Sep2026 20:58:17.914] [modloading-worker-0/DEBUG] [net.minecraftforge.fml.javafmlmod.AutomaticEventSubscriber/LOADING]: Auto-subscribing net.mcreator.jujutsucrafts.procedures.ToopTipsProcedure to FORGE
[13Sep2026 20:58:17.914] [modloading-worker-0/DEBUG] [net.minecraftforge.fml.javafmlmod.AutomaticEventSubscriber/LOADING]: Auto-subscribing net.mcreator.jujutsucrafts.procedures.TombsOfTheStarAdvencementProcedure to FORGE
[13Sep2026 20:58:17.915] [modloading-worker-0/DEBUG] [net.minecraftforge.fml.javafmlmod.AutomaticEventSubscriber/LOADING]: Auto-subscribing net.mcreator.jujutsucrafts.procedures.TimeStopDamageProcedure to FORGE
[13Sep2026 20:58:17.915] [modloading-worker-0/DEBUG] [net.minecraftforge.fml.javafmlmod.AutomaticEventSubscriber/LOADING]: Auto-subscribing net.mcreator.jujutsucrafts.procedures.SpawnDeadGojoProcedure to FORGE
[13Sep2026 20:58:17.916] [modloading-worker-0/DEBUG] [net.minecraftforge.fml.javafmlmod.AutomaticEventSubscriber/LOADING]: Auto-subscribing net.mcreator.jujutsucrafts.procedures.SharlesGetBloodProcedure to FORGE
[13Sep2026 20:58:17.917] [modloading-worker-0/DEBUG] [net.minecraftforge.fml.javafmlmod.AutomaticEventSubscriber/LOADING]: Auto-subscribing net.mcreator.jujutsucrafts.procedures.SetupAnimationsProcedure$JujutsucraftsModAnimationMessage to MOD
[13Sep2026 20:58:17.918] [modloading-worker-0/DEBUG] [net.minecraftforge.fml.javafmlmod.AutomaticEventSubscriber/LOADING]: Auto-subscribing net.mcreator.jujutsucrafts.procedures.SetNueTextureProcedure to FORGE
[13Sep2026 20:58:17.919] [modloading-worker-0/DEBUG] [net.minecraftforge.fml.javafmlmod.AutomaticEventSubscriber/LOADING]: Auto-subscribing net.mcreator.jujutsucrafts.procedures.SetKenjakuProcedure to FORGE
[13Sep2026 20:58:17.919] [modloading-worker-0/DEBUG] [net.minecraftforge.fml.javafmlmod.AutomaticEventSubscriber/LOADING]: Auto-subscribing net.mcreator.jujutsucrafts.procedures.SetDamagesProcedure to FORGE
[13Sep2026 20:58:17.920] [modloading-worker-0/DEBUG] [net.minecraftforge.fml.javafmlmod.AutomaticEventSubscriber/LOADING]: Auto-subscribing net.mcreator.jujutsucrafts.procedures.SakiStackProcedure to FORGE
[13Sep2026 20:58:17.921] [modloading-worker-0/DEBUG] [net.minecraftforge.fml.javafmlmod.AutomaticEventSubscriber/LOADING]: Auto-subscribing net.mcreator.jujutsucrafts.procedures.RightclickProcedure to FORGE
[13Sep2026 20:58:17.922] [modloading-worker-0/DEBUG] [net.minecraftforge.fml.javafmlmod.AutomaticEventSubscriber/LOADING]: Auto-subscribing net.mcreator.jujutsucrafts.procedures.RightClickSokushinbutsuProcedure to FORGE
[13Sep2026 20:58:17.923] [modloading-worker-0/DEBUG] [net.minecraftforge.fml.javafmlmod.AutomaticEventSubscriber/LOADING]: Auto-subscribing net.mcreator.jujutsucrafts.procedures.RightClickNecklaceProcedure to FORGE
[13Sep2026 20:58:17.923] [modloading-worker-0/DEBUG] [net.minecraftforge.fml.javafmlmod.AutomaticEventSubscriber/LOADING]: Auto-subscribing net.mcreator.jujutsucrafts.procedures.RightClickKuchisakeProcedure to FORGE
[13Sep2026 20:58:17.924] [modloading-worker-0/DEBUG] [net.minecraftforge.fml.javafmlmod.AutomaticEventSubscriber/LOADING]: Auto-subscribing net.mcreator.jujutsucrafts.procedures.RemoveInvisProcedure to FORGE
[13Sep2026 20:58:17.924] [modloading-worker-0/DEBUG] [net.minecraftforge.fml.javafmlmod.AutomaticEventSubscriber/LOADING]: Auto-subscribing net.mcreator.jujutsucrafts.procedures.RandomCursedPowerProcedure to FORGE
[13Sep2026 20:58:17.925] [modloading-worker-0/DEBUG] [net.minecraftforge.fml.javafmlmod.AutomaticEventSubscriber/LOADING]: Auto-subscribing net.mcreator.jujutsucrafts.procedures.RCTOutputProcedure to FORGE
[13Sep2026 20:58:17.926] [modloading-worker-0/DEBUG] [net.minecraftforge.fml.javafmlmod.AutomaticEventSubscriber/LOADING]: Auto-subscribing net.mcreator.jujutsucrafts.procedures.PurpleDamageProcedure to FORGE
[13Sep2026 20:58:17.927] [modloading-worker-0/DEBUG] [net.minecraftforge.fml.javafmlmod.AutomaticEventSubscriber/LOADING]: Auto-subscribing net.mcreator.jujutsucrafts.procedures.PrisonRelamDamagedProcedure to FORGE
[13Sep2026 20:58:17.927] [modloading-worker-0/DEBUG] [net.minecraftforge.fml.javafmlmod.AutomaticEventSubscriber/LOADING]: Auto-subscribing net.mcreator.jujutsucrafts.procedures.PlayerTickProcedure to FORGE
[13Sep2026 20:58:17.928] [modloading-worker-0/DEBUG] [net.minecraftforge.fml.javafmlmod.AutomaticEventSubscriber/LOADING]: Auto-subscribing net.mcreator.jujutsucrafts.procedures.PlayToyHammerProcedure to FORGE
[13Sep2026 20:58:17.928] [modloading-worker-0/DEBUG] [net.minecraftforge.fml.javafmlmod.AutomaticEventSubscriber/LOADING]: Auto-subscribing net.mcreator.jujutsucrafts.procedures.PandaRespawnProcedure to FORGE
[13Sep2026 20:58:17.929] [modloading-worker-0/DEBUG] [net.minecraftforge.fml.javafmlmod.AutomaticEventSubscriber/LOADING]: Auto-subscribing net.mcreator.jujutsucrafts.procedures.PandaDeadProcedure to FORGE
[13Sep2026 20:58:17.930] [modloading-worker-0/DEBUG] [net.minecraftforge.fml.javafmlmod.AutomaticEventSubscriber/LOADING]: Auto-subscribing net.mcreator.jujutsucrafts.procedures.NobaraDollGetProcedure to FORGE
[13Sep2026 20:58:17.930] [modloading-worker-0/DEBUG] [net.minecraftforge.fml.javafmlmod.AutomaticEventSubscriber/LOADING]: Auto-subscribing net.mcreator.jujutsucrafts.procedures.NanamiHitProcedure to FORGE
[13Sep2026 20:58:17.931] [modloading-worker-0/DEBUG] [net.minecraftforge.fml.javafmlmod.AutomaticEventSubscriber/LOADING]: Auto-subscribing net.mcreator.jujutsucrafts.procedures.NanakoProtectAttackedProcedure to FORGE
[13Sep2026 20:58:17.932] [modloading-worker-0/DEBUG] [net.minecraftforge.fml.javafmlmod.AutomaticEventSubscriber/LOADING]: Auto-subscribing net.mcreator.jujutsucrafts.procedures.NBTMessageProcedure to FORGE
[13Sep2026 20:58:17.933] [modloading-worker-0/DEBUG] [net.minecraftforge.fml.javafmlmod.AutomaticEventSubscriber/LOADING]: Auto-subscribing net.mcreator.jujutsucrafts.procedures.MoonArmorDamageProcedure to FORGE
[13Sep2026 20:58:17.934] [modloading-worker-0/DEBUG] [net.minecraftforge.fml.javafmlmod.AutomaticEventSubscriber/LOADING]: Auto-subscribing net.mcreator.jujutsucrafts.procedures.MechamaruGetItemProcedure to FORGE
[13Sep2026 20:58:17.934] [modloading-worker-0/DEBUG] [net.minecraftforge.fml.javafmlmod.AutomaticEventSubscriber/LOADING]: Auto-subscribing net.mcreator.jujutsucrafts.procedures.MechamaruDeadProcedure to FORGE
[13Sep2026 20:58:17.935] [modloading-worker-0/DEBUG] [net.minecraftforge.fml.javafmlmod.AutomaticEventSubscriber/LOADING]: Auto-subscribing net.mcreator.jujutsucrafts.procedures.MechamaruDamageProcedure to FORGE
[13Sep2026 20:58:17.936] [modloading-worker-0/DEBUG] [net.minecraftforge.fml.javafmlmod.AutomaticEventSubscriber/LOADING]: Auto-subscribing net.mcreator.jujutsucrafts.procedures.MasakadoDeadProcedure to FORGE
[13Sep2026 20:58:17.936] [modloading-worker-0/DEBUG] [net.minecraftforge.fml.javafmlmod.AutomaticEventSubscriber/LOADING]: Auto-subscribing net.mcreator.jujutsucrafts.procedures.MahorageLightResisProcedure to FORGE
[13Sep2026 20:58:17.937] [modloading-worker-0/DEBUG] [net.minecraftforge.fml.javafmlmod.AutomaticEventSubscriber/LOADING]: Auto-subscribing net.mcreator.jujutsucrafts.procedures.LuckProcedureProcedure to FORGE
[13Sep2026 20:58:17.938] [modloading-worker-0/DEBUG] [net.minecraftforge.fml.javafmlmod.AutomaticEventSubscriber/LOADING]: Auto-subscribing net.mcreator.jujutsucrafts.procedures.LoadingProcedure to FORGE
[13Sep2026 20:58:17.939] [modloading-worker-0/DEBUG] [net.minecraftforge.fml.javafmlmod.AutomaticEventSubscriber/LOADING]: Auto-subscribing net.mcreator.jujutsucrafts.procedures.LoadWorldProcedure to FORGE
[13Sep2026 20:58:17.940] [modloading-worker-0/DEBUG] [net.minecraftforge.fml.javafmlmod.AutomaticEventSubscriber/LOADING]: Auto-subscribing net.mcreator.jujutsucrafts.procedures.KissEffectProcedure to FORGE
[13Sep2026 20:58:17.940] [modloading-worker-0/DEBUG] [net.minecraftforge.fml.javafmlmod.AutomaticEventSubscriber/LOADING]: Auto-subscribing net.mcreator.jujutsucrafts.procedures.KenjakuScarProcedure to FORGE
[13Sep2026 20:58:17.941] [modloading-worker-0/DEBUG] [net.minecraftforge.fml.javafmlmod.AutomaticEventSubscriber/LOADING]: Auto-subscribing net.mcreator.jujutsucrafts.procedures.KenjakuGetTechniqueProcedure to FORGE
[13Sep2026 20:58:17.942] [modloading-worker-0/DEBUG] [net.minecraftforge.fml.javafmlmod.AutomaticEventSubscriber/LOADING]: Auto-subscribing net.mcreator.jujutsucrafts.procedures.KenjakuDeadProcedure to FORGE
[13Sep2026 20:58:17.942] [modloading-worker-0/DEBUG] [net.minecraftforge.fml.javafmlmod.AutomaticEventSubscriber/LOADING]: Auto-subscribing net.mcreator.jujutsucrafts.procedures.KashimoHitProcedure to FORGE
[13Sep2026 20:58:17.943] [modloading-worker-0/DEBUG] [net.minecraftforge.fml.javafmlmod.AutomaticEventSubscriber/LOADING]: Auto-subscribing net.mcreator.jujutsucrafts.procedures.InverseDamagedProcedure to FORGE
[13Sep2026 20:58:17.944] [modloading-worker-0/DEBUG] [net.minecraftforge.fml.javafmlmod.AutomaticEventSubscriber/LOADING]: Auto-subscribing net.mcreator.jujutsucrafts.procedures.HitenRightClickProcedure to FORGE
[13Sep2026 20:58:17.947] [modloading-worker-0/DEBUG] [net.minecraftforge.fml.javafmlmod.AutomaticEventSubscriber/LOADING]: Auto-subscribing net.mcreator.jujutsucrafts.procedures.HeavenlyProcedureProcedure to FORGE
[13Sep2026 20:58:17.948] [modloading-worker-0/DEBUG] [net.minecraftforge.fml.javafmlmod.AutomaticEventSubscriber/LOADING]: Auto-subscribing net.mcreator.jujutsucrafts.procedures.HarutaEntityProcedure to FORGE
[13Sep2026 20:58:17.950] [modloading-worker-0/DEBUG] [net.minecraftforge.fml.javafmlmod.AutomaticEventSubscriber/LOADING]: Auto-subscribing net.mcreator.jujutsucrafts.procedures.HardeningDamageProcedure to FORGE
[13Sep2026 20:58:17.950] [modloading-worker-0/DEBUG] [net.minecraftforge.fml.javafmlmod.AutomaticEventSubscriber/LOADING]: Auto-subscribing net.mcreator.jujutsucrafts.procedures.GrantItadoriProcedure to FORGE
[13Sep2026 20:58:17.951] [modloading-worker-0/DEBUG] [net.minecraftforge.fml.javafmlmod.AutomaticEventSubscriber/LOADING]: Auto-subscribing net.mcreator.jujutsucrafts.procedures.GetSkillAdvancementsProcedure to FORGE
[13Sep2026 20:58:17.952] [modloading-worker-0/DEBUG] [net.minecraftforge.fml.javafmlmod.AutomaticEventSubscriber/LOADING]: Auto-subscribing net.mcreator.jujutsucrafts.procedures.GetRecorderProcedure to FORGE
[13Sep2026 20:58:17.953] [modloading-worker-0/DEBUG] [net.minecraftforge.fml.javafmlmod.AutomaticEventSubscriber/LOADING]: Auto-subscribing net.mcreator.jujutsucrafts.procedures.GetCorrosionProcedure to FORGE
[13Sep2026 20:58:17.953] [modloading-worker-0/DEBUG] [net.minecraftforge.fml.javafmlmod.AutomaticEventSubscriber/LOADING]: Auto-subscribing net.mcreator.jujutsucrafts.procedures.ForceVeilDeadProcedure to FORGE
[13Sep2026 20:58:17.954] [modloading-worker-0/DEBUG] [net.minecraftforge.fml.javafmlmod.AutomaticEventSubscriber/LOADING]: Auto-subscribing net.mcreator.jujutsucrafts.procedures.EntitySpawnProcedure to FORGE
[13Sep2026 20:58:17.955] [modloading-worker-0/DEBUG] [net.minecraftforge.fml.javafmlmod.AutomaticEventSubscriber/LOADING]: Auto-subscribing net.mcreator.jujutsucrafts.procedures.EntityLightDeadProcedure to FORGE
[13Sep2026 20:58:17.956] [modloading-worker-0/DEBUG] [net.minecraftforge.fml.javafmlmod.AutomaticEventSubscriber/LOADING]: Auto-subscribing net.mcreator.jujutsucrafts.procedures.EntityHeartCatchEntityIsHurtProcedure to FORGE
[13Sep2026 20:58:17.957] [modloading-worker-0/DEBUG] [net.minecraftforge.fml.javafmlmod.AutomaticEventSubscriber/LOADING]: Auto-subscribing net.mcreator.jujutsucrafts.procedures.EntityHeartCatchEntityDiesProcedure to FORGE
[13Sep2026 20:58:17.958] [modloading-worker-0/DEBUG] [net.minecraftforge.fml.javafmlmod.AutomaticEventSubscriber/LOADING]: Auto-subscribing net.mcreator.jujutsucrafts.procedures.DetectMasakadoAttackProcedure to FORGE
[13Sep2026 20:58:17.958] [modloading-worker-0/DEBUG] [net.minecraftforge.fml.javafmlmod.AutomaticEventSubscriber/LOADING]: Auto-subscribing net.mcreator.jujutsucrafts.procedures.DetectBlackFlashProcedure to FORGE
[13Sep2026 20:58:17.959] [modloading-worker-0/DEBUG] [net.minecraftforge.fml.javafmlmod.AutomaticEventSubscriber/LOADING]: Auto-subscribing net.mcreator.jujutsucrafts.procedures.DespawnDivisionsProcedure to FORGE
[13Sep2026 20:58:17.959] [modloading-worker-0/DEBUG] [net.minecraftforge.fml.javafmlmod.AutomaticEventSubscriber/LOADING]: Auto-subscribing net.mcreator.jujutsucrafts.procedures.DamageKillerProcedure to FORGE
[13Sep2026 20:58:17.960] [modloading-worker-0/DEBUG] [net.minecraftforge.fml.javafmlmod.AutomaticEventSubscriber/LOADING]: Auto-subscribing net.mcreator.jujutsucrafts.procedures.DamageKiller2Procedure to FORGE
[13Sep2026 20:58:17.960] [modloading-worker-0/DEBUG] [net.minecraftforge.fml.javafmlmod.AutomaticEventSubscriber/LOADING]: Auto-subscribing net.mcreator.jujutsucrafts.procedures.DaburaAttackedProcedure to FORGE
[13Sep2026 20:58:17.961] [modloading-worker-0/DEBUG] [net.minecraftforge.fml.javafmlmod.AutomaticEventSubscriber/LOADING]: Auto-subscribing net.mcreator.jujutsucrafts.procedures.CrimsonBindingAttackProcedure to FORGE
[13Sep2026 20:58:17.961] [modloading-worker-0/DEBUG] [net.minecraftforge.fml.javafmlmod.AutomaticEventSubscriber/LOADING]: Auto-subscribing net.mcreator.jujutsucrafts.procedures.CreateParticleProcedure to FORGE
[13Sep2026 20:58:17.962] [modloading-worker-0/DEBUG] [net.minecraftforge.fml.javafmlmod.AutomaticEventSubscriber/LOADING]: Auto-subscribing net.mcreator.jujutsucrafts.procedures.CloneEntityIsAttackedProcedure to FORGE
[13Sep2026 20:58:17.963] [modloading-worker-0/DEBUG] [net.minecraftforge.fml.javafmlmod.AutomaticEventSubscriber/LOADING]: Auto-subscribing net.mcreator.jujutsucrafts.procedures.CloneDeadProcedure to FORGE
[13Sep2026 20:58:17.963] [modloading-worker-0/DEBUG] [net.minecraftforge.fml.javafmlmod.AutomaticEventSubscriber/LOADING]: Auto-subscribing net.mcreator.jujutsucrafts.procedures.ChessDamageProcedure to FORGE
[13Sep2026 20:58:17.964] [modloading-worker-0/DEBUG] [net.minecraftforge.fml.javafmlmod.AutomaticEventSubscriber/LOADING]: Auto-subscribing net.mcreator.jujutsucrafts.procedures.CharlesFutureSightAttackProcedure to FORGE
[13Sep2026 20:58:17.964] [modloading-worker-0/DEBUG] [net.minecraftforge.fml.javafmlmod.AutomaticEventSubscriber/LOADING]: Auto-subscribing net.mcreator.jujutsucrafts.procedures.Book2OpenedProcedure to FORGE
[13Sep2026 20:58:17.965] [modloading-worker-0/DEBUG] [net.minecraftforge.fml.javafmlmod.AutomaticEventSubscriber/LOADING]: Auto-subscribing net.mcreator.jujutsucrafts.network.SelectTechniqueButtonMessage to MOD
[13Sep2026 20:58:17.966] [modloading-worker-0/DEBUG] [net.minecraftforge.fml.javafmlmod.AutomaticEventSubscriber/LOADING]: Auto-subscribing net.mcreator.jujutsucrafts.network.KenjakuGUIButtonMessage to MOD
[13Sep2026 20:58:17.966] [modloading-worker-0/DEBUG] [net.minecraftforge.fml.javafmlmod.AutomaticEventSubscriber/LOADING]: Auto-subscribing net.mcreator.jujutsucrafts.network.KenjakuChangeTechniqueMessage to MOD
[13Sep2026 20:58:17.967] [modloading-worker-0/DEBUG] [net.minecraftforge.fml.javafmlmod.AutomaticEventSubscriber/LOADING]: Auto-subscribing net.mcreator.jujutsucrafts.network.KenjakuBackupButtonMessage to MOD
[13Sep2026 20:58:17.968] [modloading-worker-0/DEBUG] [net.minecraftforge.fml.javafmlmod.AutomaticEventSubscriber/LOADING]: Auto-subscribing net.mcreator.jujutsucrafts.network.JujutsucraftsModVariables to MOD
[13Sep2026 20:58:17.969] [modloading-worker-0/DEBUG] [net.minecraftforge.fml.javafmlmod.AutomaticEventSubscriber/LOADING]: Auto-subscribing net.mcreator.jujutsucrafts.network.JujutsucraftsModVariables$PlayerVariablesProvider to FORGE
[13Sep2026 20:58:17.970] [modloading-worker-0/DEBUG] [net.minecraftforge.fml.javafmlmod.AutomaticEventSubscriber/LOADING]: Auto-subscribing net.mcreator.jujutsucrafts.network.JujutsucraftsModVariables$EventBusVariableHandlers to FORGE
[13Sep2026 20:58:17.973] [modloading-worker-0/DEBUG] [net.minecraftforge.fml.javafmlmod.AutomaticEventSubscriber/LOADING]: Auto-subscribing net.mcreator.jujutsucrafts.network.GUIOkkotsuRingSlotMessage to MOD
[13Sep2026 20:58:17.973] [modloading-worker-0/DEBUG] [net.minecraftforge.fml.javafmlmod.AutomaticEventSubscriber/LOADING]: Auto-subscribing net.mcreator.jujutsucrafts.network.ExtensionTechniqueMessage to MOD
[13Sep2026 20:58:17.974] [modloading-worker-0/DEBUG] [net.minecraftforge.fml.javafmlmod.AutomaticEventSubscriber/LOADING]: Auto-subscribing net.mcreator.jujutsucrafts.network.CursedTechniqueChanger3GUIButtonMessage to MOD
[13Sep2026 20:58:17.975] [modloading-worker-0/DEBUG] [net.minecraftforge.fml.javafmlmod.AutomaticEventSubscriber/LOADING]: Auto-subscribing net.mcreator.jujutsucrafts.network.CursedTechniqueChanger2GUIButtonMessage to MOD
[13Sep2026 20:58:17.976] [modloading-worker-0/DEBUG] [net.minecraftforge.fml.javafmlmod.AutomaticEventSubscriber/LOADING]: Auto-subscribing net.mcreator.jujutsucrafts.init.JujutsucraftsModTrades to FORGE
[13Sep2026 20:58:17.976] [modloading-worker-0/DEBUG] [net.minecraftforge.fml.javafmlmod.AutomaticEventSubscriber/LOADING]: Auto-subscribing net.mcreator.jujutsucrafts.init.JujutsucraftsModTabs to MOD
[13Sep2026 20:58:17.977] [modloading-worker-0/DEBUG] [net.minecraftforge.fml.javafmlmod.AutomaticEventSubscriber/LOADING]: Auto-subscribing net.mcreator.jujutsucrafts.init.JujutsucraftsModGameRules to MOD
[13Sep2026 20:58:17.977] [modloading-worker-0/DEBUG] [net.minecraftforge.fml.javafmlmod.AutomaticEventSubscriber/LOADING]: Auto-subscribing net.mcreator.jujutsucrafts.init.JujutsucraftsModEntities to MOD
[13Sep2026 20:58:17.978] [modloading-worker-0/DEBUG] [net.minecraftforge.fml.javafmlmod.AutomaticEventSubscriber/LOADING]: Auto-subscribing net.mcreator.jujutsucrafts.init.JujutsucraftsModAttributes to MOD
[13Sep2026 20:58:17.979] [modloading-worker-0/DEBUG] [net.minecraftforge.fml.javafmlmod.AutomaticEventSubscriber/LOADING]: Auto-subscribing net.mcreator.jujutsucrafts.init.JujutsucraftsModAttributes$PlayerAttributesSync to FORGE
[13Sep2026 20:58:17.980] [modloading-worker-0/DEBUG] [net.minecraftforge.fml.javafmlmod.AutomaticEventSubscriber/LOADING]: Auto-subscribing net.mcreator.jujutsucrafts.init.ItemAnimationFactory to FORGE
[13Sep2026 20:58:17.982] [modloading-worker-0/DEBUG] [net.minecraftforge.fml.javafmlmod.AutomaticEventSubscriber/LOADING]: Auto-subscribing net.mcreator.jujutsucrafts.init.EntityAnimationFactory to FORGE
[13Sep2026 20:58:17.983] [modloading-worker-0/DEBUG] [net.minecraftforge.fml.javafmlmod.AutomaticEventSubscriber/LOADING]: Auto-subscribing net.mcreator.jujutsucrafts.init.ArmorAnimationFactory to FORGE
[13Sep2026 20:58:17.985] [modloading-worker-0/DEBUG] [net.minecraftforge.fml.javafmlmod.AutomaticEventSubscriber/LOADING]: Auto-subscribing net.mcreator.jujutsucrafts.command.VeilCommand to FORGE
[13Sep2026 20:58:17.986] [modloading-worker-0/DEBUG] [net.minecraftforge.fml.javafmlmod.AutomaticEventSubscriber/LOADING]: Auto-subscribing net.mcreator.jujutsucrafts.command.TestDamageCommand to FORGE
[13Sep2026 20:58:17.987] [modloading-worker-0/DEBUG] [net.minecraftforge.fml.javafmlmod.AutomaticEventSubscriber/LOADING]: Auto-subscribing net.mcreator.jujutsucrafts.command.SetTechniqueCommand to FORGE
[13Sep2026 20:58:17.989] [modloading-worker-0/DEBUG] [net.minecraftforge.fml.javafmlmod.AutomaticEventSubscriber/LOADING]: Auto-subscribing net.mcreator.jujutsucrafts.command.SetPlayerTechniqueUsedNumberCommand to FORGE
[13Sep2026 20:58:17.990] [modloading-worker-0/DEBUG] [net.minecraftforge.fml.javafmlmod.AutomaticEventSubscriber/LOADING]: Auto-subscribing net.mcreator.jujutsucrafts.command.SetPlayerPowerCommand to FORGE
[13Sep2026 20:58:17.991] [modloading-worker-0/DEBUG] [net.minecraftforge.fml.javafmlmod.AutomaticEventSubscriber/LOADING]: Auto-subscribing net.mcreator.jujutsucrafts.command.SetPlayerLevelCommand to FORGE
[13Sep2026 20:58:17.992] [modloading-worker-0/DEBUG] [net.minecraftforge.fml.javafmlmod.AutomaticEventSubscriber/LOADING]: Auto-subscribing net.mcreator.jujutsucrafts.command.SetPlayerFameCommand to FORGE
[13Sep2026 20:58:17.993] [modloading-worker-0/DEBUG] [net.minecraftforge.fml.javafmlmod.AutomaticEventSubscriber/LOADING]: Auto-subscribing net.mcreator.jujutsucrafts.command.SetNBTCommand to FORGE
[13Sep2026 20:58:17.994] [modloading-worker-0/DEBUG] [net.minecraftforge.fml.javafmlmod.AutomaticEventSubscriber/LOADING]: Auto-subscribing net.mcreator.jujutsucrafts.command.SetCursedPowerColorCommand to FORGE
[13Sep2026 20:58:17.994] [modloading-worker-0/DEBUG] [net.minecraftforge.fml.javafmlmod.AutomaticEventSubscriber/LOADING]: Auto-subscribing net.mcreator.jujutsucrafts.command.KenjakuTechniqueCommand to FORGE
[13Sep2026 20:58:17.995] [modloading-worker-0/DEBUG] [net.minecraftforge.fml.javafmlmod.AutomaticEventSubscriber/LOADING]: Auto-subscribing net.mcreator.jujutsucrafts.command.GetNBTCommand to FORGE
[13Sep2026 20:58:17.996] [modloading-worker-0/DEBUG] [net.minecraftforge.fml.javafmlmod.AutomaticEventSubscriber/LOADING]: Auto-subscribing net.mcreator.jujutsucrafts.command.CommandStrCommand to FORGE
[13Sep2026 20:58:17.996] [modloading-worker-0/DEBUG] [net.minecraftforge.fml.javafmlmod.AutomaticEventSubscriber/LOADING]: Auto-subscribing net.mcreator.jujutsucrafts.command.BlackFlashChanceCommand to FORGE
[13Sep2026 20:58:17.997] [modloading-worker-0/DEBUG] [net.minecraftforge.fml.javafmlmod.AutomaticEventSubscriber/LOADING]: Auto-subscribing net.mcreator.jujutsucrafts.block.listener.ClientListener to MOD
[13Sep2026 20:58:18.083] [modloading-worker-0/DEBUG] [mixin/]: Mixing JuzoItemMixin from mixins.jujutsucrafts.json into net.mcreator.jujutsucraft.entity.KumiyaJuzoEntity
[13Sep2026 20:58:18.299] [modloading-worker-0/DEBUG] [mixin/]: Mixing DomainExpansionMobEffectMixin from jjsh.mixins.json into net.mcreator.jujutsucraft.potion.DomainExpansionMobEffect
[13Sep2026 20:58:18.327] [modloading-worker-0/DEBUG] [net.minecraftforge.fml.javafmlmod.AutomaticEventSubscriber/LOADING]: Attempting to inject @EventBusSubscriber classes into the eventbus for jujutsucraft
[13Sep2026 20:58:18.327] [modloading-worker-0/DEBUG] [net.minecraftforge.fml.javafmlmod.AutomaticEventSubscriber/LOADING]: Auto-subscribing net.mcreator.jujutsucraft.world.dimension.CursedSpiritManipulationDimensionDimension to FORGE
[13Sep2026 20:58:18.327] [modloading-worker-0/DEBUG] [net.minecraftforge.fml.javafmlmod.AutomaticEventSubscriber/LOADING]: Auto-subscribing net.mcreator.jujutsucraft.world.dimension.CursedSpiritManipulationDimensionDimension$CursedSpiritManipulationDimensionSpecialEffectsHandler to MOD
[13Sep2026 20:58:18.327] [modloading-worker-0/DEBUG] [net.minecraftforge.fml.javafmlmod.AutomaticEventSubscriber/LOADING]: Auto-subscribing net.mcreator.jujutsucraft.procedures.WhenRightClickToEntityProcedure to FORGE
[13Sep2026 20:58:18.329] [modloading-worker-0/DEBUG] [net.minecraftforge.fml.javafmlmod.AutomaticEventSubscriber/LOADING]: Auto-subscribing net.mcreator.jujutsucraft.procedures.WhenRespawnProcedure to FORGE
[13Sep2026 20:58:18.329] [modloading-worker-0/DEBUG] [mixin/]: Mixing WhenRespawnMixin from mixins.jujutsucrafts.json into net.mcreator.jujutsucraft.procedures.WhenRespawnProcedure
[13Sep2026 20:58:18.330] [modloading-worker-0/DEBUG] [mixin/]: Mixing WhenRespawnProcedureMixin from jjsh.mixins.json into net.mcreator.jujutsucraft.procedures.WhenRespawnProcedure
[13Sep2026 20:58:18.335] [modloading-worker-0/DEBUG] [net.minecraftforge.fml.javafmlmod.AutomaticEventSubscriber/LOADING]: Auto-subscribing net.mcreator.jujutsucraft.procedures.WhenPlayerJumpProcedure to FORGE
[13Sep2026 20:58:18.339] [modloading-worker-0/DEBUG] [net.minecraftforge.fml.javafmlmod.AutomaticEventSubscriber/LOADING]: Auto-subscribing net.mcreator.jujutsucraft.procedures.WhenPlayerJointheWorldProcedure to FORGE
[13Sep2026 20:58:18.340] [modloading-worker-0/DEBUG] [net.minecraftforge.fml.javafmlmod.AutomaticEventSubscriber/LOADING]: Auto-subscribing net.mcreator.jujutsucraft.procedures.WhenItemPicksUpProcedure to FORGE
[13Sep2026 20:58:18.341] [modloading-worker-0/DEBUG] [net.minecraftforge.fml.javafmlmod.AutomaticEventSubscriber/LOADING]: Auto-subscribing net.mcreator.jujutsucraft.procedures.WhenItemDroppedProcedure to FORGE
[13Sep2026 20:58:18.341] [modloading-worker-0/DEBUG] [net.minecraftforge.fml.javafmlmod.AutomaticEventSubscriber/LOADING]: Auto-subscribing net.mcreator.jujutsucraft.procedures.WhenItemCraftedProcedure to FORGE
[13Sep2026 20:58:18.342] [modloading-worker-0/DEBUG] [net.minecraftforge.fml.javafmlmod.AutomaticEventSubscriber/LOADING]: Auto-subscribing net.mcreator.jujutsucraft.procedures.WhenEntitySpawnsProcedure to FORGE
[13Sep2026 20:58:18.344] [modloading-worker-0/DEBUG] [net.minecraftforge.fml.javafmlmod.AutomaticEventSubscriber/LOADING]: Auto-subscribing net.mcreator.jujutsucraft.procedures.WhenEntityHealedProcedure to FORGE
[13Sep2026 20:58:18.346] [modloading-worker-0/DEBUG] [net.minecraftforge.fml.javafmlmod.AutomaticEventSubscriber/LOADING]: Auto-subscribing net.mcreator.jujutsucraft.procedures.WhenEntityFallProcedure to FORGE
[13Sep2026 20:58:18.349] [modloading-worker-0/DEBUG] [net.minecraftforge.fml.javafmlmod.AutomaticEventSubscriber/LOADING]: Auto-subscribing net.mcreator.jujutsucraft.procedures.WhenEntityDieBySourceProcedure to FORGE
[13Sep2026 20:58:18.350] [modloading-worker-0/DEBUG] [net.minecraftforge.fml.javafmlmod.AutomaticEventSubscriber/LOADING]: Auto-subscribing net.mcreator.jujutsucraft.procedures.WhenEntityAttacked2Procedure to FORGE
[13Sep2026 20:58:18.354] [modloading-worker-0/DEBUG] [net.minecraftforge.fml.javafmlmod.AutomaticEventSubscriber/LOADING]: Auto-subscribing net.mcreator.jujutsucraft.procedures.WhenEntityAttacked1Procedure to FORGE
[13Sep2026 20:58:18.355] [modloading-worker-0/DEBUG] [net.minecraftforge.fml.javafmlmod.AutomaticEventSubscriber/LOADING]: Auto-subscribing net.mcreator.jujutsucraft.procedures.WhenBeforeEntityisHurtNoSourceProcedure to FORGE
[13Sep2026 20:58:18.356] [modloading-worker-0/DEBUG] [net.minecraftforge.fml.javafmlmod.AutomaticEventSubscriber/LOADING]: Auto-subscribing net.mcreator.jujutsucraft.procedures.WhenBackStepProcedure to FORGE
[13Sep2026 20:58:18.357] [modloading-worker-0/DEBUG] [net.minecraftforge.fml.javafmlmod.AutomaticEventSubscriber/LOADING]: Auto-subscribing net.mcreator.jujutsucraft.procedures.Test1Procedure to FORGE
[13Sep2026 20:58:18.358] [modloading-worker-0/DEBUG] [mixin/]: Mixing GetoCursedSpiritBallAbsorbMixin from jjsh.mixins.json into net.mcreator.jujutsucraft.procedures.Test1Procedure
[13Sep2026 20:58:18.361] [modloading-worker-0/DEBUG] [net.minecraftforge.fml.javafmlmod.AutomaticEventSubscriber/LOADING]: Auto-subscribing net.mcreator.jujutsucraft.procedures.SetupAnimationsProcedure to MOD
[13Sep2026 20:58:18.362] [modloading-worker-0/DEBUG] [net.minecraftforge.fml.javafmlmod.AutomaticEventSubscriber/LOADING]: Auto-subscribing net.mcreator.jujutsucraft.procedures.SetAttributeProcedure to FORGE
[13Sep2026 20:58:18.363] [modloading-worker-0/DEBUG] [net.minecraftforge.fml.javafmlmod.AutomaticEventSubscriber/LOADING]: Auto-subscribing net.mcreator.jujutsucraft.procedures.PlayerTickEventProcedure to FORGE
[13Sep2026 20:58:18.363] [modloading-worker-0/DEBUG] [net.minecraftforge.fml.javafmlmod.AutomaticEventSubscriber/LOADING]: Auto-subscribing net.mcreator.jujutsucraft.procedures.PlayerTickEvent2Procedure to FORGE
[13Sep2026 20:58:18.364] [modloading-worker-0/DEBUG] [net.minecraftforge.fml.javafmlmod.AutomaticEventSubscriber/LOADING]: Auto-subscribing net.mcreator.jujutsucraft.procedures.PlayerPhysicalAbilityProcedure to FORGE
[13Sep2026 20:58:18.365] [modloading-worker-0/DEBUG] [net.minecraftforge.fml.javafmlmod.AutomaticEventSubscriber/LOADING]: Auto-subscribing net.mcreator.jujutsucraft.procedures.PlayAnimationIfPossibleProcedure to FORGE
[13Sep2026 20:58:18.366] [modloading-worker-0/DEBUG] [net.minecraftforge.fml.javafmlmod.AutomaticEventSubscriber/LOADING]: Auto-subscribing net.mcreator.jujutsucraft.procedures.PlayAnimationEntityProcedure to FORGE
[13Sep2026 20:58:18.367] [modloading-worker-0/DEBUG] [net.minecraftforge.fml.javafmlmod.AutomaticEventSubscriber/LOADING]: Auto-subscribing net.mcreator.jujutsucraft.procedures.HelpMessagesProcedure to FORGE
[13Sep2026 20:58:18.368] [modloading-worker-0/DEBUG] [net.minecraftforge.fml.javafmlmod.AutomaticEventSubscriber/LOADING]: Auto-subscribing net.mcreator.jujutsucraft.procedures.HealCurseSpiritManipulationProcedure to FORGE
[13Sep2026 20:58:18.369] [modloading-worker-0/DEBUG] [net.minecraftforge.fml.javafmlmod.AutomaticEventSubscriber/LOADING]: Auto-subscribing net.mcreator.jujutsucraft.procedures.EntityDieProcedure to FORGE
[13Sep2026 20:58:18.370] [modloading-worker-0/DEBUG] [net.minecraftforge.fml.javafmlmod.AutomaticEventSubscriber/LOADING]: Auto-subscribing net.mcreator.jujutsucraft.procedures.EntityActiveProcedure to FORGE
[13Sep2026 20:58:18.372] [modloading-worker-0/DEBUG] [net.minecraftforge.fml.javafmlmod.AutomaticEventSubscriber/LOADING]: Auto-subscribing net.mcreator.jujutsucraft.procedures.CompletedAdvancementProcedure to FORGE
[13Sep2026 20:58:18.373] [modloading-worker-0/DEBUG] [net.minecraftforge.fml.javafmlmod.AutomaticEventSubscriber/LOADING]: Auto-subscribing net.mcreator.jujutsucraft.procedures.CompletedAdvancementCursedTechniqueReversalProcedure to FORGE
[13Sep2026 20:58:18.374] [modloading-worker-0/DEBUG] [net.minecraftforge.fml.javafmlmod.AutomaticEventSubscriber/LOADING]: Auto-subscribing net.mcreator.jujutsucraft.procedures.ClothesAngelChestplateTickEventProcedure to FORGE
[13Sep2026 20:58:18.375] [modloading-worker-0/DEBUG] [net.minecraftforge.fml.javafmlmod.AutomaticEventSubscriber/LOADING]: Auto-subscribing net.mcreator.jujutsucraft.procedures.ChangeTargetProcedure to FORGE
[13Sep2026 20:58:18.375] [modloading-worker-0/DEBUG] [net.minecraftforge.fml.javafmlmod.AutomaticEventSubscriber/LOADING]: Auto-subscribing net.mcreator.jujutsucraft.procedures.BlasterAwayProcedure to FORGE
[13Sep2026 20:58:18.376] [modloading-worker-0/DEBUG] [net.minecraftforge.fml.javafmlmod.AutomaticEventSubscriber/LOADING]: Auto-subscribing net.mcreator.jujutsucraft.procedures.AdvancementTsukumoProcedure to FORGE
[13Sep2026 20:58:18.377] [modloading-worker-0/DEBUG] [net.minecraftforge.fml.javafmlmod.AutomaticEventSubscriber/LOADING]: Auto-subscribing net.mcreator.jujutsucraft.procedures.AdvancementOtherProcedure to FORGE
[13Sep2026 20:58:18.378] [modloading-worker-0/DEBUG] [net.minecraftforge.fml.javafmlmod.AutomaticEventSubscriber/LOADING]: Auto-subscribing net.mcreator.jujutsucraft.procedures.AdvancementOkkotsuProcedure to FORGE
[13Sep2026 20:58:18.379] [modloading-worker-0/DEBUG] [net.minecraftforge.fml.javafmlmod.AutomaticEventSubscriber/LOADING]: Auto-subscribing net.mcreator.jujutsucraft.procedures.AdvancementMegumiProcedure to FORGE
[13Sep2026 20:58:18.379] [modloading-worker-0/DEBUG] [net.minecraftforge.fml.javafmlmod.AutomaticEventSubscriber/LOADING]: Auto-subscribing net.mcreator.jujutsucraft.procedures.AdvancementMahitoProcedure to FORGE
[13Sep2026 20:58:18.380] [modloading-worker-0/DEBUG] [net.minecraftforge.fml.javafmlmod.AutomaticEventSubscriber/LOADING]: Auto-subscribing net.mcreator.jujutsucraft.procedures.AdvancementKusakabeProcedure to FORGE
[13Sep2026 20:58:18.381] [modloading-worker-0/DEBUG] [net.minecraftforge.fml.javafmlmod.AutomaticEventSubscriber/LOADING]: Auto-subscribing net.mcreator.jujutsucraft.procedures.AdvancementJogoProcedure to FORGE
[13Sep2026 20:58:18.381] [modloading-worker-0/DEBUG] [net.minecraftforge.fml.javafmlmod.AutomaticEventSubscriber/LOADING]: Auto-subscribing net.mcreator.jujutsucraft.procedures.AdvancementItadoriProcedure to FORGE
[13Sep2026 20:58:18.382] [modloading-worker-0/DEBUG] [net.minecraftforge.fml.javafmlmod.AutomaticEventSubscriber/LOADING]: Auto-subscribing net.mcreator.jujutsucraft.procedures.AdvancementGojoProcedure to FORGE
[13Sep2026 20:58:18.383] [modloading-worker-0/DEBUG] [net.minecraftforge.fml.javafmlmod.AutomaticEventSubscriber/LOADING]: Auto-subscribing net.mcreator.jujutsucraft.procedures.AdvancementChosoProcedure to FORGE
[13Sep2026 20:58:18.384] [modloading-worker-0/DEBUG] [net.minecraftforge.fml.javafmlmod.AutomaticEventSubscriber/LOADING]: Auto-subscribing net.mcreator.jujutsucraft.network.SelectTechniqueButtonMessage to MOD
[13Sep2026 20:58:18.384] [modloading-worker-0/DEBUG] [mixin/]: Mixing SelectTechniqueButtonMessageMixin from geto_storage_fix.mixins.json into net.mcreator.jujutsucraft.network.SelectTechniqueButtonMessage
[13Sep2026 20:58:18.387] [modloading-worker-0/DEBUG] [net.minecraftforge.fml.javafmlmod.AutomaticEventSubscriber/LOADING]: Auto-subscribing net.mcreator.jujutsucraft.network.SelectTechnique2ButtonMessage to MOD
[13Sep2026 20:58:18.388] [modloading-worker-0/DEBUG] [net.minecraftforge.fml.javafmlmod.AutomaticEventSubscriber/LOADING]: Auto-subscribing net.mcreator.jujutsucraft.network.SelectProfessionButtonMessage to MOD
[13Sep2026 20:58:18.389] [modloading-worker-0/DEBUG] [net.minecraftforge.fml.javafmlmod.AutomaticEventSubscriber/LOADING]: Auto-subscribing net.mcreator.jujutsucraft.network.KeyUseMainSkillMessage to MOD
[13Sep2026 20:58:18.389] [modloading-worker-0/DEBUG] [net.minecraftforge.fml.javafmlmod.AutomaticEventSubscriber/LOADING]: Auto-subscribing net.mcreator.jujutsucraft.network.KeySwitchCursedTechniqueMessage to MOD
[13Sep2026 20:58:18.390] [modloading-worker-0/DEBUG] [net.minecraftforge.fml.javafmlmod.AutomaticEventSubscriber/LOADING]: Auto-subscribing net.mcreator.jujutsucraft.network.KeyStartTechniqueMessage to MOD
[13Sep2026 20:58:18.391] [modloading-worker-0/DEBUG] [net.minecraftforge.fml.javafmlmod.AutomaticEventSubscriber/LOADING]: Auto-subscribing net.mcreator.jujutsucraft.network.KeySpaceMessage to MOD
[13Sep2026 20:58:18.392] [modloading-worker-0/DEBUG] [net.minecraftforge.fml.javafmlmod.AutomaticEventSubscriber/LOADING]: Auto-subscribing net.mcreator.jujutsucraft.network.KeySimpleDomainMessage to MOD
[13Sep2026 20:58:18.392] [modloading-worker-0/DEBUG] [net.minecraftforge.fml.javafmlmod.AutomaticEventSubscriber/LOADING]: Auto-subscribing net.mcreator.jujutsucraft.network.KeyReverseCursedTechniqueMessage to MOD
[13Sep2026 20:58:18.393] [modloading-worker-0/DEBUG] [net.minecraftforge.fml.javafmlmod.AutomaticEventSubscriber/LOADING]: Auto-subscribing net.mcreator.jujutsucraft.network.KeyResetTechniqueMessage to MOD
[13Sep2026 20:58:18.394] [modloading-worker-0/DEBUG] [net.minecraftforge.fml.javafmlmod.AutomaticEventSubscriber/LOADING]: Auto-subscribing net.mcreator.jujutsucraft.network.KeyForwardMessage to MOD
[13Sep2026 20:58:18.395] [modloading-worker-0/DEBUG] [net.minecraftforge.fml.javafmlmod.AutomaticEventSubscriber/LOADING]: Auto-subscribing net.mcreator.jujutsucraft.network.KeyDomainAmplificationMessage to MOD
[13Sep2026 20:58:18.395] [modloading-worker-0/DEBUG] [net.minecraftforge.fml.javafmlmod.AutomaticEventSubscriber/LOADING]: Auto-subscribing net.mcreator.jujutsucraft.network.KeyDMessage to MOD
[13Sep2026 20:58:18.396] [modloading-worker-0/DEBUG] [net.minecraftforge.fml.javafmlmod.AutomaticEventSubscriber/LOADING]: Auto-subscribing net.mcreator.jujutsucraft.network.KeyChangeTechniqueMessage to MOD
[13Sep2026 20:58:18.397] [modloading-worker-0/DEBUG] [net.minecraftforge.fml.javafmlmod.AutomaticEventSubscriber/LOADING]: Auto-subscribing net.mcreator.jujutsucraft.network.KeyBackstepMessage to MOD
[13Sep2026 20:58:18.397] [modloading-worker-0/DEBUG] [net.minecraftforge.fml.javafmlmod.AutomaticEventSubscriber/LOADING]: Auto-subscribing net.mcreator.jujutsucraft.network.KeyAMessage to MOD
[13Sep2026 20:58:18.398] [modloading-worker-0/DEBUG] [net.minecraftforge.fml.javafmlmod.AutomaticEventSubscriber/LOADING]: Auto-subscribing net.mcreator.jujutsucraft.network.JujutsucraftModVariables to MOD
[13Sep2026 20:58:18.399] [modloading-worker-0/DEBUG] [net.minecraftforge.fml.javafmlmod.AutomaticEventSubscriber/LOADING]: Auto-subscribing net.mcreator.jujutsucraft.network.JujutsucraftModVariables$PlayerVariablesProvider to FORGE
[13Sep2026 20:58:18.400] [modloading-worker-0/DEBUG] [net.minecraftforge.fml.javafmlmod.AutomaticEventSubscriber/LOADING]: Auto-subscribing net.mcreator.jujutsucraft.network.JujutsucraftModVariables$EventBusVariableHandlers to FORGE
[13Sep2026 20:58:18.402] [modloading-worker-0/DEBUG] [mixin/]: Mixing JJCMapVariablesMixin from jjcnbtfix.mixins.json into net.mcreator.jujutsucraft.network.JujutsucraftModVariables$MapVariables
[13Sep2026 20:58:18.405] [modloading-worker-0/DEBUG] [net.minecraftforge.fml.javafmlmod.AutomaticEventSubscriber/LOADING]: Auto-subscribing net.mcreator.jujutsucraft.init.JujutsucraftModVillagerProfessions to MOD
[13Sep2026 20:58:18.406] [modloading-worker-0/DEBUG] [net.minecraftforge.fml.javafmlmod.AutomaticEventSubscriber/LOADING]: Auto-subscribing net.mcreator.jujutsucraft.init.JujutsucraftModTrades to FORGE
[13Sep2026 20:58:18.406] [modloading-worker-0/DEBUG] [net.minecraftforge.fml.javafmlmod.AutomaticEventSubscriber/LOADING]: Auto-subscribing net.mcreator.jujutsucraft.init.JujutsucraftModTabs to MOD
[13Sep2026 20:58:18.407] [modloading-worker-0/DEBUG] [net.minecraftforge.fml.javafmlmod.AutomaticEventSubscriber/LOADING]: Auto-subscribing net.mcreator.jujutsucraft.init.JujutsucraftModMenus to MOD
[13Sep2026 20:58:18.407] [modloading-worker-0/DEBUG] [net.minecraftforge.fml.javafmlmod.AutomaticEventSubscriber/LOADING]: Auto-subscribing net.mcreator.jujutsucraft.init.JujutsucraftModGameRules to MOD
[13Sep2026 20:58:18.407] [modloading-worker-0/DEBUG] [net.minecraftforge.fml.javafmlmod.AutomaticEventSubscriber/LOADING]: Auto-subscribing net.mcreator.jujutsucraft.init.JujutsucraftModEntities to MOD
[13Sep2026 20:58:18.408] [modloading-worker-0/DEBUG] [net.minecraftforge.fml.javafmlmod.AutomaticEventSubscriber/LOADING]: Auto-subscribing net.mcreator.jujutsucraft.init.JujutsucraftModAttributes to MOD
[13Sep2026 20:58:18.408] [modloading-worker-0/DEBUG] [net.minecraftforge.fml.javafmlmod.AutomaticEventSubscriber/LOADING]: Auto-subscribing net.mcreator.jujutsucraft.init.JujutsucraftModAttributes$PlayerAttributesSync to FORGE
[13Sep2026 20:58:18.409] [modloading-worker-0/DEBUG] [net.minecraftforge.fml.javafmlmod.AutomaticEventSubscriber/LOADING]: Auto-subscribing net.mcreator.jujutsucraft.init.ItemAnimationFactory to FORGE
[13Sep2026 20:58:18.410] [modloading-worker-0/DEBUG] [net.minecraftforge.fml.javafmlmod.AutomaticEventSubscriber/LOADING]: Auto-subscribing net.mcreator.jujutsucraft.init.EntityAnimationFactory to FORGE
[13Sep2026 20:58:18.410] [modloading-worker-0/DEBUG] [net.minecraftforge.fml.javafmlmod.AutomaticEventSubscriber/LOADING]: Auto-subscribing net.mcreator.jujutsucraft.init.ArmorAnimationFactory to FORGE
[13Sep2026 20:58:18.411] [modloading-worker-0/DEBUG] [net.minecraftforge.fml.javafmlmod.AutomaticEventSubscriber/LOADING]: Auto-subscribing net.mcreator.jujutsucraft.command.JujutsucraftCursePowerCommand to FORGE
[13Sep2026 20:58:18.412] [modloading-worker-0/DEBUG] [net.minecraftforge.fml.javafmlmod.AutomaticEventSubscriber/LOADING]: Auto-subscribing net.mcreator.jujutsucraft.command.JujutsuHealCommand to FORGE
[13Sep2026 20:58:18.412] [modloading-worker-0/DEBUG] [net.minecraftforge.fml.javafmlmod.AutomaticEventSubscriber/LOADING]: Auto-subscribing net.mcreator.jujutsucraft.command.JudgemanAnswerCommand to FORGE
[13Sep2026 20:58:18.413] [modloading-worker-0/DEBUG] [net.minecraftforge.fml.javafmlmod.AutomaticEventSubscriber/LOADING]: Auto-subscribing net.mcreator.jujutsucraft.command.CommandVillagersCommand to FORGE
[13Sep2026 20:58:18.414] [modloading-worker-0/DEBUG] [net.minecraftforge.fml.javafmlmod.AutomaticEventSubscriber/LOADING]: Auto-subscribing net.mcreator.jujutsucraft.command.BlastGameCommand to FORGE
[13Sep2026 20:58:18.414] [modloading-worker-0/DEBUG] [net.minecraftforge.fml.javafmlmod.AutomaticEventSubscriber/LOADING]: Auto-subscribing net.mcreator.jujutsucraft.PacketHandler to MOD
[13Sep2026 20:58:18.416] [modloading-worker-0/DEBUG] [net.minecraftforge.fml.javafmlmod.AutomaticEventSubscriber/LOADING]: Auto-subscribing net.mcreator.jujutsucraft.JujutsucraftConfig to FORGE
[13Sep2026 20:58:18.417] [modloading-worker-0/DEBUG] [net.minecraftforge.fml.config.ConfigTracker/CONFIG]: Config file jujutsucraft.toml for jujutsucraft tracking
[13Sep2026 20:58:18.418] [main/FATAL] [net.minecraftforge.fml.ModLoader/LOADING]: Failed to complete lifecycle event CONSTRUCT, 5 errors found
[13Sep2026 20:58:18.437] [main/DEBUG] [net.minecraftforge.common.ForgeI18n/CORE]: Loading I18N data entries: 6430
[13Sep2026 20:58:18.440] [main/DEBUG] [oshi.util.FileUtil/]: Reading file /sys/devices/system/cpu/cpu0/topology/core_id
[13Sep2026 20:58:18.440] [main/DEBUG] [oshi.util.FileUtil/]: Reading file /sys/devices/system/cpu/cpu0/topology/core_id
[13Sep2026 20:58:18.440] [main/DEBUG] [oshi.util.FileUtil/]: Reading file /sys/devices/system/cpu/cpu0/topology/physical_package_id
[13Sep2026 20:58:18.440] [main/DEBUG] [oshi.util.FileUtil/]: Reading file /sys/devices/system/cpu/cpu0/topology/physical_package_id
[13Sep2026 20:58:18.440] [main/DEBUG] [oshi.util.FileUtil/]: Reading file /sys/devices/system/cpu/cpu0/cpu_capacity
[13Sep2026 20:58:18.441] [main/DEBUG] [oshi.util.FileUtil/]: Reading file /sys/devices/system/cpu/cpu1/topology/core_id
[13Sep2026 20:58:18.441] [main/DEBUG] [oshi.util.FileUtil/]: Reading file /sys/devices/system/cpu/cpu1/topology/core_id
[13Sep2026 20:58:18.441] [main/DEBUG] [oshi.util.FileUtil/]: Reading file /sys/devices/system/cpu/cpu1/topology/physical_package_id
[13Sep2026 20:58:18.441] [main/DEBUG] [oshi.util.FileUtil/]: Reading file /sys/devices/system/cpu/cpu1/topology/physical_package_id
[13Sep2026 20:58:18.441] [main/DEBUG] [oshi.util.FileUtil/]: Reading file /sys/devices/system/cpu/cpu1/cpu_capacity
[13Sep2026 20:58:18.442] [main/DEBUG] [oshi.util.FileUtil/]: Reading file /sys/devices/system/cpu/cpu2/topology/core_id
[13Sep2026 20:58:18.442] [main/DEBUG] [oshi.util.FileUtil/]: Reading file /sys/devices/system/cpu/cpu2/topology/core_id
[13Sep2026 20:58:18.442] [main/DEBUG] [oshi.util.FileUtil/]: Reading file /sys/devices/system/cpu/cpu2/topology/physical_package_id
[13Sep2026 20:58:18.442] [main/DEBUG] [oshi.util.FileUtil/]: Reading file /sys/devices/system/cpu/cpu2/topology/physical_package_id
[13Sep2026 20:58:18.442] [main/DEBUG] [oshi.util.FileUtil/]: Reading file /sys/devices/system/cpu/cpu2/cpu_capacity
[13Sep2026 20:58:18.443] [main/DEBUG] [oshi.util.FileUtil/]: Reading file /sys/devices/system/cpu/cpu3/topology/core_id
[13Sep2026 20:58:18.443] [main/DEBUG] [oshi.util.FileUtil/]: Reading file /sys/devices/system/cpu/cpu3/topology/core_id
[13Sep2026 20:58:18.443] [main/DEBUG] [oshi.util.FileUtil/]: Reading file /sys/devices/system/cpu/cpu3/topology/physical_package_id
[13Sep2026 20:58:18.443] [main/DEBUG] [oshi.util.FileUtil/]: Reading file /sys/devices/system/cpu/cpu3/topology/physical_package_id
[13Sep2026 20:58:18.443] [main/DEBUG] [oshi.util.FileUtil/]: Reading file /sys/devices/system/cpu/cpu3/cpu_capacity
[13Sep2026 20:58:18.443] [main/DEBUG] [oshi.util.FileUtil/]: Reading file /proc/cpuinfo
[13Sep2026 20:58:18.455] [main/DEBUG] [oshi.util.FileUtil/]: Reading file /proc/self/auxv
[13Sep2026 20:58:18.458] [main/DEBUG] [oshi.util.FileUtil/]: No oshi.architecture.properties file found from ClassLoader cpw.mods.modlauncher.TransformingClassLoader@7f8c3646
[13Sep2026 20:58:18.458] [main/DEBUG] [oshi.util.FileUtil/]: No oshi.architecture.properties file found from ClassLoader jdk.internal.loader.ClassLoaders$AppClassLoader@76ed5528
[13Sep2026 20:58:18.479] [main/DEBUG] [oshi.util.FileUtil/]: Reading file /proc/meminfo
[13Sep2026 20:58:18.479] [main/DEBUG] [oshi.util.FileUtil/]: Reading file /proc/meminfo
[13Sep2026 20:58:18.489] [main/INFO] [STDOUT/]: [net.minecraft.CrashReport:m_127516_:166]: Negative index in crash report handler (18/20)
[13Sep2026 20:58:18.507] [main/DEBUG] [mixin/]: Mixing core.CrashReportAnalyserMixin from modernfix-modernfix.mixins.json into net.minecraftforge.logging.CrashReportAnalyser
[13Sep2026 20:58:18.508] [main/DEBUG] [mixin/]: Renaming synthetic method lambda$removeOurselvesFromSuspectedMods$0(Lnet/minecraftforge/forgespi/language/IModInfo;)Z to mdbf378c$lambda$removeOurselvesFromSuspectedMods$0$0 in modernfix-modernfix.mixins.json:core.CrashReportAnalyserMixin
[13Sep2026 20:58:18.516] [main/DEBUG] [mixin/]: Mixing LevelStorageSourceMixin from fastasyncworldsave.mixins.json into net.minecraft.world.level.storage.LevelStorageSource$LevelStorageAccess
[13Sep2026 20:58:18.516] [main/DEBUG] [mixin/]: Renaming synthetic method lambda$writeAsync$0(Lnet/minecraft/nbt/CompoundTag;)V to mdbf378c$lambda$writeAsync$0$0 in fastasyncworldsave.mixins.json:LevelStorageSourceMixin
[13Sep2026 20:58:18.518] [main/DEBUG] [mixin/]: Mixing LevelStorageSessionMixin from fabric-registry-sync-v0.mixins.json into net.minecraft.world.level.storage.LevelStorageSource$LevelStorageAccess
[13Sep2026 20:58:18.518] [main/DEBUG] [mixin/]: fabric-registry-sync-v0.mixins.json:LevelStorageSessionMixin: Class version 61 required is higher than the class version supported by the current version of Mixin (JAVA_16 supports class version 60)
[13Sep2026 20:58:18.579] [main/FATAL] [net.minecraftforge.common.ForgeMod/]: Preparing crash report with UUID 1a08159d-26da-44b3-83d4-9e719fff1607
[13Sep2026 20:58:18.587] [main/FATAL] [net.minecraftforge.server.loading.ServerModLoader/]: Crash report saved to ./crash-reports/crash-2026-09-13_20.58.18-fml.txt
[13Sep2026 20:58:18.606] [main/FATAL] [net.minecraftforge.common.ForgeMod/]: Preparing crash report with UUID 8683efa3-160e-4685-9187-70e428e2ce9a
[13Sep2026 20:58:18.645] [main/ERROR] [net.minecraft.server.Main/FATAL]: Failed to start the minecraft server
net.minecraftforge.fml.LoadingFailedException: Loading errors encountered: [
	AlmirionAPI (almirionapi) has failed to load correctly
§7java.lang.NoSuchMethodException: com.jjcaddons.almirionapi.AlmirionApiMod.<init>(),
	Almirion Utilities (almirion_utilities) has failed to load correctly
§7java.lang.NoSuchMethodError: 'net.minecraft.resources.ResourceLocation net.minecraft.resources.ResourceLocation.fromNamespaceAndPath(java.lang.String, java.lang.String)',
	Slyrien's Jujutsu Addon (slyrienjujutsu) has failed to load correctly
§7java.lang.NoSuchMethodError: 'net.minecraft.resources.ResourceLocation net.minecraft.resources.ResourceLocation.fromNamespaceAndPath(java.lang.String, java.lang.String)',
	Slyrien's Modern Jujutsu (slyrienmodern) has failed to load correctly
§7java.lang.RuntimeException: Attempted to load class net/minecraft/client/Options for invalid dist DEDICATED_SERVER,
	Geto Storage Fix (geto_storage_fix) has failed to load correctly
§7java.lang.NoSuchMethodException: com.example.examplemod.ExampleMod.<init>()
]
	at net.minecraftforge.fml.ModLoader.waitForTransition(ModLoader.java:246) ~[fmlcore-1.20.1-47.3.7.jar%23282!/:?]
	at net.minecraftforge.fml.ModLoader.lambda$dispatchAndHandleError$20(ModLoader.java:210) ~[fmlcore-1.20.1-47.3.7.jar%23282!/:?]
	at java.util.Optional.ifPresent(Optional.java:178) ~[?:?]
	at net.minecraftforge.fml.ModLoader.dispatchAndHandleError(ModLoader.java:210) ~[fmlcore-1.20.1-47.3.7.jar%23282!/:?]
	at net.minecraftforge.fml.ModLoader.lambda$gatherAndInitializeMods$13(ModLoader.java:183) ~[fmlcore-1.20.1-47.3.7.jar%23282!/:?]
	at java.lang.Iterable.forEach(Iterable.java:75) ~[?:?]
	at net.minecraftforge.fml.ModLoader.gatherAndInitializeMods(ModLoader.java:183) ~[fmlcore-1.20.1-47.3.7.jar%23282!/:?]
	at net.minecraftforge.server.loading.ServerModLoader.load(ServerModLoader.java:30) ~[forge-1.20.1-47.3.7-universal.jar%23286!/:?]
	at net.minecraft.server.Main.main(Main.java:125) ~[server-1.20.1-20230612.114412-srg.jar%23281!/:?]
	at jdk.internal.reflect.NativeMethodAccessorImpl.invoke0(Native Method) ~[?:?]
	at jdk.internal.reflect.NativeMethodAccessorImpl.invoke(NativeMethodAccessorImpl.java:77) ~[?:?]
	at jdk.internal.reflect.DelegatingMethodAccessorImpl.invoke(DelegatingMethodAccessorImpl.java:43) ~[?:?]
	at java.lang.reflect.Method.invoke(Method.java:569) ~[?:?]
	at net.minecraftforge.fml.loading.targets.CommonLaunchHandler.runTarget(CommonLaunchHandler.java:111) ~[fmlloader-1.20.1-47.3.7.jar%2369!/:?]
	at net.minecraftforge.fml.loading.targets.CommonLaunchHandler.serverService(CommonLaunchHandler.java:103) ~[fmlloader-1.20.1-47.3.7.jar%2369!/:?]
	at net.minecraftforge.fml.loading.targets.CommonServerLaunchHandler.lambda$makeService$0(CommonServerLaunchHandler.java:27) ~[fmlloader-1.20.1-47.3.7.jar%2369!/:?]
	at cpw.mods.modlauncher.LaunchServiceHandlerDecorator.launch(LaunchServiceHandlerDecorator.java:30) ~[modlauncher-10.0.9.jar%2355!/:?]
	at cpw.mods.modlauncher.LaunchServiceHandler.launch(LaunchServiceHandler.java:53) ~[modlauncher-10.0.9.jar%2355!/:?]
	at cpw.mods.modlauncher.LaunchServiceHandler.launch(LaunchServiceHandler.java:71) ~[modlauncher-10.0.9.jar%2355!/:?]
	at cpw.mods.modlauncher.Launcher.run(Launcher.java:108) ~[modlauncher-10.0.9.jar%2355!/:?]
	at cpw.mods.modlauncher.Launcher.main(Launcher.java:78) ~[modlauncher-10.0.9.jar%2355!/:?]
	at cpw.mods.modlauncher.BootstrapLaunchConsumer.accept(BootstrapLaunchConsumer.java:26) ~[modlauncher-10.0.9.jar%2355!/:?]
	at cpw.mods.modlauncher.BootstrapLaunchConsumer.accept(BootstrapLaunchConsumer.java:23) ~[modlauncher-10.0.9.jar%2355!/:?]
	at cpw.mods.bootstraplauncher.BootstrapLauncher.main(BootstrapLauncher.java:141) ~[bootstraplauncher-1.1.2.jar:?]
